#include "font_cn_12x12.h"

const CnGlyph font_cn_table[] = {
  {0x4E00, {0x00,0x00,0x00,0x00,0x00,0x00,0x00,0x00,0x00,0x00,0xFF,0xE0,0x00,0x00,0x00,0x00,0x00,0x00,0x00,0x00,0x00,0x00,0x00,0x00}},
  {0x4E01, {0xFF,0xE0,0x04,0x00,0x04,0x00,0x04,0x00,0x04,0x00,0x04,0x00,0x04,0x00,0x04,0x00,0x04,0x00,0x04,0x00,0x1C,0x00,0x00,0x00}},
  {0x4E03, {0x08,0x00,0x08,0x00,0x08,0x00,0x0F,0xE0,0xF8,0x00,0x08,0x00,0x08,0x00,0x08,0x00,0x08,0x20,0x08,0x20,0x07,0xE0,0x00,0x00}},
  {0x4E07, {0xFF,0xE0,0x10,0x00,0x10,0x00,0x10,0x00,0x1F,0xC0,0x10,0x40,0x10,0x40,0x20,0x40,0x20,0x40,0x40,0x40,0x83,0x80,0x00,0x00}},
  {0x4E08, {0x01,0x00,0x01,0x00,0xFF,0xE0,0x01,0x00,0x21,0x00,0x21,0x00,0x12,0x00,0x0A,0x00,0x04,0x00,0x1B,0x00,0x60,0xE0,0x00,0x00}},
  {0x4E09, {0x7F,0xC0,0x00,0x00,0x00,0x00,0x00,0x00,0x00,0x00,0x3F,0x80,0x00,0x00,0x00,0x00,0x00,0x00,0x00,0x00,0xFF,0xE0,0x00,0x00}},
  {0x4E0A, {0x08,0x00,0x08,0x00,0x08,0x00,0x0F,0xC0,0x08,0x00,0x08,0x00,0x08,0x00,0x08,0x00,0x08,0x00,0x08,0x00,0xFF,0xE0,0x00,0x00}},
  {0x4E0B, {0xFF,0xE0,0x08,0x00,0x08,0x00,0x0A,0x00,0x09,0x00,0x08,0x80,0x08,0x40,0x08,0x40,0x08,0x00,0x08,0x00,0x08,0x00,0x00,0x00}},
  {0x4E0D, {0xFF,0xE0,0x02,0x00,0x02,0x00,0x04,0x00,0x0D,0x00,0x14,0x80,0x24,0x40,0xC4,0x20,0x04,0x00,0x04,0x00,0x04,0x00,0x00,0x00}},
  {0x4E0E, {0x20,0x00,0x3F,0xE0,0x40,0x00,0x40,0x00,0x7F,0xC0,0x00,0x40,0x00,0x40,0xFF,0x40,0x00,0x40,0x00,0x40,0x03,0x80,0x00,0x00}},
  {0x4E10, {0xFF,0xE0,0x04,0x00,0x04,0x00,0x47,0xE0,0x44,0x00,0x44,0x00,0x7F,0xE0,0x00,0x20,0x00,0x20,0x00,0x20,0x00,0xC0,0x00,0x00}},
  {0x4E11, {0x7F,0x80,0x08,0x80,0x08,0x80,0x08,0x80,0x08,0x80,0x7F,0x80,0x10,0x80,0x10,0x80,0x10,0x80,0x10,0x80,0xFF,0xE0,0x00,0x00}},
  {0x4E13, {0x04,0x00,0x7F,0xC0,0x08,0x00,0x08,0x00,0xFF,0xE0,0x10,0x00,0x3F,0x80,0x00,0x80,0x39,0x00,0x07,0x00,0x00,0x80,0x00,0x00}},
  {0x4E14, {0x3F,0x80,0x20,0x80,0x20,0x80,0x3F,0x80,0x20,0x80,0x20,0x80,0x3F,0x80,0x20,0x80,0x20,0x80,0x20,0x80,0xFF,0xE0,0x00,0x00}},
  {0x4E16, {0x24,0x80,0x24,0x80,0x24,0x80,0xFF,0xE0,0x24,0x80,0x24,0x80,0x24,0x80,0x27,0x80,0x20,0x00,0x20,0x00,0x3F,0xE0,0x00,0x00}},
  {0x4E18, {0x3E,0x00,0x20,0x00,0x20,0x00,0x20,0x00,0x3F,0xC0,0x21,0x00,0x21,0x00,0x21,0x00,0x21,0x00,0x21,0x00,0xFF,0xE0,0x00,0x00}},
  {0x4E19, {0xFF,0xE0,0x04,0x00,0x04,0x00,0xFF,0xE0,0x84,0x20,0x84,0x20,0x8A,0x20,0x91,0x20,0xA0,0xA0,0x80,0x20,0x80,0x60,0x00,0x00}},
  {0x4E1A, {0x11,0x00,0x11,0x00,0x11,0x00,0x91,0x20,0x51,0x40,0x31,0x80,0x11,0x00,0x11,0x00,0x11,0x00,0x11,0x00,0xFF,0xE0,0x00,0x00}},
  {0x4E1B, {0x11,0x00,0x11,0x00,0x11,0x00,0x12,0x80,0x2A,0x80,0x2A,0x80,0x44,0x40,0x44,0x40,0x88,0x20,0x00,0x00,0xFF,0xE0,0x00,0x00}},
  {0x4E1C, {0x08,0x00,0xFF,0xE0,0x10,0x00,0x24,0x00,0x44,0x00,0x7F,0xC0,0x04,0x00,0x24,0x80,0x44,0x40,0x84,0x20,0x0C,0x00,0x00,0x00}},
  {0x4E1D, {0x20,0x80,0x41,0x00,0x8A,0x20,0xF3,0xC0,0x20,0x80,0x41,0x00,0x82,0x00,0xFB,0xE0,0x00,0x00,0x00,0x00,0xFF,0xE0,0x00,0x00}},
  {0x4E22, {0x7C,0x00,0x04,0x00,0x04,0x00,0x7F,0xC0,0x04,0x00,0x04,0x00,0xFF,0xE0,0x10,0x00,0x20,0x80,0x7F,0xC0,0x00,0x40,0x00,0x00}},
  {0x4E24, {0xFF,0xE0,0x11,0x00,0x11,0x00,0xFF,0xE0,0x91,0x20,0x91,0x20,0xAA,0xA0,0xC4,0x60,0x88,0x20,0x80,0x20,0x80,0x60,0x00,0x00}},
  {0x4E25, {0x7F,0xE0,0x09,0x00,0x29,0x40,0x19,0x80,0x09,0x00,0x7F,0xE0,0x40,0x00,0x40,0x00,0x40,0x00,0x40,0x00,0x80,0x00,0x00,0x00}},
  {0x4E27, {0x04,0x00,0x7F,0xC0,0x04,0x00,0x24,0x80,0x15,0x00,0xFF,0xE0,0x24,0x40,0x22,0x80,0x21,0x00,0x28,0x80,0x30,0x60,0x00,0x00}},
  {0x4E2A, {0x04,0x00,0x0A,0x00,0x11,0x00,0x24,0x80,0xC4,0x60,0x04,0x00,0x04,0x00,0x04,0x00,0x04,0x00,0x04,0x00,0x04,0x00,0x00,0x00}},
  {0x4E2D, {0x04,0x00,0x04,0x00,0x7F,0xC0,0x44,0x40,0x44,0x40,0x44,0x40,0x7F,0xC0,0x44,0x40,0x04,0x00,0x04,0x00,0x04,0x00,0x00,0x00}},
  {0x4E30, {0x04,0x00,0xFF,0xE0,0x04,0x00,0x04,0x00,0x7F,0xC0,0x04,0x00,0x04,0x00,0xFF,0xE0,0x04,0x00,0x04,0x00,0x04,0x00,0x00,0x00}},
  {0x4E32, {0x7F,0xC0,0x44,0x40,0x44,0x40,0x7F,0xC0,0x04,0x00,0xFF,0xE0,0x84,0x20,0x84,0x20,0xFF,0xE0,0x84,0x20,0x04,0x00,0x00,0x00}},
  {0x4E34, {0x24,0x00,0xA7,0xE0,0xA9,0x00,0xB0,0x80,0xA0,0x00,0xAF,0xE0,0xA9,0x20,0xA9,0x20,0x29,0x20,0x2F,0xE0,0x28,0x20,0x00,0x00}},
  {0x4E38, {0x10,0x00,0x10,0x00,0xFF,0x00,0x11,0x00,0x51,0x00,0x31,0x00,0x11,0x00,0x29,0x00,0x25,0x20,0x41,0x20,0x80,0xE0,0x00,0x00}},
  {0x4E39, {0x3F,0xC0,0x20,0x40,0x24,0x40,0x22,0x40,0x20,0x40,0xFF,0xE0,0x20,0x40,0x20,0x40,0x40,0x40,0x40,0x40,0x81,0xC0,0x00,0x00}},
  {0x4E3A, {0x22,0x00,0x12,0x00,0x7F,0xE0,0x04,0x20,0x04,0x20,0x0A,0x20,0x09,0x20,0x11,0x20,0x20,0x20,0x40,0x20,0x81,0xC0,0x00,0x00}},
  {0x4E3B, {0x04,0x00,0x00,0x00,0x7F,0xC0,0x04,0x00,0x04,0x00,0x04,0x00,0x7F,0xC0,0x04,0x00,0x04,0x00,0x04,0x00,0xFF,0xE0,0x00,0x00}},
  {0x4E3D, {0xFF,0xE0,0x00,0x00,0x7B,0xC0,0x4A,0x40,0x4A,0x40,0x6B,0x40,0x5A,0xC0,0x4A,0x40,0x4A,0x40,0x4A,0x40,0x5A,0xC0,0x00,0x00}},
  {0x4E3E, {0x44,0x40,0x20,0x80,0xFF,0xE0,0x11,0x00,0x24,0x80,0xC4,0x60,0x7F,0xC0,0x04,0x00,0xFF,0xE0,0x04,0x00,0x04,0x00,0x00,0x00}},
  {0x4E43, {0x7F,0xC0,0x10,0x40,0x10,0x80,0x10,0x80,0x11,0x00,0x11,0xE0,0x10,0x20,0x20,0x20,0x20,0x20,0x40,0x20,0x81,0xC0,0x00,0x00}},
  {0x4E45, {0x20,0x00,0x3F,0x80,0x20,0x80,0x41,0x00,0x41,0x00,0x82,0x00,0x04,0x00,0x0A,0x00,0x11,0x00,0x20,0x80,0xC0,0x60,0x00,0x00}},
  {0x4E48, {0x04,0x00,0x08,0x80,0x08,0x80,0x11,0x00,0x21,0x00,0x42,0x00,0x84,0x00,0x08,0x80,0x10,0x40,0x3F,0xE0,0x00,0x20,0x00,0x00}},
  {0x4E49, {0x04,0x40,0x44,0x40,0x40,0x80,0x20,0x80,0x11,0x00,0x0A,0x00,0x04,0x00,0x0A,0x00,0x11,0x00,0x20,0x80,0xC0,0x60,0x00,0x00}},
  {0x4E4B, {0x04,0x00,0x00,0x00,0x7F,0xC0,0x00,0x80,0x01,0x00,0x02,0x00,0x04,0x00,0x08,0x00,0x10,0x00,0x28,0x00,0x47,0xE0,0x00,0x00}},
  {0x4E4C, {0x3F,0x80,0x20,0x80,0x20,0x80,0x21,0x80,0x20,0x00,0x3F,0xE0,0x00,0x20,0x00,0x20,0xFF,0xA0,0x00,0x20,0x01,0xC0,0x00,0x00}},
  {0x4E4D, {0x20,0x00,0x3F,0xE0,0x48,0x00,0x48,0x00,0x8F,0xC0,0x08,0x00,0x08,0x00,0x0F,0xE0,0x08,0x00,0x08,0x00,0x08,0x00,0x00,0x00}},
  {0x4E4E, {0x7C,0x00,0x04,0x00,0x44,0x40,0x24,0x80,0x04,0x00,0xFF,0xE0,0x04,0x00,0x04,0x00,0x04,0x00,0x04,0x00,0x1C,0x00,0x00,0x00}},
  {0x4E4F, {0xFC,0x00,0x00,0x00,0x08,0x00,0x04,0x00,0xFF,0xC0,0x00,0x80,0x03,0x00,0x0C,0x00,0x10,0x00,0x60,0x00,0x9F,0xE0,0x00,0x00}},
  {0x4E50, {0x7C,0x00,0x40,0x00,0x44,0x00,0x44,0x00,0x7F,0xC0,0x04,0x00,0x24,0x80,0x24,0x40,0x44,0x20,0x84,0x20,0x1C,0x00,0x00,0x00}},
  {0x4E52, {0x3E,0x00,0x20,0x00,0x20,0x00,0x3F,0xC0,0x21,0x00,0x21,0x00,0x21,0x00,0xFF,0xE0,0x10,0x00,0x20,0x00,0x40,0x00,0x00,0x00}},
  {0x4E53, {0x3E,0x00,0x20,0x00,0x20,0x00,0x3F,0xC0,0x21,0x00,0x21,0x00,0x21,0x00,0xFF,0xE0,0x01,0x00,0x00,0x80,0x00,0x40,0x00,0x00}},
  {0x4E54, {0x7C,0x00,0x04,0x00,0xFF,0xE0,0x0A,0x00,0x11,0x00,0x20,0x80,0xD1,0x60,0x11,0x00,0x11,0x00,0x21,0x00,0x41,0x00,0x00,0x00}},
  {0x4E56, {0x3C,0x00,0x04,0x00,0xFF,0xE0,0x15,0x00,0x15,0x40,0xF5,0x80,0x15,0x20,0x35,0x20,0xD4,0xE0,0x04,0x00,0x04,0x00,0x00,0x00}},
  {0x4E58, {0x7C,0x00,0x04,0x00,0xFF,0xE0,0x15,0x00,0xF5,0x40,0x15,0x80,0x35,0x20,0xCE,0xE0,0x15,0x00,0x24,0x80,0xC4,0x60,0x00,0x00}},
  {0x4E59, {0xFF,0x80,0x01,0x00,0x02,0x00,0x04,0x00,0x08,0x00,0x10,0x00,0x20,0x00,0x40,0x40,0x40,0x40,0x40,0x40,0x3F,0xC0,0x00,0x00}},
  {0x4E5D, {0x10,0x00,0x10,0x00,0xFF,0x00,0x11,0x00,0x11,0x00,0x11,0x00,0x11,0x00,0x21,0x00,0x21,0x20,0x41,0x20,0x80,0xE0,0x00,0x00}},
  {0x4E5E, {0x20,0x00,0x3F,0xC0,0x40,0x00,0x40,0x00,0xBF,0x80,0x03,0x00,0x0C,0x00,0x10,0x00,0x20,0x40,0x20,0x40,0x1F,0xC0,0x00,0x00}},
  {0x4E5F, {0x24,0x00,0x24,0xC0,0x27,0x40,0x3C,0x40,0xE4,0x40,0x24,0x40,0x24,0xC0,0x24,0x00,0x20,0x20,0x20,0x20,0x1F,0xE0,0x00,0x00}},
  {0x4E60, {0x7F,0xC0,0x00,0x40,0x20,0x40,0x10,0x40,0x08,0x40,0x01,0x40,0x06,0x40,0x18,0x40,0xE0,0x40,0x00,0x40,0x03,0x80,0x00,0x00}},
  {0x4E61, {0x10,0x00,0x20,0x80,0x41,0x00,0x7E,0x00,0x0C,0x20,0x30,0x20,0x7F,0xC0,0x00,0x80,0x03,0x00,0x0C,0x00,0xF0,0x00,0x00,0x00}},
  {0x4E66, {0x08,0x40,0x7F,0x80,0x08,0x80,0x08,0x80,0x08,0x80,0xFF,0xE0,0x08,0x20,0x08,0x20,0x08,0x20,0x08,0xC0,0x08,0x00,0x00,0x00}},
  {0x4E70, {0x7F,0xC0,0x00,0x40,0x12,0x00,0x0A,0x00,0x22,0x00,0x12,0x00,0xFF,0xE0,0x04,0x00,0x09,0x80,0x30,0x40,0xC0,0x20,0x00,0x00}},
  {0x4E71, {0x71,0x00,0x11,0x00,0x11,0x00,0xFF,0x00,0x11,0x00,0x11,0x00,0x7D,0x00,0x45,0x00,0x45,0x20,0x7D,0x20,0x44,0xE0,0x00,0x00}},
  {0x4E73, {0xF0,0x80,0x22,0x80,0x94,0x80,0x40,0x80,0xFC,0x80,0x08,0x80,0x10,0x80,0x1E,0x80,0xF0,0xA0,0x10,0xA0,0x30,0x60,0x00,0x00}},
  {0x4E7E, {0xF9,0x00,0x23,0xE0,0xFC,0x00,0x88,0x00,0xFB,0xC0,0x88,0x40,0xF8,0x80,0x21,0x00,0xFA,0x20,0x22,0x20,0x21,0xE0,0x00,0x00}},
  {0x4E86, {0x7F,0xC0,0x00,0x40,0x00,0x80,0x01,0x00,0x02,0x00,0x02,0x00,0x02,0x00,0x02,0x00,0x02,0x00,0x02,0x00,0x0E,0x00,0x00,0x00}},
  {0x4E88, {0x00,0x80,0x19,0x00,0x06,0x00,0x01,0x00,0xFF,0xE0,0x04,0x20,0x04,0x40,0x04,0x80,0x04,0x00,0x04,0x00,0x1C,0x00,0x00,0x00}},
  {0x4E89, {0x3F,0x00,0x41,0x00,0x82,0x00,0x7F,0xC0,0x04,0x40,0xFF,0xE0,0x04,0x40,0x7F,0xC0,0x04,0x40,0x04,0x00,0x1C,0x00,0x00,0x00}},
  {0x4E8B, {0xFF,0xE0,0x24,0x80,0x3F,0x80,0x04,0x00,0x7F,0xC0,0x04,0x40,0xFF,0xE0,0x04,0x40,0x7F,0xC0,0x04,0x00,0x0C,0x00,0x00,0x00}},
  {0x4E8C, {0x00,0x00,0x7F,0xC0,0x00,0x00,0x00,0x00,0x00,0x00,0x00,0x00,0x00,0x00,0x00,0x00,0x00,0x00,0xFF,0xE0,0x00,0x00,0x00,0x00}},
  {0x4E8E, {0x04,0x00,0x04,0x00,0x04,0x00,0x04,0x00,0xFF,0xE0,0x04,0x00,0x04,0x00,0x04,0x00,0x04,0x00,0x04,0x00,0x1C,0x00,0x00,0x00}},
  {0x4E8F, {0x7F,0xC0,0x00,0x00,0x00,0x00,0xFF,0xE0,0x10,0x00,0x20,0x00,0x3F,0xC0,0x00,0x40,0x00,0x40,0x00,0x40,0x01,0x80,0x00,0x00}},
  {0x4E91, {0x3F,0x80,0x00,0x00,0x00,0x00,0x00,0x00,0xFF,0xE0,0x04,0x00,0x08,0x00,0x11,0x00,0x20,0x80,0x7F,0xC0,0x00,0x40,0x00,0x00}},
  {0x4E92, {0xFF,0xE0,0x20,0x00,0x20,0x00,0x3F,0x80,0x20,0x80,0x40,0x80,0x40,0x80,0x7F,0x00,0x01,0x00,0x01,0x00,0xFF,0xE0,0x00,0x00}},
  {0x4E94, {0xFF,0xC0,0x08,0x00,0x08,0x00,0x08,0x00,0x7F,0x80,0x10,0x80,0x10,0x80,0x10,0x80,0x20,0x80,0x20,0x80,0xFF,0xE0,0x00,0x00}},
  {0x4E95, {0x11,0x00,0x11,0x00,0x7F,0xC0,0x11,0x00,0x11,0x00,0x11,0x00,0xFF,0xE0,0x11,0x00,0x11,0x00,0x21,0x00,0x41,0x00,0x00,0x00}},
  {0x4E9A, {0x7F,0xC0,0x11,0x00,0x11,0x00,0x11,0x00,0x91,0x20,0x51,0x40,0x31,0x80,0x11,0x00,0x11,0x00,0x11,0x00,0xFF,0xE0,0x00,0x00}},
  {0x4E9B, {0x51,0x20,0x5D,0x40,0x51,0x80,0x51,0x20,0x5D,0x20,0xE0,0xE0,0x00,0x00,0x3F,0x80,0x00,0x00,0x00,0x00,0xFF,0xE0,0x00,0x00}},
  {0x4EA1, {0x04,0x00,0x00,0x00,0xFF,0xE0,0x20,0x00,0x20,0x00,0x20,0x00,0x20,0x00,0x20,0x00,0x20,0x00,0x20,0x00,0x3F,0xE0,0x00,0x00}},
  {0x4EA4, {0x04,0x00,0xFF,0xE0,0x00,0x00,0x11,0x00,0x20,0x80,0x51,0x40,0x0A,0x00,0x04,0x00,0x0A,0x00,0x31,0x80,0xC0,0x60,0x00,0x00}},
  {0x4EA5, {0x04,0x00,0xFF,0xE0,0x10,0x00,0x21,0x00,0x7E,0x00,0x04,0x80,0x19,0x00,0x62,0x00,0x05,0x00,0x18,0x80,0xE0,0x40,0x00,0x00}},
  {0x4EA6, {0x04,0x00,0xFF,0xE0,0x11,0x00,0x11,0x00,0x11,0x00,0x51,0x40,0x51,0x20,0x91,0x20,0x11,0x00,0x21,0x00,0x43,0x00,0x00,0x00}},
  {0x4EA7, {0x04,0x00,0x7F,0xE0,0x00,0x00,0x10,0x80,0x09,0x00,0x7F,0xE0,0x40,0x00,0x40,0x00,0x40,0x00,0x40,0x00,0x80,0x00,0x00,0x00}},
  {0x4EA9, {0x04,0x00,0xFF,0xE0,0x00,0x00,0x7F,0xC0,0x44,0x40,0x44,0x40,0x7F,0xC0,0x44,0x40,0x44,0x40,0x7F,0xC0,0x40,0x40,0x00,0x00}},
  {0x4EAB, {0xFF,0xE0,0x00,0x00,0x7F,0xC0,0x40,0x40,0x7F,0xC0,0x00,0x00,0x7F,0x80,0x01,0x00,0xFF,0xE0,0x02,0x00,0x0E,0x00,0x00,0x00}},
  {0x4EAC, {0x04,0x00,0xFF,0xE0,0x00,0x00,0x7F,0xC0,0x40,0x40,0x40,0x40,0x7F,0xC0,0x04,0x00,0x24,0x80,0x44,0x40,0x8C,0x20,0x00,0x00}},
  {0x4EAD, {0xFF,0xE0,0x00,0x00,0x3F,0x80,0x20,0x80,0x3F,0x80,0x00,0x00,0xFF,0xE0,0x80,0x20,0x7F,0xC0,0x04,0x00,0x1C,0x00,0x00,0x00}},
  {0x4EAE, {0xFF,0xE0,0x00,0x00,0x3F,0x80,0x20,0x80,0x3F,0x80,0x00,0x00,0xFF,0xE0,0x80,0x20,0x3F,0x00,0x21,0x20,0xC0,0xE0,0x00,0x00}},
  {0x4EB2, {0x7F,0xC0,0x20,0x80,0x11,0x00,0xFF,0xE0,0x04,0x00,0x04,0x00,0x7F,0xC0,0x04,0x00,0x24,0x80,0x44,0x40,0x8C,0x20,0x00,0x00}},
  {0x4EBA, {0x04,0x00,0x04,0x00,0x04,0x00,0x04,0x00,0x0A,0x00,0x0A,0x00,0x11,0x00,0x11,0x00,0x20,0x80,0x40,0x40,0x80,0x20,0x00,0x00}},
  {0x4EBF, {0x1F,0xC0,0x20,0x40,0x20,0x80,0x61,0x00,0xA2,0x00,0x24,0x00,0x24,0x00,0x28,0x20,0x28,0x20,0x28,0x20,0x27,0xE0,0x00,0x00}},
  {0x4EC0, {0x11,0x00,0x21,0x00,0x21,0x00,0x61,0x00,0xAF,0xE0,0x21,0x00,0x21,0x00,0x21,0x00,0x21,0x00,0x21,0x00,0x21,0x00,0x00,0x00}},
  {0x4EC1, {0x10,0x00,0x20,0x00,0x2F,0xC0,0x60,0x00,0xA0,0x00,0x20,0x00,0x20,0x00,0x20,0x00,0x20,0x00,0x3F,0xE0,0x20,0x00,0x00,0x00}},
  {0x4EC5, {0x1F,0xE0,0x24,0x20,0x24,0x20,0x64,0x20,0xA4,0x40,0x22,0x40,0x22,0x80,0x21,0x00,0x22,0x80,0x24,0x40,0x28,0x20,0x00,0x00}},
  {0x4EC6, {0x11,0x00,0x21,0x00,0x21,0x00,0x61,0x80,0xA1,0x40,0x21,0x20,0x21,0x20,0x21,0x00,0x21,0x00,0x21,0x00,0x21,0x00,0x00,0x00}},
  {0x4EC7, {0x24,0x00,0x44,0x00,0x5F,0x80,0xC4,0x80,0x44,0x80,0x44,0x80,0x44,0x80,0x44,0x80,0x48,0xA0,0x48,0xA0,0x50,0x60,0x00,0x00}},
  {0x4ECA, {0x0A,0x00,0x11,0x00,0x20,0x80,0xC8,0x60,0x04,0x00,0x00,0x00,0x7F,0x80,0x00,0x80,0x01,0x00,0x02,0x00,0x04,0x00,0x00,0x00}},
  {0x4ECB, {0x04,0x00,0x0A,0x00,0x11,0x00,0x20,0x80,0xC0,0x60,0x11,0x00,0x11,0x00,0x11,0x00,0x21,0x00,0x21,0x00,0x41,0x00,0x00,0x00}},
  {0x4ECD, {0x2F,0xC0,0x44,0x40,0x44,0x40,0xC4,0x80,0x44,0x80,0x44,0xE0,0x44,0x20,0x44,0x20,0x48,0x20,0x48,0x20,0x50,0xC0,0x00,0x00}},
  {0x4ECE, {0x11,0x00,0x11,0x00,0x11,0x00,0x11,0x00,0x29,0x00,0x2A,0x80,0x2A,0x80,0x2A,0x80,0x44,0x40,0x44,0x40,0x88,0x20,0x00,0x00}},
  {0x4ED1, {0x0A,0x00,0x11,0x00,0x20,0x80,0xC0,0x60,0x20,0x00,0x21,0x80,0x26,0x00,0x38,0x00,0x20,0x40,0x20,0x40,0x1F,0xC0,0x00,0x00}},
  {0x4ED3, {0x0A,0x00,0x11,0x00,0x20,0x80,0xC0,0x60,0x3F,0x00,0x21,0x00,0x21,0x00,0x21,0x00,0x26,0x40,0x20,0x40,0x1F,0xC0,0x00,0x00}},
  {0x4ED4, {0x17,0xC0,0x20,0x40,0x20,0x80,0x61,0x00,0xA1,0x00,0x2F,0xE0,0x21,0x00,0x21,0x00,0x21,0x00,0x21,0x00,0x23,0x00,0x00,0x00}},
  {0x4ED6, {0x11,0x00,0x25,0x60,0x25,0xA0,0x67,0x20,0xAD,0x20,0x25,0x20,0x25,0x60,0x25,0x00,0x24,0x20,0x24,0x20,0x23,0xE0,0x00,0x00}},
  {0x4ED7, {0x10,0x80,0x20,0x80,0x2F,0xE0,0x60,0x80,0xA8,0x80,0x24,0x80,0x25,0x00,0x22,0x00,0x25,0x00,0x28,0x80,0x30,0x60,0x00,0x00}},
  {0x4ED8, {0x10,0x40,0x20,0x40,0x2F,0xE0,0x60,0x40,0xA0,0x40,0x24,0x40,0x22,0x40,0x22,0x40,0x20,0x40,0x20,0x40,0x21,0xC0,0x00,0x00}},
  {0x4ED9, {0x11,0x00,0x21,0x00,0x29,0x20,0x69,0x20,0xA9,0x20,0x29,0x20,0x29,0x20,0x29,0x20,0x29,0x20,0x2F,0xE0,0x20,0x20,0x00,0x00}},
  {0x4EE3, {0x12,0x40,0x22,0x00,0x22,0xE0,0x6F,0x00,0xA2,0x00,0x22,0x00,0x22,0x00,0x21,0x20,0x20,0xA0,0x20,0x60,0x20,0x20,0x00,0x00}},
  {0x4EE4, {0x0A,0x00,0x11,0x00,0x20,0x80,0xC8,0x60,0x04,0x00,0x7F,0x80,0x00,0x80,0x01,0x00,0x32,0x00,0x0C,0x00,0x03,0x00,0x00,0x00}},
  {0x4EE5, {0x48,0x80,0x44,0x80,0x44,0x80,0x40,0x80,0x40,0x80,0x48,0x80,0x51,0x00,0x61,0x00,0x42,0x80,0x0C,0x40,0x30,0x20,0x00,0x00}},
  {0x4EEA, {0x11,0x00,0x21,0x20,0x28,0x20,0x68,0x20,0xA4,0x40,0x24,0x40,0x22,0x80,0x21,0x00,0x22,0x80,0x24,0x40,0x28,0x20,0x00,0x00}},
  {0x4EEC, {0x25,0xE0,0x48,0x20,0x48,0x20,0xC8,0x20,0x48,0x20,0x48,0x20,0x48,0x20,0x48,0x20,0x48,0x20,0x48,0x20,0x48,0x60,0x00,0x00}},
  {0x4EF0, {0x14,0x00,0x29,0xE0,0x29,0x20,0x69,0x20,0xA9,0x20,0x29,0x20,0x2B,0x20,0x2D,0x20,0x29,0x60,0x21,0x00,0x21,0x00,0x00,0x00}},
  {0x4EF2, {0x11,0x00,0x21,0x00,0x2F,0xE0,0x69,0x20,0xA9,0x20,0x29,0x20,0x2F,0xE0,0x29,0x20,0x21,0x00,0x21,0x00,0x21,0x00,0x00,0x00}},
  {0x4EF6, {0x29,0x00,0x49,0x00,0x4F,0xE0,0xD1,0x00,0x41,0x00,0x41,0x00,0x5F,0xE0,0x41,0x00,0x41,0x00,0x41,0x00,0x41,0x00,0x00,0x00}},
  {0x4EF7, {0x11,0x00,0x22,0x80,0x24,0x40,0x68,0x20,0xA4,0x40,0x24,0x40,0x24,0x40,0x24,0x40,0x24,0x40,0x24,0x40,0x28,0x40,0x00,0x00}},
  {0x4EFB, {0x10,0xC0,0x27,0x00,0x21,0x00,0x61,0x00,0xA1,0x00,0x2F,0xE0,0x21,0x00,0x21,0x00,0x21,0x00,0x21,0x00,0x27,0xC0,0x00,0x00}},
  {0x4EFD, {0x24,0x80,0x48,0x40,0x48,0x40,0xD0,0x20,0x4F,0xC0,0x44,0x40,0x44,0x40,0x44,0x40,0x48,0x40,0x48,0x40,0x51,0x80,0x00,0x00}},
  {0x4EFF, {0x11,0x00,0x2F,0xE0,0x22,0x00,0x62,0x00,0xA3,0xE0,0x22,0x20,0x22,0x20,0x22,0x20,0x24,0x20,0x24,0x20,0x28,0xC0,0x00,0x00}},
  {0x4F01, {0x0A,0x00,0x11,0x00,0x20,0x80,0xC4,0x60,0x04,0x00,0x24,0x00,0x27,0xC0,0x24,0x00,0x24,0x00,0x24,0x00,0xFF,0xE0,0x00,0x00}},
  {0x4F0A, {0x2F,0xC0,0x42,0x40,0x42,0x40,0xDF,0xE0,0x42,0x40,0x42,0x40,0x4F,0xC0,0x42,0x40,0x42,0x00,0x44,0x00,0x48,0x00,0x00,0x00}},
  {0x4F0D, {0x2F,0xC0,0x42,0x00,0x42,0x00,0xC2,0x00,0x4F,0xC0,0x42,0x40,0x42,0x40,0x44,0x40,0x44,0x40,0x44,0x40,0x5F,0xE0,0x00,0x00}},
  {0x4F0F, {0x11,0x40,0x21,0x20,0x21,0x00,0x6F,0xE0,0xA1,0x00,0x22,0x80,0x22,0x80,0x22,0x80,0x24,0x40,0x24,0x40,0x28,0x20,0x00,0x00}},
  {0x4F10, {0x12,0x40,0x22,0x00,0x23,0xE0,0x6E,0x00,0xA2,0x40,0x22,0x40,0x22,0x80,0x21,0x20,0x22,0xA0,0x24,0x60,0x28,0x20,0x00,0x00}},
  {0x4F11, {0x11,0x00,0x21,0x00,0x2F,0xE0,0x61,0x00,0xA3,0x80,0x23,0x80,0x25,0x40,0x25,0x40,0x29,0x20,0x21,0x00,0x21,0x00,0x00,0x00}},
  {0x4F17, {0x04,0x00,0x0A,0x00,0x11,0x00,0x20,0x80,0xC0,0x60,0x11,0x00,0x11,0x00,0x11,0x00,0x2A,0x80,0x44,0x40,0x88,0x20,0x00,0x00}},
  {0x4F18, {0x24,0x40,0x44,0x00,0x5F,0xE0,0xC5,0x00,0x45,0x00,0x45,0x00,0x45,0x00,0x49,0x00,0x49,0x20,0x51,0x20,0x60,0xE0,0x00,0x00}},
  {0x4F19, {0x11,0x00,0x25,0x20,0x25,0x20,0x65,0x40,0xA9,0x00,0x21,0x00,0x22,0x80,0x22,0x80,0x24,0x40,0x24,0x40,0x28,0x20,0x00,0x00}},
  {0x4F1A, {0x0A,0x00,0x11,0x00,0x20,0x80,0xDF,0x60,0x00,0x00,0x00,0x00,0xFF,0xE0,0x10,0x00,0x20,0x80,0x7F,0xC0,0x00,0x40,0x00,0x00}},
  {0x4F1E, {0x0A,0x00,0x11,0x00,0x20,0x80,0xC4,0x60,0x04,0x00,0x24,0x80,0x15,0x00,0xFF,0xE0,0x04,0x00,0x04,0x00,0x04,0x00,0x00,0x00}},
  {0x4F1F, {0x22,0x00,0x5F,0xE0,0x42,0x00,0xCF,0xC0,0x42,0x00,0x5F,0xE0,0x42,0x20,0x42,0x20,0x42,0x20,0x42,0xC0,0x42,0x00,0x00,0x00}},
  {0x4F20, {0x11,0x00,0x2F,0xC0,0x22,0x00,0x62,0x00,0xBF,0xE0,0x24,0x00,0x27,0xC0,0x20,0x40,0x26,0x80,0x21,0x80,0x20,0x40,0x00,0x00}},
  {0x4F24, {0x12,0x00,0x23,0xE0,0x24,0x00,0x69,0x00,0xA1,0x00,0x27,0xE0,0x21,0x20,0x22,0x20,0x22,0x20,0x24,0x20,0x28,0xC0,0x00,0x00}},
  {0x4F26, {0x11,0x00,0x22,0x80,0x24,0x40,0x68,0x20,0xA4,0x00,0x24,0x40,0x25,0x80,0x26,0x00,0x24,0x20,0x24,0x20,0x23,0xE0,0x00,0x00}},
  {0x4F2A, {0x19,0x00,0x25,0x00,0x2F,0xE0,0x61,0x20,0xA2,0x20,0x23,0x20,0x22,0xA0,0x24,0xA0,0x24,0x20,0x28,0x20,0x31,0xC0,0x00,0x00}},
  {0x4F2F, {0x11,0x00,0x27,0xE0,0x24,0x20,0x64,0x20,0xA4,0x20,0x27,0xE0,0x24,0x20,0x24,0x20,0x24,0x20,0x27,0xE0,0x24,0x20,0x00,0x00}},
  {0x4F30, {0x22,0x00,0x42,0x00,0x7F,0xE0,0xC2,0x00,0x42,0x00,0x5F,0xC0,0x50,0x40,0x50,0x40,0x50,0x40,0x5F,0xC0,0x50,0x40,0x00,0x00}},
  {0x4F34, {0x19,0x20,0x25,0x40,0x21,0x00,0x67,0xC0,0xA1,0x00,0x21,0x00,0x2F,0xE0,0x21,0x00,0x21,0x00,0x21,0x00,0x21,0x00,0x00,0x00}},
  {0x4F36, {0x12,0x00,0x25,0x00,0x28,0x80,0x72,0x60,0xA1,0x00,0x2F,0xC0,0x20,0x40,0x20,0x80,0x25,0x00,0x22,0x00,0x21,0x00,0x00,0x00}},
  {0x4F38, {0x11,0x00,0x2F,0xE0,0x29,0x20,0x69,0x20,0xAF,0xE0,0x29,0x20,0x29,0x20,0x2F,0xE0,0x29,0x20,0x21,0x00,0x21,0x00,0x00,0x00}},
  {0x4F3A, {0x2F,0xE0,0x40,0x20,0x5F,0xA0,0xC0,0x20,0x4F,0xA0,0x48,0xA0,0x48,0xA0,0x4F,0xA0,0x48,0x20,0x40,0x20,0x41,0xC0,0x00,0x00}},
  {0x4F3C, {0x2A,0x40,0x49,0x40,0x49,0x40,0xC8,0x40,0x48,0x80,0x48,0x80,0x4A,0x80,0x4D,0x40,0x49,0x40,0x42,0x20,0x44,0x20,0x00,0x00}},
  {0x4F43, {0x1F,0xE0,0x29,0x20,0x29,0x20,0x69,0x20,0xAF,0xE0,0x29,0x20,0x29,0x20,0x29,0x20,0x29,0x20,0x2F,0xE0,0x28,0x20,0x00,0x00}},
  {0x4F46, {0x2F,0xC0,0x48,0x40,0x48,0x40,0xCF,0xC0,0x48,0x40,0x48,0x40,0x48,0x40,0x4F,0xC0,0x40,0x00,0x40,0x00,0x5F,0xE0,0x00,0x00}},
  {0x4F4D, {0x21,0x00,0x40,0x00,0x5F,0xE0,0xC0,0x00,0x48,0x40,0x48,0x40,0x44,0x40,0x44,0x80,0x44,0x80,0x41,0x00,0x5F,0xE0,0x00,0x00}},
  {0x4F4E, {0x1F,0x00,0x29,0x00,0x29,0x00,0x69,0x00,0xAF,0xE0,0x29,0x00,0x29,0x00,0x2A,0xA0,0x2C,0xA0,0x2A,0x60,0x21,0x20,0x00,0x00}},
  {0x4F4F, {0x11,0x00,0x20,0x00,0x2F,0xE0,0x61,0x00,0xA1,0x00,0x21,0x00,0x27,0xC0,0x21,0x00,0x21,0x00,0x21,0x00,0x2F,0xE0,0x00,0x00}},
  {0x4F51, {0x11,0x00,0x2F,0xE0,0x21,0x00,0x62,0x00,0xA2,0x00,0x27,0xE0,0x2C,0x20,0x34,0x20,0x24,0x20,0x27,0xE0,0x24,0x20,0x00,0x00}},
  {0x4F53, {0x22,0x00,0x42,0x00,0x5F,0xC0,0xC2,0x00,0x47,0x00,0x4A,0x80,0x52,0x40,0x62,0x20,0x4F,0x80,0x42,0x00,0x42,0x00,0x00,0x00}},
  {0x4F55, {0x2F,0xE0,0x40,0x40,0x40,0x40,0xCF,0x40,0x49,0x40,0x49,0x40,0x49,0x40,0x4F,0x40,0x48,0x40,0x40,0x40,0x41,0xC0,0x00,0x00}},
  {0x4F59, {0x0A,0x00,0x11,0x00,0x20,0x80,0xDF,0x60,0x04,0x00,0x04,0x00,0x7F,0xC0,0x04,0x00,0x24,0x80,0x44,0x40,0x8C,0x20,0x00,0x00}},
  {0x4F5B, {0x3F,0xC0,0x45,0x40,0x45,0x40,0xDF,0xC0,0x55,0x00,0x55,0x00,0x5F,0xE0,0x45,0x20,0x45,0x20,0x49,0xC0,0x51,0x00,0x00,0x00}},
  {0x4F5C, {0x14,0x00,0x27,0xE0,0x2A,0x00,0x62,0x00,0xA3,0xC0,0x22,0x00,0x22,0x00,0x23,0xE0,0x22,0x00,0x22,0x00,0x22,0x00,0x00,0x00}},
  {0x4F60, {0x14,0x00,0x27,0xE0,0x24,0x20,0x69,0x40,0xA1,0x00,0x25,0x40,0x25,0x20,0x25,0x20,0x29,0x20,0x21,0x00,0x23,0x00,0x00,0x00}},
  {0x4F63, {0x2F,0xE0,0x49,0x20,0x49,0x20,0xCF,0xE0,0x49,0x20,0x49,0x20,0x4F,0xE0,0x49,0x20,0x49,0x20,0x49,0x20,0x50,0xE0,0x00,0x00}},
  {0x4F69, {0x3F,0xC0,0x50,0x40,0x5F,0x40,0xD4,0x40,0x5F,0x40,0x55,0x40,0x55,0x40,0x55,0x40,0x57,0x40,0x54,0x60,0x64,0x20,0x00,0x00}},
  {0x4F73, {0x11,0x00,0x27,0xC0,0x21,0x00,0x61,0x00,0xAF,0xE0,0x20,0x00,0x21,0x00,0x27,0xC0,0x21,0x00,0x21,0x00,0x2F,0xE0,0x00,0x00}},
  {0x4F7F, {0x11,0x00,0x2F,0xE0,0x21,0x00,0x6F,0xE0,0xA9,0x20,0x2F,0xE0,0x29,0x00,0x25,0x00,0x22,0x00,0x25,0x80,0x28,0x60,0x00,0x00}},
  {0x4F84, {0x17,0xE0,0x21,0x00,0x22,0x00,0x64,0x40,0xA7,0xE0,0x21,0x20,0x21,0x00,0x27,0xC0,0x21,0x00,0x21,0x00,0x2F,0xE0,0x00,0x00}},
  {0x4F88, {0x13,0xC0,0x24,0x40,0x2A,0x80,0x61,0x00,0xA2,0x80,0x25,0xE0,0x22,0x20,0x25,0x40,0x20,0x80,0x23,0x00,0x2C,0x00,0x00,0x00}},
  {0x4F8B, {0x3E,0x20,0x48,0xA0,0x48,0xA0,0xCE,0xA0,0x52,0xA0,0x52,0xA0,0x6A,0xA0,0x44,0xA0,0x44,0x20,0x48,0x20,0x50,0xE0,0x00,0x00}},
  {0x4F8D, {0x11,0x00,0x27,0xC0,0x21,0x00,0x6F,0xE0,0xA0,0x80,0x2F,0xE0,0x20,0x80,0x24,0x80,0x22,0x80,0x20,0x80,0x23,0x80,0x00,0x00}},
  {0x4F9B, {0x28,0x80,0x48,0x80,0x5F,0xC0,0xC8,0x80,0x48,0x80,0x48,0x80,0x7F,0xE0,0x40,0x00,0x48,0x80,0x50,0x40,0x60,0x20,0x00,0x00}},
  {0x4F9D, {0x11,0x00,0x2F,0xE0,0x21,0x00,0x62,0x00,0xA5,0x20,0x2D,0x40,0x34,0x80,0x24,0x80,0x24,0x40,0x26,0x20,0x24,0x00,0x00,0x00}},
  {0x4FA0, {0x11,0x00,0x2F,0xE0,0x21,0x00,0x69,0x20,0xA5,0x40,0x21,0x00,0x2F,0xE0,0x21,0x00,0x22,0x80,0x24,0x40,0x28,0x20,0x00,0x00}},
  {0x4FA3, {0x14,0x40,0x24,0x40,0x24,0x40,0x67,0xC0,0xA0,0x00,0x2F,0xE0,0x28,0x20,0x28,0x20,0x28,0x20,0x2F,0xE0,0x28,0x20,0x00,0x00}},
  {0x4FA5, {0x23,0xE0,0x5E,0x40,0x42,0x80,0xC1,0x20,0x4E,0xE0,0x40,0x00,0x5F,0xE0,0x44,0x80,0x44,0x80,0x48,0xA0,0x50,0x60,0x00,0x00}},
  {0x4FA6, {0x22,0x00,0x43,0xE0,0x42,0x00,0xDF,0xC0,0x50,0x40,0x52,0x40,0x52,0x40,0x52,0x40,0x45,0x00,0x48,0x80,0x50,0x40,0x00,0x00}},
  {0x4FA7, {0x3E,0x20,0x52,0xA0,0x52,0xA0,0xD2,0xA0,0x52,0xA0,0x5A,0xA0,0x5A,0xA0,0x48,0xA0,0x48,0x20,0x54,0x20,0x62,0x60,0x00,0x00}},
  {0x4FA8, {0x17,0x00,0x21,0x00,0x2F,0xE0,0x62,0x80,0xA4,0x40,0x28,0x20,0x24,0x40,0x24,0x40,0x24,0x40,0x24,0x40,0x28,0x40,0x00,0x00}},
  {0x4FAE, {0x2F,0xE0,0x50,0x00,0x6F,0xC0,0xC8,0x40,0x4A,0x40,0x7F,0xE0,0x50,0x40,0x52,0x40,0x5F,0xE0,0x40,0x40,0x41,0x80,0x00,0x00}},
  {0x4FAF, {0x17,0x80,0x20,0x80,0x2F,0xE0,0x64,0x00,0xA7,0xC0,0x29,0x00,0x21,0x00,0x2F,0xE0,0x22,0x80,0x24,0x40,0x28,0x20,0x00,0x00}},
  {0x4FB5, {0x20,0x40,0x47,0xC0,0x40,0x40,0xCF,0xC0,0x40,0x00,0x5F,0xE0,0x50,0x20,0x4F,0xC0,0x44,0x40,0x43,0x80,0x5C,0x60,0x00,0x00}},
  {0x4FBF, {0x1F,0xE0,0x21,0x00,0x2F,0xE0,0x69,0x20,0xAF,0xE0,0x29,0x20,0x2F,0xE0,0x25,0x00,0x22,0x00,0x25,0x00,0x28,0xE0,0x00,0x00}},
  {0x4FC3, {0x28,0x20,0x48,0x20,0x48,0x20,0xCF,0xE0,0x41,0x00,0x49,0x00,0x49,0xE0,0x49,0x00,0x49,0x00,0x55,0x00,0x63,0xE0,0x00,0x00}},
  {0x4FC4, {0x1C,0xC0,0x24,0xA0,0x24,0x80,0x7F,0xE0,0xA4,0x80,0x26,0xA0,0x3C,0xC0,0x24,0x80,0x25,0xA0,0x26,0x60,0x2C,0x20,0x00,0x00}},
  {0x4FCA, {0x14,0x40,0x2F,0xE0,0x20,0x20,0x64,0x40,0xAA,0x20,0x23,0xC0,0x24,0x40,0x2A,0x80,0x21,0x00,0x22,0x80,0x2C,0x60,0x00,0x00}},
  {0x4FCF, {0x29,0x20,0x45,0x40,0x41,0x00,0xCF,0xE0,0x48,0x20,0x4F,0xE0,0x48,0x20,0x4F,0xE0,0x48,0x20,0x48,0x20,0x48,0x60,0x00,0x00}},
  {0x4FD0, {0x2C,0x20,0x44,0xA0,0x44,0xA0,0xDF,0xA0,0x44,0xA0,0x44,0xA0,0x4E,0xA0,0x55,0xA0,0x44,0x20,0x44,0x20,0x44,0x60,0x00,0x00}},
  {0x4FD7, {0x14,0x40,0x29,0x20,0x21,0x00,0x62,0x80,0xA4,0x40,0x28,0x20,0x27,0xC0,0x24,0x40,0x24,0x40,0x27,0xC0,0x24,0x40,0x00,0x00}},
  {0x4FD8, {0x1F,0x00,0x22,0x20,0x29,0x40,0x64,0x00,0xAF,0xC0,0x20,0x80,0x21,0x00,0x2F,0xE0,0x21,0x00,0x21,0x00,0x23,0x00,0x00,0x00}},
  {0x4FDD, {0x17,0xC0,0x24,0x40,0x24,0x40,0x67,0xC0,0xA1,0x00,0x2F,0xE0,0x21,0x00,0x23,0x80,0x25,0x40,0x29,0x20,0x21,0x00,0x00,0x00}},
  {0x4FE1, {0x21,0x00,0x5F,0xE0,0x40,0x00,0xCF,0xC0,0x40,0x00,0x4F,0xC0,0x40,0x00,0x4F,0xC0,0x48,0x40,0x4F,0xC0,0x48,0x40,0x00,0x00}},
  {0x4FE9, {0x3F,0xE0,0x45,0x00,0x45,0x00,0xDF,0xC0,0x55,0x40,0x55,0x40,0x55,0x40,0x5A,0xC0,0x50,0x40,0x50,0x40,0x50,0xC0,0x00,0x00}},
  {0x4FED, {0x11,0x00,0x22,0x80,0x24,0x40,0x68,0x20,0xA7,0xC0,0x20,0x00,0x22,0x40,0x29,0x40,0x25,0x40,0x24,0x80,0x2F,0xE0,0x00,0x00}},
  {0x4FEE, {0x23,0xC0,0x44,0x40,0x53,0x80,0xDC,0x60,0x50,0x80,0x51,0x00,0x56,0x40,0x51,0x80,0x56,0x20,0x40,0xC0,0x4F,0x00,0x00,0x00}},
  {0x4FEF, {0x21,0x00,0x5F,0xE0,0x50,0x00,0xD2,0x40,0x54,0x40,0x5D,0xE0,0x54,0x40,0x55,0x40,0x54,0xC0,0x54,0x40,0x64,0xC0,0x00,0x00}},
  {0x4FF1, {0x28,0x40,0x4F,0xC0,0x48,0x40,0xCF,0xC0,0x48,0x40,0x4F,0xC0,0x48,0x40,0x5F,0xE0,0x40,0x00,0x44,0x80,0x48,0x40,0x00,0x00}},
  {0x4FFA, {0x3F,0xC0,0x45,0x00,0x48,0x80,0xD2,0x60,0x6F,0x80,0x4A,0x80,0x4F,0x80,0x4A,0x80,0x4F,0xA0,0x4A,0x20,0x41,0xE0,0x00,0x00}},
  {0x500D, {0x2F,0xC0,0x40,0x00,0x48,0x40,0xC4,0x80,0x5F,0xE0,0x40,0x00,0x4F,0xC0,0x48,0x40,0x48,0x40,0x4F,0xC0,0x48,0x40,0x00,0x00}},
  {0x5012, {0x3E,0x20,0x48,0xA0,0x52,0xA0,0xDE,0xA0,0x4A,0xA0,0x48,0xA0,0x5E,0xA0,0x48,0xA0,0x4E,0x20,0x58,0x20,0x40,0x60,0x00,0x00}},
  {0x5014, {0x3F,0xE0,0x50,0x20,0x5F,0xE0,0xD1,0x00,0x55,0x40,0x55,0x40,0x57,0xC0,0x51,0x00,0x59,0x20,0x69,0x20,0x4F,0xE0,0x00,0x00}},
  {0x5018, {0x19,0x20,0x25,0x40,0x21,0x00,0x6F,0xE0,0xA8,0x20,0x2B,0xA0,0x2A,0xA0,0x2A,0xA0,0x2B,0xA0,0x28,0x20,0x28,0x60,0x00,0x00}},
  {0x5019, {0x13,0xC0,0x28,0x40,0x2F,0xE0,0x6A,0x00,0xAB,0xC0,0x2C,0x80,0x28,0x80,0x2B,0xE0,0x28,0x80,0x21,0x40,0x26,0x20,0x00,0x00}},
  {0x501A, {0x2F,0xC0,0x44,0x80,0x48,0x40,0xDF,0xE0,0x40,0x40,0x4F,0x40,0x49,0x40,0x49,0x40,0x4F,0x40,0x48,0x40,0x41,0xC0,0x00,0x00}},
  {0x501F, {0x24,0x80,0x4F,0xC0,0x44,0x80,0xDF,0xE0,0x40,0x00,0x4F,0xC0,0x48,0x40,0x4F,0xC0,0x48,0x40,0x4F,0xC0,0x48,0x40,0x00,0x00}},
  {0x5021, {0x14,0x40,0x27,0xC0,0x24,0x40,0x67,0xC0,0xA0,0x00,0x2F,0xE0,0x28,0x20,0x2F,0xE0,0x28,0x20,0x2F,0xE0,0x28,0x20,0x00,0x00}},
  {0x5026, {0x2A,0x80,0x5F,0xC0,0x44,0x00,0xFF,0xE0,0x48,0x80,0x50,0x40,0x6F,0xA0,0x48,0x80,0x49,0x80,0x48,0x40,0x47,0xC0,0x00,0x00}},
  {0x503A, {0x1F,0xE0,0x21,0x00,0x27,0xC0,0x61,0x00,0xAF,0xE0,0x20,0x00,0x2F,0xE0,0x29,0x20,0x29,0x20,0x22,0xC0,0x2C,0x20,0x00,0x00}},
  {0x503C, {0x2F,0xE0,0x42,0x00,0x4F,0xC0,0xC8,0x40,0x4F,0xC0,0x48,0x40,0x4F,0xC0,0x48,0x40,0x4F,0xC0,0x48,0x40,0x5F,0xE0,0x00,0x00}},
  {0x503E, {0x27,0xE0,0x50,0x80,0x51,0x00,0xD3,0xE0,0x5A,0x20,0x52,0xA0,0x52,0xA0,0x52,0xA0,0x58,0x80,0x51,0x40,0x42,0x20,0x00,0x00}},
  {0x5047, {0x3D,0xE0,0x54,0x20,0x54,0x20,0xDD,0xE0,0x50,0x00,0x5D,0xE0,0x51,0x20,0x5D,0x20,0x50,0xC0,0x51,0x40,0x52,0x20,0x00,0x00}},
  {0x504E, {0x29,0x20,0x4F,0xE0,0x49,0x20,0xCF,0xE0,0x40,0x00,0x5F,0xE0,0x49,0x00,0x49,0x20,0x48,0xC0,0x4A,0x40,0x4C,0x20,0x00,0x00}},
  {0x504F, {0x2F,0xE0,0x48,0x20,0x4F,0xE0,0xC8,0x00,0x4F,0xE0,0x4A,0xA0,0x5A,0xA0,0x6F,0xE0,0x4A,0xA0,0x4A,0xA0,0x48,0x60,0x00,0x00}},
  {0x505A, {0x29,0x00,0x49,0x00,0x5D,0xE0,0xCA,0x40,0x49,0x40,0x5D,0x40,0x55,0x40,0x55,0x40,0x5C,0x80,0x51,0x40,0x42,0x20,0x00,0x00}},
  {0x505C, {0x1F,0xE0,0x20,0x00,0x27,0xC0,0x64,0x40,0xA7,0xC0,0x20,0x00,0x2F,0xE0,0x28,0x20,0x27,0xC0,0x21,0x00,0x23,0x00,0x00,0x00}},
  {0x5065, {0x23,0xC0,0x59,0x40,0x4F,0xE0,0xC9,0x40,0x53,0xC0,0x59,0x00,0x4F,0xC0,0x49,0x00,0x5F,0xE0,0x49,0x00,0x57,0xE0,0x00,0x00}},
  {0x5076, {0x2A,0x40,0x4F,0xC0,0x4A,0x40,0xCF,0xC0,0x42,0x00,0x5F,0xE0,0x52,0x20,0x52,0xA0,0x57,0xA0,0x50,0xA0,0x50,0x60,0x00,0x00}},
  {0x5077, {0x25,0x00,0x48,0x80,0x57,0x60,0xC0,0x00,0x5E,0x20,0x52,0xA0,0x5E,0xA0,0x52,0xA0,0x5E,0xA0,0x52,0x20,0x56,0x60,0x00,0x00}},
  {0x507F, {0x19,0x20,0x25,0x40,0x2F,0xE0,0x68,0x20,0xA7,0xC0,0x20,0x00,0x2F,0xE0,0x22,0x00,0x24,0x40,0x2F,0xE0,0x20,0x20,0x00,0x00}},
  {0x5080, {0x12,0x00,0x2F,0xC0,0x29,0x40,0x6F,0xC0,0xAA,0x40,0x2F,0xC0,0x22,0x80,0x25,0x40,0x25,0xC0,0x29,0x20,0x30,0xE0,0x00,0x00}},
  {0x5085, {0x3F,0xE0,0x42,0x00,0x5F,0xC0,0xD2,0x40,0x5F,0xC0,0x52,0x40,0x52,0x40,0x40,0x80,0x5F,0xE0,0x48,0x80,0x45,0x80,0x00,0x00}},
  {0x508D, {0x1F,0xE0,0x24,0x40,0x22,0x80,0x6F,0xE0,0xA8,0x20,0x21,0x00,0x2F,0xE0,0x22,0x00,0x23,0xE0,0x24,0x20,0x28,0xC0,0x00,0x00}},
  {0x50A8, {0x21,0x00,0x53,0xA0,0x41,0x40,0xF7,0xE0,0x51,0x00,0x53,0xC0,0x56,0x40,0x53,0xC0,0x5A,0x40,0x53,0xC0,0x42,0x40,0x00,0x00}},
  {0x50AC, {0x19,0x20,0x2F,0xE0,0x22,0x80,0x64,0x40,0xAF,0xE0,0x34,0x80,0x27,0xE0,0x24,0x80,0x27,0xE0,0x24,0x80,0x27,0xE0,0x00,0x00}},
  {0x50B2, {0x3D,0x00,0x49,0x00,0x5D,0xE0,0xCA,0x40,0x7D,0x40,0x51,0x40,0x5D,0x40,0x55,0x40,0x54,0x80,0x55,0x40,0x6E,0x20,0x00,0x00}},
  {0x50BB, {0x3F,0xC0,0x55,0x40,0x52,0x40,0xD5,0x40,0x5F,0xC0,0x48,0x80,0x54,0x40,0x4F,0x80,0x54,0x80,0x43,0x00,0x5C,0xE0,0x00,0x00}},
  {0x50CF, {0x2F,0x80,0x50,0x80,0x7F,0xC0,0xD2,0x40,0x5F,0xC0,0x44,0x00,0x5A,0x40,0x45,0x80,0x5B,0x40,0x45,0x20,0x5B,0x00,0x00,0x00}},
  {0x50DA, {0x3F,0xE0,0x45,0x00,0x68,0xA0,0xDF,0xC0,0x68,0xA0,0x4F,0x80,0x48,0x80,0x4F,0x80,0x42,0x00,0x4A,0x80,0x56,0x40,0x00,0x00}},
  {0x50E7, {0x1F,0xE0,0x29,0x20,0x2D,0x60,0x69,0x20,0xAF,0xE0,0x20,0x00,0x27,0xC0,0x24,0x40,0x27,0xC0,0x24,0x40,0x27,0xC0,0x00,0x00}},
  {0x50F5, {0x3F,0xE0,0x4A,0x40,0x4F,0xC0,0xCA,0x40,0x4F,0xC0,0x40,0x00,0x5F,0xE0,0x4A,0x40,0x4F,0xC0,0x4A,0x40,0x5F,0xE0,0x00,0x00}},
  {0x50FB, {0x3C,0x80,0x55,0xC0,0x54,0x00,0xDD,0x40,0x50,0x80,0x53,0xE0,0x5C,0x80,0x74,0x80,0x55,0xC0,0x5C,0x80,0x54,0x80,0x00,0x00}},
  {0x5112, {0x11,0x00,0x2F,0xE0,0x29,0x20,0x65,0x40,0xA0,0x00,0x2F,0xE0,0x21,0x00,0x2F,0xE0,0x2A,0xA0,0x2A,0xA0,0x28,0x60,0x00,0x00}},
  {0x5121, {0x15,0x40,0x27,0xC0,0x25,0x40,0x67,0xC0,0xA0,0x00,0x2F,0xE0,0x2A,0xA0,0x2F,0xE0,0x2A,0xA0,0x2F,0xE0,0x28,0x20,0x00,0x00}},
  {0x513F, {0x11,0x00,0x11,0x00,0x11,0x00,0x11,0x00,0x11,0x00,0x11,0x00,0x11,0x00,0x21,0x00,0x21,0x20,0x41,0x20,0x80,0xE0,0x00,0x00}},
  {0x5141, {0x10,0x00,0x20,0x80,0x40,0x40,0xFF,0xE0,0x11,0x20,0x11,0x00,0x11,0x00,0x21,0x00,0x21,0x20,0x41,0x20,0x80,0xE0,0x00,0x00}},
  {0x5143, {0x7F,0xC0,0x00,0x00,0x00,0x00,0x00,0x00,0xFF,0xE0,0x11,0x00,0x11,0x00,0x11,0x00,0x21,0x20,0x41,0x20,0x80,0xE0,0x00,0x00}},
  {0x5144, {0x7F,0xC0,0x40,0x40,0x40,0x40,0x40,0x40,0x40,0x40,0x7F,0xC0,0x11,0x00,0x11,0x00,0x11,0x20,0x21,0x20,0xC0,0xE0,0x00,0x00}},
  {0x5145, {0x04,0x00,0xFF,0xE0,0x08,0x00,0x11,0x00,0x20,0x80,0x7F,0xC0,0x11,0x40,0x11,0x00,0x11,0x20,0x21,0x20,0xC0,0xE0,0x00,0x00}},
  {0x5146, {0x12,0x00,0x92,0x40,0x52,0x80,0x33,0x00,0x12,0x00,0x33,0x00,0x52,0x80,0x92,0x00,0x22,0x20,0x22,0x20,0x41,0xE0,0x00,0x00}},
  {0x5148, {0x24,0x00,0x24,0x00,0x3F,0xC0,0x44,0x00,0x04,0x00,0xFF,0xE0,0x09,0x00,0x09,0x00,0x11,0x20,0x21,0x20,0x40,0xE0,0x00,0x00}},
  {0x5149, {0x44,0x40,0x24,0x80,0x15,0x00,0x04,0x00,0xFF,0xE0,0x11,0x00,0x11,0x00,0x11,0x00,0x21,0x20,0x41,0x20,0x80,0xE0,0x00,0x00}},
  {0x514B, {0x04,0x00,0xFF,0xE0,0x04,0x00,0x7F,0xC0,0x40,0x40,0x40,0x40,0x7F,0xC0,0x11,0x00,0x11,0x00,0x21,0x20,0xC0,0xE0,0x00,0x00}},
  {0x514D, {0x1F,0x00,0x21,0x00,0x42,0x00,0xFF,0xC0,0x44,0x40,0x44,0x40,0x7F,0xC0,0x0A,0x00,0x12,0x00,0x22,0x20,0xC1,0xE0,0x00,0x00}},
  {0x5151, {0x11,0x00,0x7F,0xC0,0x40,0x40,0x40,0x40,0x40,0x40,0x7F,0xC0,0x11,0x00,0x11,0x00,0x11,0x20,0x21,0x20,0xC0,0xE0,0x00,0x00}},
  {0x5154, {0x1F,0x00,0x21,0x00,0x42,0x00,0xFF,0xC0,0x44,0x40,0x44,0x40,0x7F,0xC0,0x0A,0x00,0x12,0x80,0x22,0x20,0xC1,0xE0,0x00,0x00}},
  {0x515A, {0x24,0x80,0xFF,0xE0,0x80,0x20,0x3F,0x80,0x20,0x80,0x20,0x80,0x3F,0x80,0x11,0x00,0x11,0x00,0x21,0x20,0xC0,0xE0,0x00,0x00}},
  {0x515C, {0x48,0x60,0x9F,0x20,0x91,0x20,0x9F,0x20,0x91,0x20,0xDF,0x60,0x00,0x00,0x11,0x00,0x11,0x00,0x21,0x20,0xC0,0xE0,0x00,0x00}},
  {0x5162, {0x20,0x80,0xFB,0xE0,0x20,0x80,0xFB,0xE0,0x8A,0x20,0x8A,0x20,0xFB,0xE0,0x50,0x80,0x51,0x80,0x5A,0xA0,0x94,0x60,0x00,0x00}},
  {0x5165, {0x08,0x00,0x04,0x00,0x04,0x00,0x0A,0x00,0x0A,0x00,0x0A,0x00,0x11,0x00,0x11,0x00,0x20,0x80,0x40,0x40,0x80,0x20,0x00,0x00}},
  {0x5168, {0x0A,0x00,0x11,0x00,0x20,0x80,0xC0,0x60,0x3F,0x80,0x04,0x00,0x04,0x00,0x7F,0xC0,0x04,0x00,0x04,0x00,0xFF,0xE0,0x00,0x00}},
  {0x516B, {0x11,0x00,0x11,0x00,0x11,0x00,0x11,0x00,0x11,0x00,0x11,0x00,0x10,0x80,0x20,0x80,0x20,0x40,0x40,0x40,0x80,0x20,0x00,0x00}},
  {0x516C, {0x11,0x00,0x11,0x00,0x20,0x80,0x24,0x80,0x44,0x40,0x88,0x20,0x08,0x00,0x11,0x00,0x20,0x80,0x7F,0xC0,0x00,0x40,0x00,0x00}},
  {0x516D, {0x04,0x00,0x04,0x00,0x00,0x00,0xFF,0xE0,0x00,0x00,0x11,0x00,0x10,0x80,0x20,0x40,0x20,0x40,0x40,0x20,0x80,0x20,0x00,0x00}},
  {0x5170, {0x10,0x80,0x11,0x00,0x7F,0xC0,0x00,0x00,0x00,0x00,0x00,0x00,0x3F,0x80,0x00,0x00,0x00,0x00,0x00,0x00,0xFF,0xE0,0x00,0x00}},
  {0x5171, {0x11,0x00,0x11,0x00,0x7F,0xC0,0x11,0x00,0x11,0x00,0x11,0x00,0xFF,0xE0,0x00,0x00,0x11,0x00,0x20,0x80,0x40,0x40,0x00,0x00}},
  {0x5173, {0x11,0x00,0x00,0x00,0x7F,0xC0,0x04,0x00,0x04,0x00,0xFF,0xE0,0x04,0x00,0x0A,0x00,0x11,0x00,0x20,0x80,0xC0,0x60,0x00,0x00}},
  {0x5174, {0x44,0x40,0x24,0x80,0x20,0x80,0x01,0x00,0x00,0x00,0xFF,0xE0,0x00,0x00,0x11,0x00,0x20,0x80,0x40,0x40,0x80,0x20,0x00,0x00}},
  {0x5175, {0x3E,0x00,0x20,0x00,0x20,0x00,0x3F,0xC0,0x21,0x00,0x21,0x00,0x21,0x00,0xFF,0xE0,0x00,0x00,0x20,0x80,0x40,0x40,0x00,0x00}},
  {0x5176, {0x20,0x80,0xFF,0xE0,0x20,0x80,0x3F,0x80,0x20,0x80,0x3F,0x80,0x20,0x80,0xFF,0xE0,0x00,0x00,0x20,0x80,0x40,0x40,0x00,0x00}},
  {0x5177, {0x20,0x80,0x3F,0x80,0x20,0x80,0x3F,0x80,0x20,0x80,0x3F,0x80,0x20,0x80,0xFF,0xE0,0x00,0x00,0x20,0x80,0x40,0x40,0x00,0x00}},
  {0x5178, {0x0A,0x00,0x7F,0xC0,0x4A,0x40,0x4A,0x40,0x7F,0xC0,0x4A,0x40,0x4A,0x40,0xFF,0xE0,0x11,0x00,0x20,0x80,0x40,0x40,0x00,0x00}},
  {0x517B, {0x11,0x00,0x7F,0xC0,0x04,0x00,0x7F,0xC0,0x08,0x00,0xFF,0xE0,0x20,0x80,0x51,0x40,0x91,0x20,0x11,0x00,0x21,0x00,0x00,0x00}},
  {0x517C, {0x11,0x00,0xFF,0xE0,0x0A,0x00,0x7F,0xC0,0x0A,0x40,0xFF,0xE0,0x0A,0x40,0x7F,0xC0,0x2A,0x80,0x4A,0x40,0x8A,0x20,0x00,0x00}},
  {0x517D, {0x7F,0xC0,0x44,0x40,0x7F,0xC0,0x44,0x40,0x7F,0xC0,0x00,0x00,0xFF,0xE0,0x00,0x00,0x7F,0xC0,0x40,0x40,0x7F,0xC0,0x00,0x00}},
  {0x5180, {0xF3,0x80,0x12,0x20,0xF1,0xE0,0x3F,0x80,0x24,0x80,0x3F,0x80,0x24,0x80,0x7F,0xC0,0x11,0x00,0xFF,0xE0,0x20,0x80,0x00,0x00}},
  {0x5185, {0x04,0x00,0x7F,0xC0,0x44,0x40,0x44,0x40,0x4A,0x40,0x49,0x40,0x51,0x40,0x40,0x40,0x40,0x40,0x40,0x40,0x41,0xC0,0x00,0x00}},
  {0x5188, {0x40,0x20,0x40,0xA0,0x58,0xA0,0x45,0x20,0x42,0x20,0x45,0x20,0x48,0xA0,0x50,0x20,0x40,0x20,0x40,0x20,0x40,0xE0,0x00,0x00}},
  {0x518C, {0x7B,0xC0,0x4A,0x40,0x4A,0x40,0x4A,0x40,0x4A,0x40,0xFF,0xE0,0x4A,0x40,0x4A,0x40,0x4A,0x40,0x4A,0x40,0x9C,0xC0,0x00,0x00}},
  {0x518D, {0x04,0x00,0x7F,0xC0,0x44,0x40,0x44,0x40,0x7F,0xC0,0x44,0x40,0x44,0x40,0xFF,0xE0,0x40,0x40,0x40,0x40,0x41,0xC0,0x00,0x00}},
  {0x5192, {0x40,0x20,0x5F,0xA0,0x40,0x20,0x00,0x00,0x3F,0xC0,0x20,0x40,0x3F,0xC0,0x20,0x40,0x3F,0xC0,0x20,0x40,0x3F,0xC0,0x00,0x00}},
  {0x5195, {0x40,0x40,0x5F,0x40,0x40,0x40,0x3F,0x00,0x41,0x00,0xFF,0xC0,0x44,0x40,0x7F,0xC0,0x0A,0x00,0x32,0x20,0xC1,0xE0,0x00,0x00}},
  {0x5197, {0xFF,0xE0,0x80,0x20,0x80,0x20,0x1F,0x00,0x11,0x00,0x11,0x00,0x11,0x00,0x11,0x00,0x21,0x20,0x41,0x20,0x80,0xE0,0x00,0x00}},
  {0x5199, {0xA0,0x20,0x20,0x00,0x3F,0xC0,0x20,0x00,0x40,0x00,0x7F,0xC0,0x00,0x40,0x00,0x40,0xFF,0x40,0x00,0x40,0x03,0x80,0x00,0x00}},
  {0x519B, {0x88,0x20,0x08,0x00,0x7F,0xC0,0x10,0x00,0x24,0x00,0x3F,0x80,0x04,0x00,0x04,0x00,0xFF,0xE0,0x04,0x00,0x04,0x00,0x00,0x00}},
  {0x519C, {0x04,0x00,0xFF,0xE0,0x88,0x20,0x8C,0x20,0x14,0x00,0x12,0x40,0x32,0x80,0x51,0x00,0x94,0x80,0x18,0x60,0x10,0x00,0x00,0x00}},
  {0x51A0, {0xFF,0xE0,0x80,0x20,0x70,0x40,0x03,0xE0,0x00,0x40,0xFA,0x40,0x51,0x40,0x50,0x40,0x50,0xC0,0x50,0x20,0x8F,0xE0,0x00,0x00}},
  {0x51A4, {0xFF,0xE0,0x90,0x20,0x1F,0x00,0x21,0x00,0x7F,0xC0,0xA4,0x40,0x3F,0xC0,0x0A,0x00,0x12,0xA0,0x22,0x20,0xC1,0xE0,0x00,0x00}},
  {0x51AC, {0x1F,0x80,0x20,0x80,0x51,0x00,0x8A,0x00,0x04,0x00,0x1B,0x00,0xE0,0xE0,0x0C,0x00,0x03,0x00,0x1C,0x00,0x03,0x80,0x00,0x00}},
  {0x51AF, {0x80,0x40,0x48,0x40,0x08,0x40,0x08,0x40,0x0F,0xE0,0x00,0x20,0x20,0x20,0x5F,0xA0,0x80,0x20,0x00,0x20,0x01,0xC0,0x00,0x00}},
  {0x51B0, {0x82,0x00,0x42,0x00,0x03,0x20,0x3B,0x40,0x0A,0x80,0x0A,0x80,0x2A,0x80,0x52,0x40,0x92,0x40,0x22,0x20,0x06,0x00,0x00,0x00}},
  {0x51B2, {0x81,0x00,0x4F,0xE0,0x09,0x20,0x09,0x20,0x09,0x20,0x09,0x20,0x2F,0xE0,0x49,0x20,0x81,0x00,0x01,0x00,0x01,0x00,0x00,0x00}},
  {0x51B3, {0x02,0x00,0x9F,0xC0,0x42,0x40,0x02,0x40,0x02,0x40,0x3F,0xE0,0x02,0x00,0x45,0x00,0x85,0x00,0x08,0x80,0x30,0x60,0x00,0x00}},
  {0x51B5, {0x1F,0xC0,0x90,0x40,0x50,0x40,0x10,0x40,0x10,0x40,0x1F,0xC0,0x05,0x00,0x25,0x00,0x49,0x20,0x91,0x20,0x20,0xE0,0x00,0x00}},
  {0x51B6, {0x02,0x00,0x84,0x00,0x48,0x40,0x1F,0xE0,0x00,0x20,0x0F,0xC0,0x08,0x40,0x28,0x40,0x48,0x40,0x8F,0xC0,0x08,0x40,0x00,0x00}},
  {0x51B7, {0x02,0x00,0x85,0x00,0x48,0x80,0x12,0x60,0x01,0x00,0x0F,0xC0,0x00,0x40,0x20,0x80,0x45,0x00,0x82,0x00,0x01,0x00,0x00,0x00}},
  {0x51BB, {0x04,0x00,0x9F,0xC0,0x48,0x00,0x0A,0x00,0x12,0x00,0x1F,0xE0,0x02,0x00,0x4A,0x80,0x92,0x40,0x22,0x20,0x06,0x00,0x00,0x00}},
  {0x51C0, {0x0F,0x80,0x90,0x80,0x41,0x00,0x1F,0xC0,0x02,0x40,0x3F,0xE0,0x02,0x40,0x5F,0xC0,0x82,0x40,0x02,0x00,0x0E,0x00,0x00,0x00}},
  {0x51C4, {0x3F,0xE0,0x82,0x00,0x5F,0xC0,0x02,0x40,0x3F,0xE0,0x02,0x40,0x04,0x00,0x3F,0xE0,0x48,0x80,0x87,0x00,0x38,0xE0,0x00,0x00}},
  {0x51C6, {0x04,0x80,0x8F,0xE0,0x49,0x00,0x19,0x00,0x2F,0xC0,0x09,0x00,0x09,0x00,0x2F,0xC0,0x49,0x00,0x89,0x00,0x0F,0xE0,0x00,0x00}},
  {0x51C9, {0x02,0x00,0xBF,0xE0,0x40,0x00,0x1F,0xC0,0x10,0x40,0x10,0x40,0x1F,0xC0,0x42,0x00,0x92,0x40,0x22,0x20,0x06,0x00,0x00,0x00}},
  {0x51CC, {0x9F,0xC0,0x42,0x00,0x3F,0xE0,0x08,0x80,0x14,0x40,0x07,0x80,0x28,0x80,0x55,0x00,0x82,0x00,0x0D,0x80,0x30,0x60,0x00,0x00}},
  {0x51CF, {0x00,0x80,0xBF,0xE0,0x60,0x80,0x2E,0x80,0x20,0xA0,0x2E,0xA0,0x2A,0xC0,0x6A,0xC0,0xAE,0xA0,0x21,0x60,0x42,0x20,0x00,0x00}},
  {0x51D1, {0x1F,0xC0,0x82,0x00,0x4F,0x80,0x04,0x00,0x3F,0xE0,0x08,0x80,0x57,0x40,0xA2,0x20,0x1F,0xC0,0x04,0x80,0x18,0x40,0x00,0x00}},
  {0x51DB, {0x3F,0xE0,0x80,0x00,0x5F,0xC0,0x10,0x40,0x17,0x40,0x15,0x40,0x1F,0xC0,0x40,0x00,0xBF,0xE0,0x12,0x40,0x26,0x20,0x00,0x00}},
  {0x51DD, {0x18,0x20,0x95,0x40,0x4C,0x80,0x13,0xE0,0x1C,0xA0,0x28,0x80,0x0A,0xE0,0x5E,0x80,0x8A,0x80,0x16,0x80,0x25,0xE0,0x00,0x00}},
  {0x51E0, {0x3F,0x00,0x21,0x00,0x21,0x00,0x21,0x00,0x21,0x00,0x21,0x00,0x21,0x00,0x21,0x00,0x21,0x20,0x41,0x20,0x80,0xE0,0x00,0x00}},
  {0x51E1, {0x3F,0x00,0x21,0x00,0x21,0x00,0x29,0x00,0x25,0x00,0x25,0x00,0x21,0x00,0x21,0x00,0x21,0x20,0x41,0x20,0x80,0xE0,0x00,0x00}},
  {0x51E4, {0x7F,0x80,0x40,0x80,0x40,0x80,0x5E,0x80,0x42,0x80,0x52,0x80,0x4A,0x80,0x44,0xA0,0x4A,0xA0,0x51,0x60,0x80,0x20,0x00,0x00}},
  {0x51EB, {0x7F,0x00,0x51,0x00,0x4B,0x00,0x40,0x00,0x7F,0xC0,0x00,0x40,0x3E,0x40,0x22,0xC0,0x22,0x00,0x42,0x20,0x81,0xE0,0x00,0x00}},
  {0x51ED, {0x27,0x00,0x61,0x00,0xAF,0xE0,0x21,0x00,0x27,0xC0,0x00,0x00,0x3F,0x00,0x21,0x00,0x21,0x00,0x41,0x20,0x80,0xE0,0x00,0x00}},
  {0x51EF, {0xAB,0x80,0xAA,0x80,0xFA,0x80,0x02,0x80,0xFA,0x80,0x0A,0x80,0xFA,0x80,0x82,0x80,0x8A,0xA0,0xB4,0xA0,0xC8,0x60,0x00,0x00}},
  {0x51F0, {0x44,0x40,0x5F,0x40,0x51,0x40,0x5F,0x40,0x51,0x40,0x7F,0xC0,0x44,0x40,0x5F,0x40,0x44,0x40,0x5F,0x60,0x80,0x20,0x00,0x00}},
  {0x51F3, {0x1F,0x80,0xA0,0xA0,0x7F,0xC0,0xA0,0xA0,0x3F,0x80,0x11,0x00,0xFF,0xE0,0x00,0x00,0x3F,0x00,0x21,0x20,0xC0,0xE0,0x00,0x00}},
  {0x51F6, {0x21,0x00,0x92,0x20,0x8A,0x20,0x84,0x20,0x8A,0x20,0x91,0x20,0xA1,0x20,0x80,0x20,0x80,0x20,0xFF,0xE0,0x00,0x20,0x00,0x00}},
  {0x51F8, {0x11,0x00,0x11,0x00,0x11,0x00,0xF1,0xE0,0x80,0x20,0x80,0x20,0x80,0x20,0x80,0x20,0x80,0x20,0xFF,0xE0,0x80,0x20,0x00,0x00}},
  {0x51F9, {0xF1,0xE0,0x91,0x20,0x91,0x20,0x91,0x20,0x91,0x20,0x9F,0x20,0x80,0x20,0x80,0x20,0x80,0x20,0xFF,0xE0,0x80,0x20,0x00,0x00}},
  {0x51FA, {0x44,0x40,0x44,0x40,0x44,0x40,0x7F,0xC0,0x04,0x00,0x04,0x00,0x84,0x20,0x84,0x20,0x84,0x20,0xFF,0xE0,0x00,0x20,0x00,0x00}},
  {0x51FB, {0x04,0x00,0x7F,0xC0,0x04,0x00,0x04,0x00,0xFF,0xE0,0x04,0x00,0x44,0x40,0x44,0x40,0x44,0x40,0x7F,0xC0,0x00,0x40,0x00,0x00}},
  {0x51FD, {0x01,0x00,0x82,0x20,0xA4,0xA0,0x95,0x20,0x84,0x20,0x95,0x20,0xA4,0xA0,0x84,0x20,0x8C,0x20,0x80,0x20,0xFF,0xE0,0x00,0x00}},
  {0x51FF, {0x4A,0x40,0x2A,0x80,0xFF,0xE0,0x11,0x00,0x4A,0x40,0x5F,0x40,0x44,0x40,0x7F,0xC0,0x44,0x40,0x44,0x40,0x7F,0xC0,0x00,0x00}},
  {0x5200, {0x7F,0xE0,0x08,0x20,0x08,0x20,0x08,0x20,0x08,0x20,0x10,0x20,0x10,0x20,0x20,0x20,0x20,0x20,0x40,0x20,0x81,0xC0,0x00,0x00}},
  {0x5201, {0x7F,0xC0,0x00,0x40,0x00,0x40,0x01,0x40,0x02,0x40,0x0C,0x40,0x30,0x40,0xC0,0x40,0x00,0x40,0x00,0x40,0x03,0x80,0x00,0x00}},
  {0x5203, {0x7F,0xE0,0x04,0x20,0x04,0x20,0x24,0x20,0x24,0x20,0x24,0x20,0x48,0x20,0x08,0x20,0x10,0x20,0x20,0x20,0xC1,0xC0,0x00,0x00}},
  {0x5206, {0x11,0x00,0x20,0x80,0x20,0x80,0x40,0x40,0xBF,0xA0,0x08,0x80,0x08,0x80,0x10,0x80,0x10,0x80,0x20,0x80,0x47,0x00,0x00,0x00}},
  {0x5207, {0x27,0xE0,0x21,0x20,0x39,0x20,0xE1,0x20,0x21,0x20,0x21,0x20,0x21,0x20,0x2A,0x20,0x32,0x20,0x24,0x20,0x08,0xC0,0x00,0x00}},
  {0x520A, {0x7C,0x20,0x11,0x20,0x11,0x20,0x11,0x20,0xFF,0x20,0x11,0x20,0x11,0x20,0x11,0x20,0x10,0x20,0x10,0x20,0x10,0xE0,0x00,0x00}},
  {0x5211, {0xFC,0x20,0x49,0x20,0x49,0x20,0x49,0x20,0xFD,0x20,0x49,0x20,0x49,0x20,0x49,0x20,0x48,0x20,0x48,0x20,0x88,0xE0,0x00,0x00}},
  {0x5212, {0x24,0x20,0x20,0xA0,0x3E,0xA0,0xE0,0xA0,0x24,0xA0,0x24,0xA0,0x28,0xA0,0x12,0xA0,0x2A,0x20,0x46,0x20,0x82,0x60,0x00,0x00}},
  {0x5217, {0xFC,0x20,0x21,0x20,0x21,0x20,0x3D,0x20,0x45,0x20,0xA5,0x20,0x15,0x20,0x09,0x20,0x10,0x20,0x20,0x20,0x40,0xE0,0x00,0x00}},
  {0x5218, {0x10,0x20,0x01,0x20,0xFD,0x20,0x09,0x20,0x09,0x20,0x49,0x20,0x29,0x20,0x11,0x20,0x28,0x20,0x44,0x20,0x84,0xE0,0x00,0x00}},
  {0x5219, {0xFE,0x20,0x82,0xA0,0x92,0xA0,0x92,0xA0,0x92,0xA0,0x92,0xA0,0x92,0xA0,0x92,0xA0,0x28,0x20,0x44,0x20,0x82,0x60,0x00,0x00}},
  {0x521A, {0xFE,0x20,0x82,0xA0,0x82,0xA0,0xC6,0xA0,0xAA,0xA0,0x92,0xA0,0xAA,0xA0,0xC6,0xA0,0x82,0x20,0x82,0x20,0x86,0x60,0x00,0x00}},
  {0x521B, {0x28,0x20,0x44,0xA0,0x82,0xA0,0x7C,0xA0,0x44,0xA0,0x44,0xA0,0x44,0xA0,0x58,0xA0,0x42,0x20,0x42,0x20,0x3E,0x60,0x00,0x00}},
  {0x521D, {0x27,0xE0,0xF2,0x20,0x12,0x20,0x22,0x20,0x2A,0x20,0x72,0x20,0xAA,0x20,0x22,0x20,0x24,0x20,0x24,0x20,0x28,0xC0,0x00,0x00}},
  {0x5220, {0xEE,0x20,0xAA,0xA0,0xAA,0xA0,0xAA,0xA0,0xFF,0xA0,0xAA,0xA0,0xAA,0xA0,0xAA,0xA0,0xAA,0x20,0xAA,0x20,0x66,0x60,0x00,0x00}},
  {0x5224, {0x54,0x20,0x39,0x20,0x11,0x20,0x7D,0x20,0x11,0x20,0x11,0x20,0xFF,0x20,0x11,0x20,0x20,0x20,0x20,0x20,0x40,0xE0,0x00,0x00}},
  {0x5228, {0x20,0x20,0x7E,0xA0,0x42,0xA0,0xFA,0xA0,0x4A,0xA0,0x4A,0xA0,0x7A,0xA0,0x46,0xA0,0x40,0x20,0x42,0x20,0x3E,0x60,0x00,0x00}},
  {0x5229, {0x70,0x20,0x11,0x20,0x11,0x20,0xFF,0x20,0x11,0x20,0x39,0x20,0x55,0x20,0x91,0x20,0x10,0x20,0x10,0x20,0x10,0xE0,0x00,0x00}},
  {0x522B, {0x42,0x20,0x42,0xA0,0x42,0xA0,0x7E,0xA0,0x10,0xA0,0xFE,0xA0,0x12,0xA0,0x22,0xA0,0x22,0x20,0x42,0x20,0x9C,0x60,0x00,0x00}},
  {0x522E, {0x70,0x20,0x11,0x20,0x11,0x20,0xFF,0x20,0x11,0x20,0x11,0x20,0x7D,0x20,0x45,0x20,0x44,0x20,0x7C,0x20,0x44,0xE0,0x00,0x00}},
  {0x5230, {0xFE,0x20,0x20,0xA0,0x44,0xA0,0xFE,0xA0,0x12,0xA0,0x10,0xA0,0xFE,0xA0,0x10,0xA0,0x10,0x20,0x1E,0x20,0xE0,0x60,0x00,0x00}},
  {0x5236, {0x50,0x20,0x7D,0x20,0x91,0x20,0xFF,0x20,0x11,0x20,0x7D,0x20,0x55,0x20,0x55,0x20,0x54,0x20,0x5C,0x20,0x10,0xE0,0x00,0x00}},
  {0x5237, {0x42,0x20,0x42,0xA0,0x7E,0xA0,0x48,0xA0,0x48,0xA0,0x7E,0xA0,0x6A,0xA0,0xAA,0xA0,0x2A,0x20,0x2E,0x20,0x08,0x60,0x00,0x00}},
  {0x5238, {0x15,0x00,0x7F,0xC0,0x08,0x00,0xFF,0xE0,0x20,0x80,0x40,0x40,0xBF,0xA0,0x08,0x80,0x10,0x80,0x20,0x80,0x43,0x00,0x00,0x00}},
  {0x5239, {0x28,0x20,0x10,0xA0,0x28,0xA0,0x44,0xA0,0x10,0xA0,0xFE,0xA0,0x10,0xA0,0x54,0xA0,0x92,0x20,0x10,0x20,0x30,0x60,0x00,0x00}},
  {0x523A, {0x10,0x20,0xFE,0xA0,0x10,0xA0,0xFE,0xA0,0x92,0xA0,0x92,0xA0,0x96,0xA0,0x38,0xA0,0x54,0x20,0x92,0x20,0x10,0x60,0x00,0x00}},
  {0x523B, {0x08,0x20,0x7E,0xA0,0x10,0xA0,0x22,0xA0,0x7C,0xA0,0x08,0xA0,0x12,0xA0,0x64,0xA0,0x08,0x20,0x14,0x20,0xE2,0x60,0x00,0x00}},
  {0x523D, {0x28,0x20,0x45,0x20,0x81,0x20,0x79,0x20,0x01,0x20,0xFD,0x20,0x21,0x20,0x29,0x20,0x44,0x20,0x7C,0x20,0x04,0xE0,0x00,0x00}},
  {0x5242, {0x10,0x20,0xFE,0xA0,0x04,0xA0,0x68,0xA0,0x18,0xA0,0x24,0xA0,0xC2,0xA0,0x24,0xA0,0x24,0x20,0x24,0x20,0x44,0x60,0x00,0x00}},
  {0x5243, {0x28,0x20,0xFC,0xA0,0x14,0xA0,0xFC,0xA0,0x90,0xA0,0xFE,0xA0,0x12,0xA0,0x32,0xA0,0x56,0x20,0x90,0x20,0x10,0x60,0x00,0x00}},
  {0x524A, {0x92,0x20,0x54,0xA0,0x10,0xA0,0xFE,0xA0,0x82,0xA0,0xFE,0xA0,0x82,0xA0,0xFE,0xA0,0x82,0x20,0x82,0x20,0x86,0x60,0x00,0x00}},
  {0x524D, {0x11,0x00,0xFF,0xE0,0x00,0x00,0x7C,0x40,0x45,0x40,0x7D,0x40,0x45,0x40,0x7D,0x40,0x45,0x40,0x44,0x40,0x4C,0xC0,0x00,0x00}},
  {0x5251, {0x08,0x20,0x14,0xA0,0x22,0xA0,0x41,0xA0,0xBE,0xA0,0x10,0xA0,0x4A,0xA0,0x2A,0xA0,0x24,0x20,0x0E,0x20,0xF0,0x60,0x00,0x00}},
  {0x5254, {0x44,0x20,0x7C,0xA0,0x44,0xA0,0x7C,0xA0,0x20,0xA0,0x7E,0xA0,0xAA,0xA0,0x4A,0xA0,0x92,0x20,0x22,0x20,0x4C,0x60,0x00,0x00}},
  {0x5256, {0x7E,0x20,0x00,0xA0,0x42,0xA0,0x24,0xA0,0xFF,0xA0,0x00,0xA0,0x7E,0xA0,0x42,0xA0,0x42,0x20,0x7E,0x20,0x42,0x60,0x00,0x00}},
  {0x5265, {0x04,0x20,0x7C,0xA0,0x04,0xA0,0xFE,0xA0,0x10,0xA0,0x92,0xA0,0x54,0xA0,0x38,0xA0,0x54,0x20,0x92,0x20,0x30,0x60,0x00,0x00}},
  {0x5267, {0x42,0x20,0x42,0xA0,0x7E,0xA0,0x48,0xA0,0x7E,0xA0,0x48,0xA0,0x7E,0xA0,0x62,0xA0,0xA2,0x20,0x3E,0x20,0x22,0x60,0x00,0x00}},
  {0x5269, {0x70,0x20,0x10,0xA0,0xFE,0xA0,0x54,0xA0,0xD6,0xA0,0x54,0xA0,0xD6,0xA0,0x38,0xA0,0x54,0x20,0x92,0x20,0x10,0x60,0x00,0x00}},
  {0x526A, {0xFF,0xE0,0x44,0x40,0x7D,0x40,0x45,0x40,0x7D,0x40,0x44,0x40,0x4C,0xC0,0x00,0x00,0x7F,0xC0,0x10,0x40,0xE1,0x80,0x00,0x00}},
  {0x526F, {0x00,0x20,0x7C,0xA0,0x44,0xA0,0x7C,0xA0,0x00,0xA0,0xFE,0xA0,0x92,0xA0,0xFE,0xA0,0x92,0x20,0xFE,0x20,0x82,0x60,0x00,0x00}},
  {0x5272, {0xFE,0x20,0x92,0xA0,0x7C,0xA0,0x10,0xA0,0x7C,0xA0,0x10,0xA0,0xFE,0xA0,0x10,0xA0,0x7C,0x20,0x44,0x20,0x7C,0x60,0x00,0x00}},
  {0x527F, {0xA8,0x20,0x54,0xA0,0x7C,0xA0,0x54,0xA0,0x7C,0xA0,0x54,0xA0,0x7C,0xA0,0x10,0xA0,0xFE,0x20,0x54,0x20,0x92,0x60,0x00,0x00}},
  {0x5288, {0x4B,0xE0,0x79,0x40,0x43,0xE0,0x78,0x80,0xA9,0xC0,0x38,0x80,0x00,0x00,0x7F,0xC0,0x08,0x40,0x10,0x40,0x61,0x80,0x00,0x00}},
  {0x529B, {0x08,0x00,0x08,0x00,0xFF,0xC0,0x08,0x40,0x08,0x40,0x08,0x40,0x10,0x40,0x10,0x40,0x20,0x40,0x40,0x40,0x83,0x80,0x00,0x00}},
  {0x529D, {0x01,0x00,0xF9,0x00,0x0B,0xE0,0x89,0x20,0x51,0x20,0x51,0x20,0x21,0x20,0x21,0x20,0x52,0x20,0x52,0x20,0x84,0xC0,0x00,0x00}},
  {0x529E, {0x08,0x00,0x08,0x00,0x7F,0x00,0x09,0x00,0x49,0x40,0x49,0x20,0x49,0x20,0x91,0x20,0x11,0x00,0x21,0x00,0x4E,0x00,0x00,0x00}},
  {0x529F, {0x02,0x00,0xFA,0x00,0x27,0xE0,0x22,0x20,0x22,0x20,0x22,0x20,0x22,0x20,0x3C,0x20,0xC4,0x20,0x08,0x20,0x10,0xC0,0x00,0x00}},
  {0x52A0, {0x20,0x00,0x21,0xE0,0xFD,0x20,0x25,0x20,0x25,0x20,0x25,0x20,0x25,0x20,0x25,0x20,0x45,0x20,0x45,0xE0,0x99,0x20,0x00,0x00}},
  {0x52A1, {0x3F,0x80,0x51,0x00,0x0E,0x00,0x31,0x80,0xC8,0x60,0x08,0x00,0x7F,0x80,0x10,0x80,0x10,0x80,0x20,0x80,0x43,0x00,0x00,0x00}},
  {0x52A3, {0x24,0x80,0x44,0x40,0x87,0x20,0x1C,0x00,0xE0,0x00,0x08,0x00,0x7F,0xC0,0x08,0x40,0x10,0x40,0x20,0x40,0xC1,0x80,0x00,0x00}},
  {0x52A8, {0x71,0x00,0x01,0x00,0x03,0xE0,0xF9,0x20,0x21,0x20,0x41,0x20,0x51,0x20,0x89,0x20,0xFA,0x20,0x02,0x20,0x04,0xC0,0x00,0x00}},
  {0x52A9, {0x79,0x00,0x49,0x00,0x4B,0xE0,0x79,0x20,0x49,0x20,0x49,0x20,0x79,0x20,0x49,0x20,0x5E,0x20,0xE2,0x20,0x04,0xC0,0x00,0x00}},
  {0x52AA, {0x23,0xE0,0xF9,0x20,0x49,0x20,0x49,0x40,0x30,0x80,0x49,0x40,0x8A,0x20,0xFF,0xC0,0x10,0x40,0x20,0x40,0xC1,0x80,0x00,0x00}},
  {0x52AB, {0x11,0x00,0x7D,0x00,0x13,0xE0,0x11,0x20,0xFF,0x20,0x11,0x20,0x21,0x20,0x4A,0x20,0x7A,0x20,0x04,0x20,0x08,0xC0,0x00,0x00}},
  {0x52B1, {0x7E,0x80,0x40,0x80,0x7D,0xE0,0x50,0xA0,0x50,0xA0,0x5C,0xA0,0x54,0xA0,0x54,0xA0,0x55,0x20,0x55,0x20,0xAE,0xC0,0x00,0x00}},
  {0x52B2, {0xF9,0x00,0x11,0x00,0x23,0xE0,0x51,0x20,0x89,0x20,0x05,0x20,0xF9,0x20,0x21,0x20,0x22,0x20,0x3A,0x20,0xC4,0xC0,0x00,0x00}},
  {0x52B3, {0xFF,0xE0,0x11,0x00,0x00,0x00,0xFF,0xE0,0x88,0x20,0x08,0x00,0x7F,0xC0,0x10,0x40,0x10,0x40,0x20,0x40,0x41,0x80,0x00,0x00}},
  {0x52BF, {0xF7,0x80,0x22,0x80,0x36,0xA0,0xE2,0xA0,0x25,0x60,0x68,0x20,0x08,0x00,0xFF,0xC0,0x10,0x40,0x20,0x40,0xC1,0x80,0x00,0x00}},
  {0x52C3, {0x7C,0x80,0x10,0x80,0xFE,0x80,0x83,0xE0,0x7C,0xA0,0x08,0xA0,0x10,0xA0,0x1D,0x20,0xF1,0x20,0x12,0x20,0x34,0xC0,0x00,0x00}},
  {0x52C7, {0x09,0x00,0x7F,0xC0,0x44,0x40,0x7F,0xC0,0x44,0x40,0x7F,0xC0,0x44,0x40,0x08,0x00,0xFF,0xC0,0x10,0x40,0x61,0x80,0x00,0x00}},
  {0x52C9, {0x39,0x00,0x49,0x00,0x93,0xC0,0x7D,0x40,0x55,0x40,0x55,0x40,0x7D,0x40,0x11,0x40,0x2A,0xC0,0x48,0x20,0x87,0xE0,0x00,0x00}},
  {0x52CB, {0x89,0x00,0xF9,0x00,0x03,0xE0,0xF9,0x20,0x89,0x20,0xA9,0x20,0xA9,0x20,0xA9,0x20,0x22,0x20,0x52,0x20,0x8C,0xC0,0x00,0x00}},
  {0x52D2, {0xFE,0x80,0x28,0x80,0x39,0xE0,0x10,0xA0,0x7C,0xA0,0x54,0xA0,0x7C,0xA0,0x10,0xA0,0xFF,0x20,0x11,0x20,0x12,0xC0,0x00,0x00}},
  {0x52D8, {0x7E,0x80,0x24,0x80,0x3D,0xE0,0x24,0xA0,0x3C,0xA0,0x24,0xA0,0xFE,0xA0,0x54,0xA0,0x63,0x20,0x41,0x20,0x7E,0xC0,0x00,0x00}},
  {0x52DF, {0xFF,0xE0,0x11,0x00,0x7F,0xC0,0x44,0x40,0x7F,0xC0,0x10,0x00,0xFF,0xE0,0x28,0x80,0x7F,0xC0,0x90,0xA0,0x63,0x00,0x00,0x00}},
  {0x52E4, {0xF9,0x00,0x51,0x00,0x73,0xE0,0x21,0x20,0xF9,0x20,0xA9,0x20,0xF9,0x20,0x21,0x20,0xFA,0x20,0x22,0x20,0xFC,0xC0,0x00,0x00}},
  {0x52FA, {0x10,0x00,0x3F,0xE0,0x20,0x20,0x40,0x20,0x80,0x20,0x08,0x20,0x04,0x20,0x04,0x20,0x00,0x20,0x00,0x20,0x01,0xC0,0x00,0x00}},
  {0x52FE, {0x10,0x00,0x3F,0xE0,0x20,0x20,0x48,0x20,0x88,0x20,0x12,0x20,0x21,0x20,0x7F,0x20,0x01,0x20,0x00,0x20,0x01,0xC0,0x00,0x00}},
  {0x52FF, {0x20,0x00,0x3F,0xE0,0x49,0x20,0x49,0x20,0x91,0x20,0x11,0x20,0x22,0x20,0x42,0x20,0x84,0x20,0x08,0x20,0x11,0xC0,0x00,0x00}},
  {0x5300, {0x20,0x00,0x3F,0xC0,0x40,0x40,0x50,0x40,0x88,0x40,0x08,0x40,0x03,0x40,0x0C,0x40,0x70,0x40,0x00,0x40,0x03,0x80,0x00,0x00}},
  {0x5305, {0x20,0x00,0x3F,0xC0,0x40,0x40,0xBE,0x40,0x22,0x40,0x22,0x40,0x3E,0x40,0x20,0xC0,0x20,0x20,0x20,0x20,0x1F,0xE0,0x00,0x00}},
  {0x5306, {0x20,0x00,0x3F,0xE0,0x49,0x20,0x49,0x20,0xB1,0x20,0x1D,0x20,0x22,0x20,0x43,0x20,0x84,0xA0,0x08,0x20,0x11,0xC0,0x00,0x00}},
  {0x5308, {0x10,0x00,0x3F,0xE0,0x20,0x20,0x4A,0x20,0xA4,0xA0,0x24,0xA0,0x2A,0xA0,0x20,0xA0,0x3F,0xA0,0x00,0x20,0x01,0xC0,0x00,0x00}},
  {0x5315, {0x40,0x00,0x40,0x40,0x41,0x80,0x46,0x00,0x78,0x00,0x40,0x00,0x40,0x20,0x40,0x20,0x40,0x20,0x3F,0xE0,0x00,0x00,0x00,0x00}},
  {0x5316, {0x12,0x00,0x22,0x20,0x22,0x40,0x62,0x80,0xA3,0x00,0x22,0x00,0x26,0x00,0x2A,0x00,0x22,0x20,0x22,0x20,0x21,0xE0,0x00,0x00}},
  {0x5317, {0x12,0x00,0x12,0x20,0x12,0x40,0xF2,0x80,0x13,0x00,0x12,0x00,0x12,0x00,0x32,0x00,0xD2,0x20,0x12,0x20,0x11,0xE0,0x00,0x00}},
  {0x5319, {0x49,0x00,0x79,0x20,0x49,0x40,0x79,0x80,0x01,0x00,0xFD,0x00,0x11,0x20,0x59,0x20,0x50,0xE0,0x50,0x00,0xBF,0xE0,0x00,0x00}},
  {0x5320, {0x40,0x00,0x40,0xC0,0x4F,0x00,0x48,0x00,0x48,0x00,0x4F,0xE0,0x48,0x80,0x48,0x80,0x48,0x80,0x50,0x80,0x7F,0xE0,0x00,0x00}},
  {0x5323, {0x40,0x00,0x5F,0xC0,0x52,0x40,0x52,0x40,0x5F,0xC0,0x52,0x40,0x52,0x40,0x5F,0xC0,0x42,0x00,0x42,0x00,0x7F,0xE0,0x00,0x00}},
  {0x532A, {0x7F,0xE0,0x44,0x80,0x44,0x80,0x5C,0xE0,0x44,0x80,0x5C,0xE0,0x44,0x80,0x5C,0xE0,0x44,0x80,0x44,0x80,0x7F,0xE0,0x00,0x00}},
  {0x5339, {0x7F,0xE0,0x49,0x00,0x49,0x00,0x49,0x00,0x49,0x00,0x49,0x20,0x51,0x20,0x50,0xE0,0x60,0x00,0x40,0x00,0x7F,0xE0,0x00,0x00}},
  {0x533A, {0x7F,0xE0,0x40,0x00,0x50,0x40,0x48,0x80,0x45,0x00,0x42,0x00,0x45,0x00,0x48,0x80,0x50,0x40,0x40,0x00,0x7F,0xE0,0x00,0x00}},
  {0x533B, {0x7F,0xE0,0x48,0x00,0x48,0x00,0x5F,0xC0,0x62,0x00,0x42,0x00,0x7F,0xE0,0x45,0x00,0x48,0x80,0x50,0x40,0x7F,0xE0,0x00,0x00}},
  {0x533E, {0x84,0x00,0xBF,0xC0,0xA0,0x40,0xBF,0xC0,0xA0,0x00,0xBF,0xC0,0xB5,0x40,0xDF,0xC0,0x95,0x40,0x90,0xC0,0xFF,0xE0,0x00,0x00}},
  {0x533F, {0x48,0x80,0x7F,0xE0,0x48,0x80,0x44,0x00,0x7F,0xE0,0x48,0x00,0x5F,0xC0,0x68,0x40,0x4F,0xC0,0x40,0x00,0x7F,0xE0,0x00,0x00}},
  {0x5341, {0x04,0x00,0x04,0x00,0x04,0x00,0x04,0x00,0xFF,0xE0,0x04,0x00,0x04,0x00,0x04,0x00,0x04,0x00,0x04,0x00,0x04,0x00,0x00,0x00}},
  {0x5343, {0x03,0xC0,0x7C,0x00,0x04,0x00,0x04,0x00,0x04,0x00,0xFF,0xE0,0x04,0x00,0x04,0x00,0x04,0x00,0x04,0x00,0x04,0x00,0x00,0x00}},
  {0x5347, {0x70,0x80,0x10,0x80,0x10,0x80,0x10,0x80,0xFF,0xE0,0x10,0x80,0x10,0x80,0x10,0x80,0x20,0x80,0x20,0x80,0x40,0x80,0x00,0x00}},
  {0x5348, {0x20,0x00,0x3F,0xC0,0x44,0x00,0x84,0x00,0x04,0x00,0x04,0x00,0xFF,0xE0,0x04,0x00,0x04,0x00,0x04,0x00,0x04,0x00,0x00,0x00}},
  {0x534A, {0x24,0x80,0x15,0x00,0x04,0x00,0x7F,0xC0,0x04,0x00,0x04,0x00,0xFF,0xE0,0x04,0x00,0x04,0x00,0x04,0x00,0x04,0x00,0x00,0x00}},
  {0x534E, {0x12,0x40,0x22,0x80,0x63,0x00,0xAE,0x20,0x22,0x20,0x21,0xE0,0x04,0x00,0xFF,0xE0,0x04,0x00,0x04,0x00,0x04,0x00,0x00,0x00}},
  {0x534F, {0x44,0x00,0x44,0x00,0x5F,0x80,0xE4,0x80,0x44,0x80,0x4C,0xC0,0x54,0xA0,0x44,0xA0,0x48,0x80,0x48,0x80,0x53,0x00,0x00,0x00}},
  {0x5351, {0x08,0x00,0x7F,0xC0,0x44,0x40,0x7F,0xC0,0x48,0x40,0x7F,0xC0,0x12,0x00,0x22,0x00,0xFF,0xE0,0x02,0x00,0x02,0x00,0x00,0x00}},
  {0x5352, {0x04,0x00,0x7F,0xC0,0x11,0x00,0x11,0x00,0x2A,0x80,0x44,0x40,0x04,0x00,0xFF,0xE0,0x04,0x00,0x04,0x00,0x04,0x00,0x00,0x00}},
  {0x5353, {0x07,0xE0,0x04,0x00,0x7F,0xC0,0x40,0x40,0x7F,0xC0,0x40,0x40,0x7F,0xC0,0x04,0x00,0xFF,0xE0,0x04,0x00,0x04,0x00,0x00,0x00}},
  {0x5355, {0x11,0x00,0x7F,0xC0,0x44,0x40,0x7F,0xC0,0x44,0x40,0x7F,0xC0,0x04,0x00,0xFF,0xE0,0x04,0x00,0x04,0x00,0x04,0x00,0x00,0x00}},
  {0x5356, {0x7F,0xC0,0x04,0x00,0xFF,0xE0,0x10,0x20,0x0A,0x40,0x22,0x00,0x12,0x00,0xFF,0xE0,0x05,0x00,0x18,0xC0,0x60,0x20,0x00,0x00}},
  {0x5357, {0xFF,0xE0,0x04,0x00,0x7F,0xC0,0x51,0x40,0x4A,0x40,0x5F,0x40,0x44,0x40,0x7F,0xC0,0x44,0x40,0x44,0x40,0x41,0xC0,0x00,0x00}},
  {0x535A, {0x4F,0xE0,0x41,0x00,0x4F,0xE0,0xE9,0x20,0x4F,0xE0,0x49,0x20,0x49,0x20,0x40,0x40,0x4F,0xE0,0x44,0x40,0x42,0xC0,0x00,0x00}},
  {0x535C, {0x10,0x00,0x10,0x00,0x14,0x00,0x12,0x00,0x11,0x00,0x10,0x80,0x10,0x40,0x10,0x00,0x10,0x00,0x10,0x00,0x10,0x00,0x00,0x00}},
  {0x5360, {0x04,0x00,0x04,0x00,0x07,0xE0,0x04,0x00,0x04,0x00,0x7F,0xC0,0x40,0x40,0x40,0x40,0x40,0x40,0x7F,0xC0,0x40,0x40,0x00,0x00}},
  {0x5361, {0x08,0x00,0x0F,0xC0,0x08,0x00,0x08,0x00,0xFF,0xE0,0x08,0x00,0x0E,0x00,0x09,0x80,0x08,0x40,0x08,0x00,0x08,0x00,0x00,0x00}},
  {0x5362, {0x07,0xE0,0x04,0x00,0x04,0x00,0x7F,0xC0,0x40,0x40,0x40,0x40,0x7F,0xC0,0x40,0x40,0x40,0x00,0x40,0x00,0x80,0x00,0x00,0x00}},
  {0x5364, {0x07,0xE0,0x04,0x00,0x7F,0xC0,0x51,0x40,0x4A,0x40,0x44,0x40,0x4A,0x40,0x51,0x40,0x40,0x40,0x7F,0xC0,0x40,0x40,0x00,0x00}},
  {0x5366, {0x11,0x00,0x7D,0x00,0x11,0x00,0x11,0x80,0xFD,0x40,0x01,0x20,0x11,0x20,0x7D,0x00,0x11,0x00,0x1D,0x00,0xE1,0x00,0x00,0x00}},
  {0x5367, {0xFD,0x00,0x91,0x00,0x91,0x00,0xFD,0x80,0x85,0x40,0x85,0x20,0xFD,0x20,0x91,0x00,0x91,0x00,0x91,0x00,0xFD,0x00,0x00,0x00}},
  {0x536B, {0x7F,0xC0,0x08,0x40,0x08,0x40,0x08,0x40,0x08,0x40,0x08,0x40,0x0B,0x80,0x08,0x00,0x08,0x00,0x08,0x00,0xFF,0xE0,0x00,0x00}},
  {0x5370, {0xE3,0xE0,0x82,0x20,0x82,0x20,0xFA,0x20,0x82,0x20,0x82,0x20,0x8A,0x20,0xB2,0x20,0xC2,0xE0,0x02,0x00,0x02,0x00,0x00,0x00}},
  {0x5371, {0x1F,0x80,0x20,0x80,0x7F,0xE0,0xA0,0x00,0x2F,0xC0,0x28,0x40,0x28,0x40,0x29,0x80,0x48,0x20,0x48,0x20,0x87,0xE0,0x00,0x00}},
  {0x5373, {0x7D,0xE0,0x45,0x20,0x7D,0x20,0x45,0x20,0x7D,0x20,0x41,0x20,0x51,0x20,0x49,0x20,0x55,0x60,0x65,0x00,0x41,0x00,0x00,0x00}},
  {0x5374, {0x11,0xE0,0x7D,0x20,0x11,0x20,0x11,0x20,0xFF,0x20,0x11,0x20,0x21,0x20,0x49,0x20,0xFD,0x60,0x05,0x00,0x01,0x00,0x00,0x00}},
  {0x5375, {0xE3,0xE0,0x82,0x20,0xCA,0x20,0xAB,0x20,0x8A,0xA0,0x8A,0x20,0xBA,0x20,0xCA,0x60,0x12,0x00,0x22,0x00,0x42,0x00,0x00,0x00}},
  {0x5377, {0x15,0x00,0x7F,0xC0,0x08,0x00,0xFF,0xE0,0x20,0x80,0x40,0x40,0xBF,0x20,0x21,0x00,0x26,0x00,0x20,0x40,0x1F,0xC0,0x00,0x00}},
  {0x5378, {0x7D,0xE0,0x91,0x20,0x11,0x20,0xFD,0x20,0x11,0x20,0x51,0x20,0x5D,0x20,0x51,0x20,0x5D,0x60,0xE1,0x00,0x01,0x00,0x00,0x00}},
  {0x537F, {0xCE,0xE0,0x8A,0xA0,0xAA,0xA0,0xAE,0xA0,0xAA,0xA0,0xAA,0xA0,0xEE,0xA0,0xA8,0xA0,0x2A,0xE0,0x4D,0x80,0x88,0x80,0x00,0x00}},
  {0x5382, {0x7F,0xE0,0x40,0x00,0x40,0x00,0x40,0x00,0x40,0x00,0x40,0x00,0x40,0x00,0x40,0x00,0x40,0x00,0x40,0x00,0x80,0x00,0x00,0x00}},
  {0x5385, {0x7F,0xE0,0x40,0x00,0x40,0x00,0x5F,0xE0,0x41,0x00,0x41,0x00,0x41,0x00,0x41,0x00,0x41,0x00,0x41,0x00,0x87,0x00,0x00,0x00}},
  {0x5386, {0x7F,0xE0,0x44,0x00,0x44,0x00,0x5F,0xC0,0x44,0x40,0x44,0x40,0x44,0x40,0x48,0x40,0x48,0x40,0x50,0x40,0xA3,0x80,0x00,0x00}},
  {0x5389, {0x7F,0xE0,0x40,0x00,0x40,0x00,0x5F,0xC0,0x44,0x00,0x44,0x00,0x47,0xC0,0x44,0x40,0x48,0x40,0x48,0x40,0x91,0x80,0x00,0x00}},
  {0x538B, {0x7F,0xE0,0x40,0x00,0x42,0x00,0x42,0x00,0x42,0x00,0x5F,0xC0,0x42,0x00,0x42,0x80,0x42,0x40,0x42,0x00,0xBF,0xE0,0x00,0x00}},
  {0x538C, {0x7F,0xE0,0x42,0x00,0x42,0x80,0x42,0x40,0x5F,0xE0,0x42,0x00,0x45,0x00,0x45,0x00,0x48,0x80,0x50,0x40,0xA0,0x20,0x00,0x00}},
  {0x5395, {0x7F,0xE0,0x40,0x00,0x5E,0x20,0x52,0xA0,0x52,0xA0,0x52,0xA0,0x5A,0xA0,0x4A,0xA0,0x48,0xA0,0x54,0x20,0xA2,0x60,0x00,0x00}},
  {0x5398, {0x7F,0xE0,0x40,0x00,0x5F,0xC0,0x52,0x40,0x5F,0xC0,0x52,0x40,0x5F,0xC0,0x42,0x00,0x5F,0xC0,0x42,0x00,0xBF,0xE0,0x00,0x00}},
  {0x539A, {0x50,0x40,0x5F,0xC0,0x50,0x40,0x5F,0xC0,0x40,0x00,0x5F,0xC0,0x41,0x80,0x42,0x00,0x7F,0xE0,0x42,0x00,0x86,0x00,0x00,0x00}},
  {0x539F, {0x7F,0xE0,0x44,0x00,0x5F,0xC0,0x50,0x40,0x5F,0xC0,0x50,0x40,0x5F,0xC0,0x42,0x00,0x4A,0x80,0x52,0x40,0xA6,0x20,0x00,0x00}},
  {0x53A2, {0x40,0x00,0x49,0xE0,0x49,0x20,0x7F,0x20,0x49,0xE0,0x49,0x20,0x5D,0xE0,0x6B,0x20,0x49,0x20,0x49,0xE0,0x89,0x20,0x00,0x00}},
  {0x53A6, {0x40,0x00,0x7F,0xE0,0x44,0x00,0x5F,0xC0,0x50,0x40,0x5F,0xC0,0x50,0x40,0x5F,0xC0,0x68,0x80,0x47,0x00,0xB8,0xE0,0x00,0x00}},
  {0x53A8, {0x7F,0xE0,0x40,0x40,0x5C,0x40,0x41,0xE0,0x5C,0x40,0x54,0x40,0x5D,0x40,0x40,0xC0,0x54,0x40,0x4E,0x40,0xB0,0xC0,0x00,0x00}},
  {0x53BB, {0x04,0x00,0x04,0x00,0x7F,0xC0,0x04,0x00,0x04,0x00,0xFF,0xE0,0x08,0x00,0x11,0x00,0x20,0x80,0x7F,0xC0,0x00,0x40,0x00,0x00}},
  {0x53BF, {0x20,0x80,0x3F,0x80,0x20,0x80,0x3F,0x80,0x20,0x80,0xFF,0xE0,0x08,0x00,0x11,0x00,0x20,0x80,0x7F,0xC0,0x00,0x40,0x00,0x00}},
  {0x53C1, {0x20,0x80,0x7F,0xC0,0x08,0x40,0xFF,0xE0,0x11,0x00,0x20,0x80,0x5F,0x40,0x80,0x20,0x3F,0x80,0x00,0x00,0x7F,0xC0,0x00,0x00}},
  {0x53C2, {0x20,0x80,0x7F,0xC0,0x08,0x00,0xFF,0xE0,0x22,0x80,0x4C,0x40,0xB1,0x20,0x06,0x00,0x78,0x40,0x03,0x80,0x7C,0x00,0x00,0x00}},
  {0x53C8, {0x7F,0xC0,0x20,0x40,0x20,0x40,0x20,0x80,0x10,0x80,0x11,0x00,0x0A,0x00,0x04,0x00,0x0A,0x00,0x31,0x80,0xC0,0x60,0x00,0x00}},
  {0x53C9, {0x7F,0xC0,0x20,0x40,0x24,0x40,0x22,0x80,0x10,0x80,0x11,0x00,0x0A,0x00,0x04,0x00,0x0A,0x00,0x31,0x80,0xC0,0x60,0x00,0x00}},
  {0x53CA, {0x7F,0xC0,0x10,0x40,0x10,0x80,0x11,0x00,0x19,0xE0,0x28,0x20,0x24,0x40,0x22,0x80,0x41,0x00,0x46,0x80,0x98,0x60,0x00,0x00}},
  {0x53CB, {0x08,0x00,0xFF,0xE0,0x10,0x00,0x10,0x00,0x1F,0x80,0x28,0x80,0x28,0x80,0x45,0x00,0x42,0x00,0x8D,0x80,0x30,0x60,0x00,0x00}},
  {0x53CC, {0xFB,0xE0,0x0A,0x20,0x0A,0x20,0x8A,0x20,0x51,0x40,0x51,0x40,0x20,0x80,0x20,0x80,0x51,0x40,0x52,0x40,0x84,0x20,0x00,0x00}},
  {0x53CD, {0x7C,0x00,0x40,0x00,0x40,0x00,0x7F,0xC0,0x50,0x40,0x50,0x40,0x48,0x80,0x45,0x00,0x42,0x00,0x4D,0x80,0xB0,0x60,0x00,0x00}},
  {0x53D1, {0x88,0x80,0x88,0x00,0xFF,0xE0,0x10,0x00,0x10,0x00,0x1F,0x80,0x28,0x80,0x25,0x00,0x42,0x00,0x8D,0x80,0x30,0x60,0x00,0x00}},
  {0x53D4, {0x1D,0xE0,0x11,0x20,0x11,0x20,0xFD,0x20,0x01,0x40,0x11,0x40,0x58,0x80,0x54,0x80,0x91,0x40,0x12,0x40,0x34,0x20,0x00,0x00}},
  {0x53D6, {0xFC,0x00,0x4B,0xC0,0x49,0x40,0x79,0x40,0x49,0x40,0x79,0x40,0x49,0x40,0x4C,0x80,0xF8,0x80,0x09,0x40,0x0A,0x20,0x00,0x00}},
  {0x53D7, {0xFC,0x00,0x48,0x40,0x24,0x80,0xFF,0xE0,0x80,0x20,0xBF,0xA0,0x20,0x80,0x11,0x00,0x0E,0x00,0x31,0x80,0xC0,0x60,0x00,0x00}},
  {0x53D8, {0xFF,0xE0,0x11,0x00,0x51,0x40,0x91,0x20,0x00,0x00,0x7F,0x80,0x20,0x80,0x11,0x00,0x0E,0x00,0x31,0x80,0xC0,0x60,0x00,0x00}},
  {0x53D9, {0x2B,0xE0,0x45,0x20,0xB9,0x20,0x11,0x20,0x11,0x40,0x7D,0x40,0x10,0x80,0x58,0x80,0x95,0x40,0x11,0x40,0x32,0x20,0x00,0x00}},
  {0x53DB, {0xA8,0x60,0x77,0x80,0x24,0x00,0xF4,0x00,0x27,0xE0,0x25,0x20,0xFD,0x20,0x25,0x40,0x24,0x80,0x49,0x40,0x92,0x20,0x00,0x00}},
  {0x53E0, {0x21,0x00,0x1E,0x00,0x7B,0xC0,0x4A,0x40,0x31,0x80,0x4A,0x40,0xFF,0xE0,0xA0,0xA0,0x3F,0x80,0x20,0x80,0xFF,0xE0,0x00,0x00}},
  {0x53E3, {0x7F,0xC0,0x40,0x40,0x40,0x40,0x40,0x40,0x40,0x40,0x40,0x40,0x40,0x40,0x40,0x40,0x7F,0xC0,0x40,0x40,0x00,0x00,0x00,0x00}},
  {0x53E4, {0x04,0x00,0x04,0x00,0xFF,0xE0,0x04,0x00,0x04,0x00,0x7F,0xC0,0x40,0x40,0x40,0x40,0x40,0x40,0x7F,0xC0,0x40,0x40,0x00,0x00}},
  {0x53E5, {0x3F,0xE0,0x40,0x20,0x80,0x20,0x3F,0x20,0x21,0x20,0x21,0x20,0x21,0x20,0x3F,0x20,0x20,0x20,0x00,0x20,0x01,0xC0,0x00,0x00}},
  {0x53E6, {0x20,0x40,0x20,0x40,0x20,0x40,0x3F,0xC0,0x08,0x00,0x08,0x00,0x7F,0xE0,0x08,0x20,0x10,0x20,0x20,0x20,0x40,0xC0,0x00,0x00}},
  {0x53E8, {0xF7,0xE0,0x92,0x20,0x92,0x20,0x92,0x20,0x92,0x20,0x92,0x20,0x92,0x20,0xF2,0x20,0x94,0x20,0x04,0x20,0x08,0xC0,0x00,0x00}},
  {0x53EA, {0x7F,0xC0,0x40,0x40,0x40,0x40,0x40,0x40,0x40,0x40,0x7F,0xC0,0x00,0x00,0x00,0x00,0x20,0x80,0x40,0x40,0x80,0x20,0x00,0x00}},
  {0x53EB, {0xF4,0x40,0x94,0x40,0x94,0x40,0x94,0x40,0x94,0x40,0x94,0x40,0x94,0xC0,0xF7,0x40,0x94,0x40,0x00,0x40,0x00,0x40,0x00,0x00}},
  {0x53EC, {0x7F,0xC0,0x10,0x40,0x10,0x40,0x20,0x40,0x41,0x80,0x80,0x00,0x3F,0xC0,0x20,0x40,0x20,0x40,0x3F,0xC0,0x20,0x40,0x00,0x00}},
  {0x53ED, {0xE4,0x80,0xA4,0x80,0xA4,0x80,0xA4,0x80,0xA4,0x80,0xA4,0x80,0xA4,0x80,0xE4,0x80,0xA8,0x40,0x08,0x40,0x10,0x20,0x00,0x00}},
  {0x53EE, {0xF7,0xE0,0x90,0x80,0x90,0x80,0x90,0x80,0x90,0x80,0x90,0x80,0x90,0x80,0xF0,0x80,0x90,0x80,0x00,0x80,0x03,0x80,0x00,0x00}},
  {0x53EF, {0xFF,0xE0,0x00,0x40,0x00,0x40,0x7E,0x40,0x42,0x40,0x42,0x40,0x42,0x40,0x7E,0x40,0x40,0x40,0x00,0x40,0x01,0xC0,0x00,0x00}},
  {0x53F0, {0x10,0x00,0x20,0x80,0x40,0x40,0xFF,0xE0,0x00,0x20,0x7F,0xC0,0x40,0x40,0x40,0x40,0x40,0x40,0x7F,0xC0,0x40,0x40,0x00,0x00}},
  {0x53F2, {0x04,0x00,0x7F,0xC0,0x44,0x40,0x44,0x40,0x44,0x40,0x7F,0xC0,0x04,0x00,0x28,0x00,0x18,0x00,0x26,0x00,0xC1,0xE0,0x00,0x00}},
  {0x53F3, {0x04,0x00,0xFF,0xE0,0x08,0x00,0x08,0x00,0x10,0x00,0x1F,0xC0,0x30,0x40,0x50,0x40,0x90,0x40,0x1F,0xC0,0x10,0x40,0x00,0x00}},
  {0x53F6, {0xF1,0x00,0x91,0x00,0x91,0x00,0x91,0x00,0x9F,0xE0,0x91,0x00,0x91,0x00,0xF1,0x00,0x91,0x00,0x01,0x00,0x01,0x00,0x00,0x00}},
  {0x53F7, {0x20,0x80,0x20,0x80,0x3F,0x80,0x00,0x00,0xFF,0xE0,0x10,0x00,0x20,0x00,0x3F,0xC0,0x00,0x40,0x00,0x40,0x01,0x80,0x00,0x00}},
  {0x53F8, {0x7F,0xC0,0x00,0x40,0xFF,0x40,0x00,0x40,0x7E,0x40,0x42,0x40,0x42,0x40,0x42,0x40,0x7E,0x40,0x40,0x40,0x03,0x80,0x00,0x00}},
  {0x53F9, {0xEF,0xE0,0xA4,0x20,0xA4,0x20,0xA4,0x20,0xA4,0x40,0xA2,0x40,0xA2,0x80,0xE1,0x00,0xA2,0x80,0x04,0x40,0x18,0x20,0x00,0x00}},
  {0x53FC, {0xF7,0xE0,0x90,0x20,0x90,0x20,0x90,0xA0,0x91,0x20,0x92,0x20,0x94,0x20,0xF8,0x20,0x90,0x20,0x00,0x20,0x00,0xC0,0x00,0x00}},
  {0x53FD, {0xF7,0x80,0x94,0x80,0x94,0x80,0x94,0x80,0x94,0x80,0x94,0x80,0x94,0x80,0xF4,0x80,0x94,0xA0,0x08,0xA0,0x10,0x60,0x00,0x00}},
  {0x5401, {0xF7,0xC0,0x91,0x00,0x91,0x00,0x91,0x00,0x9F,0xE0,0x91,0x00,0x91,0x00,0xF1,0x00,0x91,0x00,0x01,0x00,0x07,0x00,0x00,0x00}},
  {0x5403, {0xE4,0x00,0xA7,0xE0,0xA8,0x00,0xB0,0x00,0xAF,0xC0,0xA0,0x40,0xA1,0x80,0xE6,0x00,0xA8,0x20,0x08,0x20,0x07,0xE0,0x00,0x00}},
  {0x5404, {0x3F,0x80,0x60,0x80,0x91,0x00,0x0E,0x00,0x31,0x80,0xC0,0x60,0x3F,0x80,0x20,0x80,0x20,0x80,0x3F,0x80,0x20,0x80,0x00,0x00}},
  {0x5406, {0xF1,0x00,0x92,0x00,0x92,0x40,0x94,0x40,0x97,0x80,0x91,0x00,0x91,0x00,0xF2,0x40,0x94,0x20,0x07,0xE0,0x00,0x20,0x00,0x00}},
  {0x5408, {0x0A,0x00,0x11,0x00,0x20,0x80,0xC0,0x60,0x3F,0x80,0x00,0x00,0x7F,0xC0,0x40,0x40,0x40,0x40,0x7F,0xC0,0x40,0x40,0x00,0x00}},
  {0x5409, {0x04,0x00,0xFF,0xE0,0x04,0x00,0x04,0x00,0x7F,0xC0,0x00,0x00,0x7F,0xC0,0x40,0x40,0x40,0x40,0x7F,0xC0,0x40,0x40,0x00,0x00}},
  {0x540A, {0x40,0x40,0x40,0x40,0x7F,0xC0,0x04,0x00,0x04,0x00,0xFF,0xE0,0x84,0x20,0x84,0x20,0x84,0x20,0x84,0x60,0x04,0x00,0x00,0x00}},
  {0x540C, {0x7F,0xE0,0x40,0x20,0x5F,0xA0,0x40,0x20,0x5F,0xA0,0x50,0xA0,0x50,0xA0,0x5F,0xA0,0x40,0x20,0x40,0x20,0x40,0xE0,0x00,0x00}},
  {0x540D, {0x08,0x00,0x1F,0xC0,0x20,0x40,0x50,0x80,0x0B,0x00,0x0C,0x00,0x3F,0xE0,0xD0,0x20,0x10,0x20,0x1F,0xE0,0x10,0x20,0x00,0x00}},
  {0x540E, {0x3E,0x00,0x20,0x00,0x20,0x00,0x3F,0xE0,0x20,0x00,0x20,0x00,0x2F,0xE0,0x28,0x20,0x48,0x20,0x4F,0xE0,0x88,0x20,0x00,0x00}},
  {0x540F, {0x04,0x00,0xFF,0xE0,0x04,0x00,0x7F,0xC0,0x44,0x40,0x44,0x40,0x7F,0xC0,0x28,0x00,0x18,0x00,0x26,0x00,0xC1,0xE0,0x00,0x00}},
  {0x5410, {0x01,0x00,0xF1,0x00,0x91,0x00,0x97,0xC0,0x91,0x00,0x91,0x00,0x91,0x00,0xF1,0x00,0x91,0x00,0x01,0x00,0x0F,0xE0,0x00,0x00}},
  {0x5411, {0x10,0x00,0xFF,0xE0,0x80,0x20,0x80,0x20,0x9F,0x20,0x91,0x20,0x91,0x20,0x91,0x20,0x9F,0x20,0x80,0x20,0x80,0xE0,0x00,0x00}},
  {0x5413, {0x0F,0xE0,0xF1,0x00,0x91,0x00,0x91,0x00,0x91,0x80,0x91,0x40,0x91,0x20,0xF1,0x20,0x91,0x00,0x01,0x00,0x01,0x00,0x00,0x00}},
  {0x5415, {0x20,0x80,0x20,0x80,0x20,0x80,0x3F,0x80,0x00,0x00,0x7F,0xC0,0x40,0x40,0x40,0x40,0x40,0x40,0x7F,0xC0,0x40,0x40,0x00,0x00}},
  {0x5417, {0xE0,0x40,0xA4,0x40,0xA4,0x40,0xA4,0x40,0xA7,0xE0,0xA0,0x20,0xA0,0x20,0xEF,0xA0,0xA0,0x20,0x00,0x20,0x00,0xC0,0x00,0x00}},
  {0x541B, {0x7F,0xC0,0x08,0x40,0xFF,0xE0,0x08,0x40,0x7F,0xC0,0x10,0x00,0x3F,0xC0,0x60,0x40,0xA0,0x40,0x3F,0xC0,0x20,0x40,0x00,0x00}},
  {0x541D, {0x04,0x00,0xFF,0xE0,0x20,0x80,0x11,0x00,0x0E,0x00,0x31,0x80,0xC0,0x60,0x3F,0x80,0x20,0x80,0x20,0x80,0x3F,0x80,0x00,0x00}},
  {0x541E, {0x04,0x00,0x08,0x00,0xFF,0xE0,0x11,0x00,0x20,0x80,0x40,0x40,0xBF,0xA0,0x20,0x80,0x20,0x80,0x3F,0x80,0x20,0x80,0x00,0x00}},
  {0x541F, {0xF1,0x00,0x92,0x80,0x92,0x80,0x94,0x40,0x99,0x20,0x90,0x00,0x97,0xC0,0xF0,0x40,0x90,0x80,0x00,0x80,0x01,0x00,0x00,0x00}},
  {0x5420, {0xF1,0x40,0x91,0x20,0x91,0x00,0x9F,0xE0,0x91,0x00,0x92,0x80,0x92,0x80,0xF2,0x80,0x94,0x40,0x04,0x40,0x08,0x20,0x00,0x00}},
  {0x5426, {0x04,0x00,0x0D,0x80,0x34,0x40,0xC4,0x20,0x04,0x00,0x00,0x00,0x7F,0xC0,0x40,0x40,0x40,0x40,0x7F,0xC0,0x40,0x40,0x00,0x00}},
  {0x5427, {0xEF,0xE0,0xA9,0x20,0xA9,0x20,0xA9,0x20,0xA9,0x20,0xAF,0xE0,0xA8,0x00,0xE8,0x00,0xA8,0x20,0x08,0x20,0x07,0xE0,0x00,0x00}},
  {0x5428, {0x01,0x00,0xEF,0xE0,0xA1,0x00,0xA9,0x20,0xA9,0x20,0xA9,0x20,0xAF,0xE0,0xE1,0x00,0xA1,0x20,0x01,0x20,0x00,0xE0,0x00,0x00}},
  {0x5429, {0xF2,0x80,0x94,0x40,0x94,0x40,0x98,0x20,0x97,0xC0,0x92,0x40,0x92,0x40,0xF2,0x40,0x94,0x40,0x04,0x40,0x09,0x80,0x00,0x00}},
  {0x542B, {0x0A,0x00,0x11,0x00,0x28,0x80,0xC4,0x60,0x3F,0x00,0x01,0x00,0x02,0x00,0x7F,0xC0,0x40,0x40,0x40,0x40,0x7F,0xC0,0x00,0x00}},
  {0x542C, {0xF7,0x00,0x94,0x00,0x94,0x00,0x97,0xE0,0x94,0x80,0x94,0x80,0x94,0x80,0xF4,0x80,0x94,0x80,0x04,0x80,0x08,0x80,0x00,0x00}},
  {0x542D, {0x01,0x00,0xEF,0xE0,0xA0,0x00,0xA0,0x00,0xA7,0x80,0xA4,0x80,0xA4,0x80,0xE4,0x80,0xA4,0xA0,0x08,0xA0,0x10,0x60,0x00,0x00}},
  {0x542E, {0x02,0x00,0xE4,0x80,0xA8,0x40,0xBF,0xC0,0xA5,0x40,0xA5,0x00,0xA5,0x00,0xE5,0x00,0xA5,0x20,0x09,0x20,0x10,0xE0,0x00,0x00}},
  {0x542F, {0x02,0x00,0x3F,0xE0,0x20,0x20,0x20,0x20,0x3F,0xE0,0x20,0x00,0x3F,0xE0,0x30,0x20,0x50,0x20,0x5F,0xE0,0x90,0x20,0x00,0x00}},
  {0x5431, {0x01,0x00,0xEF,0xE0,0xA1,0x00,0xA1,0x00,0xAF,0xC0,0xA4,0x40,0xA4,0x40,0xE2,0x80,0xA1,0x00,0x06,0x80,0x18,0x60,0x00,0x00}},
  {0x5434, {0x20,0x80,0x20,0x80,0x3F,0x80,0x00,0x00,0x7F,0xC0,0x04,0x00,0xFF,0xE0,0x04,0x00,0x0A,0x00,0x31,0x80,0xC0,0x60,0x00,0x00}},
  {0x5435, {0xF1,0x00,0x91,0x40,0x95,0x20,0x95,0x20,0x95,0x20,0x99,0x00,0x91,0x20,0xF0,0x40,0x90,0x80,0x03,0x00,0x0C,0x00,0x00,0x00}},
  {0x5438, {0xEF,0xC0,0xA4,0x40,0xA4,0x40,0xA4,0x80,0xA4,0xE0,0xA4,0x20,0xA6,0x20,0xE5,0x40,0xA8,0x80,0x09,0x40,0x12,0x20,0x00,0x00}},
  {0x5439, {0xF2,0x00,0x93,0xE0,0x94,0x20,0x94,0x40,0x99,0x00,0x91,0x00,0x91,0x00,0xF2,0x80,0x92,0x80,0x04,0x40,0x08,0x20,0x00,0x00}},
  {0x543B, {0xE4,0x00,0xA7,0xE0,0xAA,0xA0,0xAA,0xA0,0xB2,0xA0,0xA4,0xA0,0xA5,0x20,0xE9,0x20,0xB2,0x20,0x04,0x20,0x08,0xC0,0x00,0x00}},
  {0x543C, {0x0E,0x80,0xE2,0x80,0xA4,0x80,0xA5,0x80,0xA6,0x80,0xA4,0x80,0xBC,0x80,0xE4,0x80,0xA4,0xA0,0x04,0xA0,0x0C,0x60,0x00,0x00}},
  {0x5440, {0xF7,0xE0,0x90,0x40,0x92,0x40,0x94,0x40,0x97,0xE0,0x90,0xC0,0x91,0x40,0xF2,0x40,0x94,0x40,0x08,0x40,0x00,0xC0,0x00,0x00}},
  {0x5446, {0x40,0x40,0x40,0x40,0x7F,0xC0,0x04,0x00,0x04,0x00,0xFF,0xE0,0x0E,0x00,0x15,0x00,0x24,0x80,0xC4,0x60,0x04,0x00,0x00,0x00}},
  {0x5448, {0x40,0x40,0x40,0x40,0x7F,0xC0,0x00,0x00,0x7F,0xC0,0x04,0x00,0x04,0x00,0x3F,0x80,0x04,0x00,0x04,0x00,0xFF,0xE0,0x00,0x00}},
  {0x544A, {0x24,0x00,0x3F,0xC0,0x44,0x00,0x04,0x00,0xFF,0xE0,0x00,0x00,0x7F,0xC0,0x40,0x40,0x40,0x40,0x7F,0xC0,0x40,0x40,0x00,0x00}},
  {0x5450, {0x01,0x00,0xEF,0xE0,0xA9,0x20,0xA9,0x20,0xA9,0x20,0xAA,0xA0,0xAC,0x60,0xE8,0x20,0xA8,0x20,0x08,0x20,0x08,0x60,0x00,0x00}},
  {0x5455, {0x0F,0xE0,0xE8,0x00,0xAA,0x40,0xA9,0x40,0xA9,0x40,0xA8,0x80,0xA8,0x80,0xE9,0x40,0xAA,0x40,0x08,0x00,0x0F,0xE0,0x00,0x00}},
  {0x5458, {0x20,0x80,0x3F,0x80,0x00,0x00,0x7F,0xC0,0x40,0x40,0x44,0x40,0x44,0x40,0x44,0x40,0x0B,0x00,0x30,0xC0,0xC0,0x20,0x00,0x00}},
  {0x545B, {0x01,0x00,0xF2,0x80,0x94,0x40,0x98,0x20,0x97,0xC0,0x94,0x40,0x94,0x40,0xF4,0xC0,0x94,0x00,0x04,0x20,0x03,0xE0,0x00,0x00}},
  {0x545C, {0xE7,0xC0,0xA4,0x40,0xA4,0x40,0xA4,0xC0,0xA4,0x00,0xA7,0xE0,0xA0,0x20,0xE0,0x20,0xAF,0xA0,0x00,0x20,0x00,0xC0,0x00,0x00}},
  {0x5462, {0xF7,0xE0,0x94,0x20,0x94,0x20,0x97,0xE0,0x94,0x00,0x95,0x20,0x95,0x40,0xF5,0x80,0x95,0x20,0x05,0x20,0x08,0xE0,0x00,0x00}},
  {0x5468, {0x20,0x20,0x22,0x20,0x2F,0xA0,0x22,0x20,0x3F,0xE0,0x20,0x20,0x2F,0xA0,0x28,0xA0,0x2F,0xA0,0x40,0x20,0x80,0xE0,0x00,0x00}},
  {0x5473, {0xF1,0x00,0x97,0xC0,0x91,0x00,0x91,0x00,0x9F,0xE0,0x91,0x00,0x93,0x80,0xF5,0x40,0x99,0x20,0x01,0x00,0x01,0x00,0x00,0x00}},
  {0x5475, {0xEF,0xE0,0xA0,0x40,0xA0,0x40,0xAF,0x40,0xA9,0x40,0xA9,0x40,0xA9,0x40,0xEF,0x40,0xA8,0x40,0x00,0x40,0x01,0xC0,0x00,0x00}},
  {0x547B, {0x01,0x00,0xEF,0xE0,0xA9,0x20,0xA9,0x20,0xAF,0xE0,0xA9,0x20,0xA9,0x20,0xEF,0xE0,0xA9,0x20,0x01,0x00,0x01,0x00,0x00,0x00}},
  {0x547C, {0xEF,0x00,0xA1,0x00,0xA9,0x20,0xA5,0x40,0xA1,0x00,0xAF,0xE0,0xA1,0x00,0xE1,0x00,0xA1,0x00,0x01,0x00,0x07,0x00,0x00,0x00}},
  {0x547D, {0x0A,0x00,0x11,0x00,0x20,0x80,0xDF,0x60,0x00,0x00,0x7B,0xC0,0x4A,0x40,0x4A,0x40,0x7A,0x40,0x4A,0xC0,0x02,0x00,0x00,0x00}},
  {0x5486, {0x08,0x00,0xEF,0xC0,0xB0,0x40,0xAF,0x40,0xA9,0x40,0xA9,0x40,0xAF,0x40,0xE8,0xC0,0xA8,0x20,0x08,0x20,0x07,0xE0,0x00,0x00}},
  {0x548C, {0x70,0x00,0x13,0xE0,0x12,0x20,0xFE,0x20,0x12,0x20,0x3A,0x20,0x56,0x20,0x92,0x20,0x13,0xE0,0x12,0x20,0x10,0x00,0x00,0x00}},
  {0x548F, {0xE1,0x80,0xA0,0x00,0xA7,0x00,0xA1,0x20,0xAD,0x40,0xA5,0x80,0xA5,0x80,0xE5,0x40,0xA9,0x40,0x11,0x20,0x03,0x00,0x00,0x00}},
  {0x5490, {0xE4,0x40,0xA8,0x40,0xAB,0xE0,0xB8,0x40,0xAA,0x40,0xA9,0x40,0xA9,0x40,0xE8,0x40,0xA8,0x40,0x08,0x40,0x08,0xC0,0x00,0x00}},
  {0x5492, {0x7B,0xC0,0x4A,0x40,0x4A,0x40,0x7B,0xC0,0x00,0x00,0x1F,0x00,0x11,0x00,0x11,0x00,0x11,0x20,0x21,0x20,0xC0,0xE0,0x00,0x00}},
  {0x5495, {0x01,0x00,0xF1,0x00,0x9F,0xE0,0x91,0x00,0x91,0x00,0x97,0xC0,0x94,0x40,0xF4,0x40,0x94,0x40,0x07,0xC0,0x04,0x40,0x00,0x00}},
  {0x5496, {0x08,0x00,0xE8,0xE0,0xBE,0xA0,0xAA,0xA0,0xAA,0xA0,0xAA,0xA0,0xAA,0xA0,0xEA,0xA0,0x8A,0xA0,0x12,0xE0,0x26,0xA0,0x00,0x00}},
  {0x5499, {0xE4,0x40,0xA4,0x00,0xBF,0xE0,0xA5,0x00,0xA5,0x20,0xA5,0x40,0xA5,0x80,0xE9,0x00,0xAB,0x20,0x15,0x20,0x20,0xE0,0x00,0x00}},
  {0x54A7, {0x1E,0x20,0xE8,0xA0,0xA8,0xA0,0xAE,0xA0,0xB2,0xA0,0xB2,0xA0,0xAA,0xA0,0xE4,0xA0,0xA4,0x20,0x08,0x20,0x10,0xE0,0x00,0x00}},
  {0x54A8, {0x8F,0xE0,0x52,0x20,0x02,0x40,0x05,0x00,0x48,0x80,0x90,0x60,0x7F,0xC0,0x40,0x40,0x40,0x40,0x7F,0xC0,0x40,0x40,0x00,0x00}},
  {0x54AA, {0xE1,0x00,0xA9,0x20,0xA5,0x40,0xA1,0x00,0xAF,0xE0,0xA1,0x00,0xA3,0x80,0xE5,0x40,0xA9,0x20,0x01,0x00,0x01,0x00,0x00,0x00}},
  {0x54AC, {0xE1,0x00,0xBF,0xE0,0xA0,0x00,0xA4,0x80,0xA8,0x40,0xB4,0xA0,0xA4,0x80,0xE4,0x80,0xA3,0x00,0x04,0x80,0x18,0x60,0x00,0x00}},
  {0x54B1, {0x02,0x00,0xF7,0xE0,0x94,0x20,0x94,0x20,0x97,0xE0,0x94,0x20,0x94,0x20,0xF7,0xE0,0x94,0x20,0x04,0x20,0x07,0xE0,0x00,0x00}},
  {0x54B3, {0x01,0x00,0xEF,0xE0,0xA2,0x00,0xA4,0x40,0xAF,0x80,0xA1,0x20,0xA2,0x40,0xEC,0x80,0xA1,0x80,0x02,0x40,0x0C,0x20,0x00,0x00}},
  {0x54B8, {0x00,0x80,0x7F,0xE0,0x40,0x80,0x5E,0x80,0x40,0xA0,0x5E,0xA0,0x52,0xA0,0x52,0xC0,0x5E,0xA0,0x41,0x60,0x82,0x20,0x00,0x00}},
  {0x54BD, {0xE8,0x20,0xA9,0x20,0xA9,0x20,0xAF,0xE0,0xA9,0x20,0xA9,0x20,0xAA,0xA0,0xEC,0x60,0xA8,0x20,0x0F,0xE0,0x08,0x20,0x00,0x00}},
  {0x54C0, {0x04,0x00,0xFF,0xE0,0x00,0x00,0x7F,0xC0,0x40,0x40,0x7F,0xC0,0x0C,0x00,0x12,0x20,0x31,0x40,0xD4,0x80,0x18,0x60,0x00,0x00}},
  {0x54C1, {0x20,0x80,0x20,0x80,0x20,0x80,0x3F,0x80,0x00,0x00,0xFB,0xE0,0x8A,0x20,0x8A,0x20,0x8A,0x20,0xFB,0xE0,0x8A,0x20,0x00,0x00}},
  {0x54C4, {0xE4,0x80,0xA4,0x80,0xAF,0xC0,0xA4,0x80,0xA4,0x80,0xA4,0x80,0xBF,0xE0,0xE0,0x00,0xA4,0x80,0x08,0x40,0x10,0x20,0x00,0x00}},
  {0x54C6, {0xF3,0xC0,0x94,0x40,0x9A,0x80,0x91,0x00,0x92,0x80,0x95,0xE0,0x92,0x20,0xF5,0x40,0x90,0x80,0x03,0x00,0x0C,0x00,0x00,0x00}},
  {0x54C8, {0x01,0x00,0xF2,0x80,0x94,0x40,0x98,0x20,0x97,0xC0,0x90,0x00,0x97,0xC0,0xF4,0x40,0x94,0x40,0x07,0xC0,0x04,0x40,0x00,0x00}},
  {0x54CD, {0x02,0x00,0xEF,0xE0,0xA8,0x20,0xA8,0x20,0xAB,0xA0,0xAA,0xA0,0xAA,0xA0,0xEB,0xA0,0xA8,0x20,0x08,0x20,0x08,0x60,0x00,0x00}},
  {0x54CE, {0xE8,0x80,0xBF,0xE0,0xA8,0x80,0xA0,0x00,0xA8,0x80,0xA8,0x80,0xA5,0x00,0xE2,0x00,0xA5,0x00,0x08,0x80,0x30,0x60,0x00,0x00}},
  {0x54D1, {0x1F,0xE0,0xE4,0x80,0xA4,0x80,0xA4,0x80,0xB4,0xA0,0xAC,0xC0,0xA4,0x80,0xE4,0x80,0xA4,0x80,0x04,0x80,0x1F,0xE0,0x00,0x00}},
  {0x54D7, {0xE4,0xA0,0xAC,0xC0,0xB4,0x80,0xA5,0xA0,0xA6,0xA0,0xA4,0x60,0xA1,0x00,0xEF,0xE0,0xA1,0x00,0x01,0x00,0x01,0x00,0x00,0x00}},
  {0x54DF, {0xE4,0x80,0xA8,0xE0,0xAB,0x20,0xAC,0x20,0xA5,0x20,0xA8,0xA0,0xAE,0xA0,0xE0,0x20,0xA2,0x20,0x0C,0x20,0x00,0xC0,0x00,0x00}},
  {0x54E5, {0x00,0x40,0x7E,0x40,0x42,0x40,0x7E,0x40,0x00,0x00,0xFF,0xE0,0x00,0x40,0x7E,0x40,0x42,0x40,0x7E,0x40,0x00,0xC0,0x00,0x00}},
  {0x54E8, {0x09,0x20,0xE5,0x40,0xA1,0x00,0xAF,0xE0,0xA8,0x20,0xAF,0xE0,0xA8,0x20,0xEF,0xE0,0xA8,0x20,0x08,0x20,0x08,0x60,0x00,0x00}},
  {0x54E9, {0xE9,0x20,0xA9,0x20,0xAF,0xE0,0xA9,0x20,0xA9,0x20,0xAF,0xE0,0xA1,0x00,0xEF,0xE0,0xA1,0x00,0x01,0x00,0x1F,0xE0,0x00,0x00}},
  {0x54EA, {0x1E,0xE0,0xEA,0xA0,0xAA,0xA0,0xBE,0xC0,0xAA,0xC0,0xAA,0xA0,0xBE,0xA0,0xEA,0xA0,0xAA,0xC0,0x12,0x80,0x26,0x80,0x00,0x00}},
  {0x54ED, {0x4A,0x40,0x4A,0x40,0x7B,0xC0,0x04,0x80,0x04,0x40,0xFF,0xE0,0x04,0x00,0x0A,0x00,0x11,0x00,0x20,0x80,0xC0,0x60,0x00,0x00}},
  {0x54EE, {0xEF,0xA0,0xA2,0x40,0xBF,0xE0,0xA1,0x00,0xAF,0xC0,0xA4,0x40,0xA9,0x80,0xF7,0xE0,0xA1,0x00,0x01,0x00,0x03,0x00,0x00,0x00}},
  {0x54F2, {0xF7,0x80,0x24,0x00,0x37,0xE0,0xE4,0x80,0x24,0x80,0x68,0x80,0x00,0x00,0x7F,0xC0,0x40,0x40,0x40,0x40,0x7F,0xC0,0x00,0x00}},
  {0x54FA, {0xE1,0x20,0xAF,0xE0,0xA1,0x00,0xAF,0xE0,0xA9,0x20,0xAF,0xE0,0xA9,0x20,0xEF,0xE0,0xA9,0x20,0x09,0x20,0x08,0x60,0x00,0x00}},
  {0x54FC, {0x1F,0xE0,0xE0,0x00,0xAF,0xC0,0xA8,0x40,0xAF,0xC0,0xA0,0x00,0xAF,0xC0,0xE0,0x80,0xA1,0x00,0x01,0x00,0x03,0x00,0x00,0x00}},
  {0x5501, {0xE1,0x00,0xBF,0xE0,0xA0,0x00,0xAF,0xC0,0xA0,0x00,0xAF,0xC0,0xA0,0x00,0xEF,0xC0,0xA8,0x40,0x0F,0xC0,0x08,0x40,0x00,0x00}},
  {0x5506, {0xE4,0x40,0xAF,0xE0,0xA0,0x20,0xA4,0x40,0xAA,0x20,0xA3,0xC0,0xA4,0x40,0xEA,0x80,0xA1,0x00,0x02,0x80,0x0C,0x60,0x00,0x00}},
  {0x5507, {0x40,0x00,0x5F,0xC0,0x40,0x00,0x7F,0xE0,0x52,0x40,0x51,0x80,0x58,0x60,0x40,0x00,0x5F,0xC0,0x90,0x40,0x1F,0xC0,0x00,0x00}},
  {0x5509, {0xE2,0x00,0xA4,0x40,0xAF,0xE0,0xA4,0x20,0xA7,0xC0,0xA9,0x00,0xA1,0x00,0xEF,0xE0,0xA2,0x80,0x04,0x40,0x18,0x20,0x00,0x00}},
  {0x5510, {0x7F,0xE0,0x42,0x00,0x5F,0xC0,0x42,0x40,0x7F,0xE0,0x42,0x40,0x5F,0xC0,0x42,0x00,0x5F,0xC0,0x50,0x40,0x9F,0xC0,0x00,0x00}},
  {0x5520, {0xEF,0xE0,0xA4,0x40,0xA0,0x00,0xAF,0xE0,0xA8,0x20,0xA2,0x00,0xAF,0xE0,0xE2,0x20,0xA2,0x20,0x04,0x20,0x08,0xC0,0x00,0x00}},
  {0x5524, {0xE7,0x80,0xA8,0x80,0xB1,0x00,0xAF,0xC0,0xAA,0x40,0xAA,0x40,0xAA,0x40,0xFF,0xE0,0xA5,0x00,0x08,0x80,0x10,0x60,0x00,0x00}},
  {0x5527, {0xEE,0xE0,0xAA,0xA0,0xAA,0xA0,0xAE,0xA0,0xAA,0xA0,0xAA,0xA0,0xAE,0xA0,0xE8,0xE0,0xAA,0x80,0x0D,0x80,0x08,0x80,0x00,0x00}},
  {0x552C, {0x01,0xC0,0xE1,0x00,0xAF,0xE0,0xA9,0x20,0xA9,0xC0,0xAF,0x20,0xA8,0xE0,0xEB,0x80,0xAA,0x80,0x0A,0xA0,0x14,0x60,0x00,0x00}},
  {0x552E, {0x3F,0xE0,0x42,0x00,0xFF,0xC0,0x42,0x00,0x7F,0xC0,0x42,0x00,0x7F,0xE0,0x00,0x00,0x7F,0xC0,0x40,0x40,0x7F,0xC0,0x00,0x00}},
  {0x552F, {0xE4,0x80,0xAF,0xE0,0xA9,0x00,0xB9,0x00,0xAF,0xC0,0xA9,0x00,0xA9,0x00,0xEF,0xC0,0xA9,0x00,0x09,0x00,0x0F,0xE0,0x00,0x00}},
  {0x5531, {0xE4,0x40,0xA7,0xC0,0xA4,0x40,0xA7,0xC0,0xA0,0x00,0xAF,0xE0,0xA8,0x20,0xEF,0xE0,0xA8,0x20,0x0F,0xE0,0x08,0x20,0x00,0x00}},
  {0x553E, {0xE7,0x00,0xA1,0x00,0xAF,0xE0,0xA5,0x40,0xA5,0x40,0xAF,0xE0,0xA5,0x40,0xE5,0x40,0xAF,0xE0,0x01,0x00,0x07,0xC0,0x00,0x00}},
  {0x5543, {0xE9,0xC0,0xA9,0x00,0xBF,0xE0,0xA0,0x00,0xAF,0xC0,0xA8,0x40,0xAF,0xC0,0xE8,0x40,0xAF,0xC0,0x08,0x40,0x08,0xC0,0x00,0x00}},
  {0x5544, {0xEF,0xE0,0xA2,0x00,0xA5,0x00,0xA9,0xA0,0xA6,0xC0,0xA4,0x80,0xAB,0xC0,0xE2,0xA0,0xA4,0x80,0x08,0x80,0x03,0x00,0x00,0x00}},
  {0x5546, {0xFF,0xE0,0x20,0x80,0x11,0x00,0x7F,0xC0,0x4A,0x40,0x51,0x40,0x6E,0xC0,0x4A,0x40,0x4E,0x40,0x40,0x40,0x40,0xC0,0x00,0x00}},
  {0x554A, {0xEE,0xE0,0xAA,0x40,0xAB,0xC0,0xAD,0x40,0xAD,0x40,0xAB,0x40,0xAB,0xC0,0xEA,0x40,0xAC,0x40,0x08,0x40,0x08,0xC0,0x00,0x00}},
  {0x5561, {0x02,0x80,0xEE,0xE0,0xA2,0x80,0xA2,0x80,0xAE,0xE0,0xA2,0x80,0xA2,0x80,0xEE,0xE0,0xA2,0x80,0x02,0x80,0x02,0x80,0x00,0x00}},
  {0x5564, {0x04,0x00,0xEF,0xC0,0xA9,0x40,0xAF,0xC0,0xAA,0x40,0xAF,0xC0,0xA4,0x00,0xE9,0x00,0xBF,0xE0,0x01,0x00,0x01,0x00,0x00,0x00}},
  {0x5565, {0xE2,0x80,0xA4,0x40,0xAB,0xA0,0xA1,0x00,0xAF,0xE0,0xA1,0x00,0xA7,0xC0,0xE4,0x40,0xA4,0x40,0x07,0xC0,0x04,0x40,0x00,0x00}},
  {0x5566, {0xE8,0x40,0xA8,0x00,0xBD,0xE0,0xA8,0x00,0xA9,0x20,0xAD,0x20,0xB9,0x20,0xE9,0x40,0xA8,0x40,0x08,0x80,0x1B,0xE0,0x00,0x00}},
  {0x5570, {0x0F,0xE0,0xEA,0xA0,0xAA,0xA0,0xAF,0xE0,0xA2,0x00,0xA3,0xE0,0xA4,0x20,0xEA,0x40,0xA1,0x80,0x03,0x00,0x0C,0x00,0x00,0x00}},
  {0x5578, {0xEF,0xC0,0xA2,0x40,0xBF,0xE0,0xA2,0x40,0xAF,0xC0,0xA2,0x00,0xAA,0x40,0xEF,0x40,0xAA,0xC0,0x0A,0x40,0x12,0x40,0x00,0x00}},
  {0x557C, {0xEF,0xE0,0xA4,0x40,0xA2,0x80,0xAF,0xE0,0xA8,0x20,0xA1,0x00,0xAF,0xE0,0xE9,0x20,0xA9,0x20,0x09,0x60,0x01,0x00,0x00,0x00}},
  {0x5582, {0xE9,0x20,0xAF,0xE0,0xA9,0x20,0xAF,0xE0,0xA0,0x00,0xBF,0xE0,0xA9,0x00,0xE9,0x20,0xA8,0xC0,0x0A,0x40,0x0C,0x20,0x00,0x00}},
  {0x5584, {0xFF,0xE0,0x04,0x00,0x7F,0xC0,0x04,0x00,0x7F,0xC0,0x24,0x80,0xFF,0xE0,0x00,0x00,0x7F,0xC0,0x40,0x40,0x7F,0xC0,0x00,0x00}},
  {0x5587, {0xE4,0x20,0xBF,0x20,0xA4,0xA0,0xBF,0xA0,0xB5,0xA0,0xBF,0xA0,0xA4,0xA0,0xEE,0xA0,0xB5,0x20,0x04,0x20,0x04,0x60,0x00,0x00}},
  {0x5589, {0x05,0xC0,0xE8,0x40,0xAB,0xE0,0xB9,0x00,0xA9,0xE0,0xAA,0x80,0xA8,0x80,0xEB,0xE0,0xA8,0x80,0x09,0x40,0x0A,0x20,0x00,0x00}},
  {0x558A, {0x00,0x80,0xEF,0xE0,0xA8,0x80,0xAE,0x80,0xA8,0xA0,0xAE,0xA0,0xAA,0xC0,0xEA,0xC0,0xAE,0xA0,0x09,0x60,0x12,0x20,0x00,0x00}},
  {0x5598, {0xE9,0x20,0xA9,0x20,0xAF,0xE0,0xA0,0x00,0xAF,0xE0,0xA1,0x00,0xAF,0xE0,0xEA,0xA0,0xAA,0xA0,0x0A,0xA0,0x08,0x60,0x00,0x00}},
  {0x559C, {0xFF,0xE0,0x04,0x00,0x7F,0xC0,0x00,0x00,0x7F,0xC0,0x40,0x40,0x7F,0xC0,0x20,0x80,0xFF,0xE0,0x40,0x40,0x7F,0xC0,0x00,0x00}},
  {0x559D, {0xE8,0x40,0xAF,0xC0,0xA8,0x40,0xAF,0xC0,0xA4,0x00,0xAF,0xE0,0xB1,0x20,0xE2,0xA0,0xA8,0x20,0x0F,0x20,0x00,0x60,0x00,0x00}},
  {0x55A7, {0x0F,0xE0,0xF8,0x20,0x97,0xC0,0x90,0x00,0x97,0xC0,0x94,0x40,0x97,0xC0,0xF4,0x40,0x97,0xC0,0x00,0x00,0x0F,0xE0,0x00,0x00}},
  {0x55B3, {0x0F,0xE0,0xF3,0x80,0x95,0x40,0x99,0x20,0x97,0xC0,0x94,0x40,0x97,0xC0,0xF4,0x40,0x97,0xC0,0x00,0x00,0x0F,0xE0,0x00,0x00}},
  {0x55B7, {0xEF,0xE0,0xA1,0x00,0xA4,0x40,0xAF,0xE0,0xA4,0x40,0xAF,0xE0,0xA8,0x20,0xE9,0x20,0xA9,0x20,0x02,0xC0,0x0C,0x20,0x00,0x00}},
  {0x55BB, {0xE2,0x80,0xA4,0x40,0xAB,0xA0,0xA0,0x00,0xAE,0x20,0xAA,0xA0,0xAE,0xA0,0xEA,0xA0,0xAE,0xA0,0x0A,0x20,0x0A,0x60,0x00,0x00}},
  {0x55C5, {0xEF,0xC0,0xA8,0x40,0xAF,0xC0,0xA8,0x40,0xAF,0xC0,0xA8,0x40,0xAF,0xC0,0xE2,0x80,0xBF,0xE0,0x05,0x00,0x18,0xE0,0x00,0x00}},
  {0x55D3, {0xE4,0x40,0xA3,0x80,0xA4,0x40,0xAE,0xE0,0xAA,0xA0,0xA4,0x40,0xAA,0xA0,0xE1,0x00,0xAF,0xE0,0x05,0x40,0x09,0x20,0x00,0x00}},
  {0x55DC, {0xEF,0x40,0xA2,0x80,0xBF,0xE0,0xA6,0x40,0xAA,0xA0,0xB1,0xE0,0xAF,0xC0,0xE8,0x40,0xAF,0xC0,0x08,0x40,0x0F,0xC0,0x00,0x00}},
  {0x55E1, {0xE4,0x20,0xA9,0x00,0xA2,0x40,0xA7,0xE0,0xA0,0x00,0xAE,0xE0,0xA2,0x20,0xEA,0xA0,0xA6,0x60,0x0A,0xA0,0x06,0x60,0x00,0x00}},
  {0x55E4, {0xE9,0x20,0xAF,0xE0,0xA1,0x00,0xAF,0xE0,0xA0,0x00,0xA1,0x00,0xAF,0xE0,0xE9,0x20,0xAF,0xE0,0x01,0x20,0x1F,0xE0,0x00,0x00}},
  {0x55E6, {0xEF,0xE0,0xA1,0x00,0xAF,0xE0,0xAA,0x20,0xA4,0x80,0xA7,0x00,0xA2,0x40,0xEF,0xE0,0xA1,0x00,0x05,0x40,0x0B,0x20,0x00,0x00}},
  {0x55FD, {0xE8,0x80,0xBE,0xE0,0xA9,0x20,0xBE,0x20,0xAA,0x80,0xBE,0x80,0xA8,0x80,0xEC,0x80,0x9B,0x40,0x29,0x40,0x0A,0x20,0x00,0x00}},
  {0x5600, {0xEF,0xE0,0xA4,0x40,0xA2,0x80,0xAF,0xE0,0xA9,0x20,0xAB,0xA0,0xA9,0x20,0xEB,0xA0,0xAA,0xA0,0x0B,0xA0,0x08,0x60,0x00,0x00}},
  {0x5601, {0xE0,0x80,0xAF,0xE0,0xAA,0x80,0xAB,0x80,0xAA,0xA0,0xAF,0xA0,0xAA,0xA0,0xEB,0xC0,0xAE,0xA0,0x0B,0x60,0x16,0x20,0x00,0x00}},
  {0x5609, {0xFF,0xE0,0x04,0x00,0x7F,0xC0,0x20,0x80,0x3F,0x80,0x11,0x00,0xFF,0xE0,0x20,0x00,0xFD,0xE0,0x25,0x20,0xCD,0xE0,0x00,0x00}},
  {0x5631, {0xE8,0x40,0xAF,0xC0,0xA9,0x00,0xAF,0xC0,0xAD,0x40,0xAF,0xC0,0xA9,0x00,0xEF,0xE0,0xB5,0x20,0x17,0xA0,0x24,0x60,0x00,0x00}},
  {0x5632, {0x0E,0xE0,0xE4,0xA0,0xAE,0xA0,0xAA,0xE0,0xAE,0xA0,0xAA,0xA0,0xAE,0xE0,0xE4,0xA0,0xAE,0xA0,0x04,0xA0,0x05,0x60,0x00,0x00}},
  {0x5634, {0x14,0xC0,0xF6,0xA0,0xBC,0x60,0xA7,0x80,0xA8,0x80,0xBF,0xE0,0xA9,0x20,0xEF,0xE0,0xA9,0x20,0x0F,0xE0,0x11,0x20,0x00,0x00}},
  {0x5636, {0xEA,0xC0,0xBF,0x80,0xAA,0x80,0xAE,0xE0,0xAA,0xA0,0xAE,0xA0,0xAA,0xA0,0xFF,0xA0,0xA0,0xA0,0x0A,0xA0,0x11,0x20,0x00,0x00}},
  {0x5639, {0xEF,0xE0,0xA1,0x00,0xAA,0xA0,0xA4,0x40,0xAF,0xE0,0xA4,0x40,0xA7,0xC0,0xE4,0x40,0xA7,0xC0,0x05,0x40,0x0B,0x20,0x00,0x00}},
  {0x563F, {0xE9,0x20,0xAD,0x60,0xA9,0x20,0xAF,0xE0,0xA1,0x00,0xAF,0xE0,0xA1,0x00,0xEF,0xE0,0xA0,0x00,0x0A,0xA0,0x0A,0xA0,0x00,0x00}},
  {0x5668, {0x4A,0x40,0x7B,0xC0,0x04,0x80,0x04,0x40,0xFF,0xE0,0x0A,0x00,0x31,0x80,0xC0,0x60,0x7B,0xC0,0x4A,0x40,0x7B,0xC0,0x00,0x00}},
  {0x5669, {0x75,0xC0,0x55,0x40,0x75,0xC0,0x04,0x00,0xFF,0xE0,0x04,0x00,0x75,0xC0,0x55,0x40,0x75,0xC0,0x04,0x00,0xFF,0xE0,0x00,0x00}},
  {0x566A, {0xE4,0x40,0xA7,0xC0,0xA0,0x00,0xAE,0xE0,0xAA,0xA0,0xAE,0xE0,0xA1,0x00,0xEF,0xE0,0xA3,0x80,0x05,0x40,0x09,0x20,0x00,0x00}},
  {0x568E, {0x1F,0xE0,0xE0,0x00,0xAF,0xC0,0xA8,0x40,0xBF,0xE0,0xB0,0x20,0xAF,0xC0,0xE6,0x00,0xBB,0xA0,0x05,0x40,0x1B,0x20,0x00,0x00}},
  {0x56A3, {0x4A,0x40,0xFF,0xE0,0x04,0x00,0x7F,0xC0,0x40,0x40,0x44,0x40,0x1B,0x80,0xE0,0x60,0x7B,0xC0,0x4A,0x40,0x7B,0xC0,0x00,0x00}},
  {0x56B7, {0xEF,0xE0,0xA0,0x00,0xAE,0xE0,0xAA,0xA0,0xAE,0xE0,0xA2,0x80,0xAF,0xE0,0xE2,0x80,0xAF,0xE0,0x06,0x40,0x0B,0x20,0x00,0x00}},
  {0x56BC, {0xEF,0x00,0xA5,0x40,0xAF,0xE0,0xAA,0xA0,0xAF,0xE0,0xA0,0x40,0xAE,0xE0,0xEA,0x40,0xAE,0xC0,0x0A,0x40,0x0D,0xC0,0x00,0x00}},
  {0x56CA, {0xFF,0xE0,0x44,0x40,0x7F,0xC0,0x04,0x00,0xFF,0xE0,0x91,0x20,0x7F,0xC0,0x11,0x00,0xFF,0xE0,0x31,0x00,0xD8,0xE0,0x00,0x00}},
  {0x56DA, {0x40,0x20,0x44,0x20,0x44,0x20,0x44,0x20,0x4A,0x20,0x49,0x20,0x50,0xA0,0x60,0xA0,0x40,0x20,0x40,0x20,0x7F,0xE0,0x00,0x00}},
  {0x56DB, {0x7F,0xE0,0x49,0x20,0x49,0x20,0x49,0x20,0x49,0x20,0x49,0x20,0x50,0xE0,0x60,0x20,0x40,0x20,0x7F,0xE0,0x40,0x20,0x00,0x00}},
  {0x56DE, {0x7F,0xE0,0x40,0x20,0x40,0x20,0x4F,0x20,0x49,0x20,0x49,0x20,0x4F,0x20,0x40,0x20,0x40,0x20,0x7F,0xE0,0x40,0x20,0x00,0x00}},
  {0x56E0, {0x80,0x20,0x84,0x20,0x84,0x20,0xBF,0xA0,0x84,0x20,0x8A,0x20,0x91,0x20,0xA0,0xA0,0x80,0x20,0xFF,0xE0,0x80,0x20,0x00,0x00}},
  {0x56E2, {0x82,0x20,0x82,0x20,0xBF,0xA0,0x86,0x20,0x8A,0x20,0x92,0x20,0xA2,0x20,0x86,0x20,0x80,0x20,0xFF,0xE0,0x80,0x20,0x00,0x00}},
  {0x56E4, {0x44,0x20,0x7F,0xA0,0x44,0x20,0x55,0x20,0x55,0x20,0x5F,0x20,0x44,0x20,0x44,0xA0,0x43,0xA0,0x40,0x20,0x7F,0xE0,0x00,0x00}},
  {0x56ED, {0x40,0x20,0x5F,0x20,0x40,0x20,0x40,0x20,0x7F,0xA0,0x4A,0x20,0x4A,0x20,0x52,0xA0,0x61,0xA0,0x40,0x20,0x7F,0xE0,0x00,0x00}},
  {0x56F0, {0x84,0x20,0x84,0x20,0xBF,0xA0,0x84,0x20,0x8E,0x20,0x95,0x20,0xA4,0xA0,0x84,0x20,0x84,0x20,0xFF,0xE0,0x80,0x20,0x00,0x00}},
  {0x56F1, {0x08,0x00,0x7F,0xE0,0x44,0x20,0x47,0xA0,0x48,0xA0,0x55,0x20,0x42,0x20,0x45,0x20,0x48,0x20,0x7F,0xE0,0x40,0x20,0x00,0x00}},
  {0x56F4, {0x80,0x20,0x84,0x20,0xBF,0xA0,0x84,0x20,0x9F,0x20,0x84,0x20,0xBF,0xA0,0x84,0xA0,0x85,0xA0,0x84,0x20,0xFF,0xE0,0x00,0x00}},
  {0x56FA, {0x84,0x20,0x84,0x20,0xBF,0xA0,0x84,0x20,0x9F,0x20,0x91,0x20,0x91,0x20,0x9F,0x20,0x80,0x20,0xFF,0xE0,0x80,0x20,0x00,0x00}},
  {0x56FD, {0x80,0x20,0xBF,0xA0,0x84,0x20,0x84,0x20,0xBF,0xA0,0x85,0x20,0x84,0xA0,0xFF,0xE0,0x80,0x20,0xFF,0xE0,0x80,0x20,0x00,0x00}},
  {0x56FE, {0x88,0x20,0x9F,0x20,0xB1,0x20,0x8E,0x20,0xF1,0xE0,0x8C,0x20,0x82,0x20,0x98,0x20,0x86,0x20,0xFF,0xE0,0x80,0x20,0x00,0x00}},
  {0x5703, {0x84,0xA0,0xFF,0xE0,0x84,0x20,0xBF,0xA0,0xA4,0xA0,0xBF,0xA0,0xA4,0xA0,0xBF,0xA0,0xA4,0xA0,0xA1,0xA0,0xFF,0xE0,0x00,0x00}},
  {0x5706, {0x80,0x20,0x9F,0x20,0x91,0x20,0x9F,0x20,0x80,0x20,0xBF,0xA0,0xA4,0xA0,0xA4,0xA0,0x8A,0x20,0x91,0x20,0xFF,0xE0,0x00,0x00}},
  {0x5708, {0x95,0x20,0xBF,0xA0,0x88,0x20,0xFF,0xE0,0x91,0x20,0xBF,0xA0,0xD1,0x60,0x96,0xA0,0x8F,0xA0,0x80,0x20,0xFF,0xE0,0x00,0x00}},
  {0x571F, {0x04,0x00,0x04,0x00,0x04,0x00,0x7F,0xC0,0x04,0x00,0x04,0x00,0x04,0x00,0x04,0x00,0x04,0x00,0x04,0x00,0xFF,0xE0,0x00,0x00}},
  {0x5723, {0x7F,0xC0,0x20,0x80,0x11,0x00,0x0E,0x00,0x31,0x80,0xC4,0x60,0x04,0x00,0x3F,0x80,0x04,0x00,0x04,0x00,0xFF,0xE0,0x00,0x00}},
  {0x5728, {0x08,0x00,0xFF,0xE0,0x10,0x00,0x11,0x00,0x21,0x00,0x61,0x00,0xA7,0xC0,0x21,0x00,0x21,0x00,0x21,0x00,0x2F,0xE0,0x00,0x00}},
  {0x5730, {0x21,0x00,0x25,0x60,0x25,0xA0,0xF7,0x20,0x2D,0x20,0x25,0x20,0x25,0x60,0x25,0x00,0x34,0x20,0xC4,0x20,0x03,0xE0,0x00,0x00}},
  {0x573A, {0x27,0xC0,0x20,0x80,0xF1,0x00,0x22,0x00,0x27,0xE0,0x22,0xA0,0x22,0xA0,0x35,0x20,0xC9,0x20,0x02,0x20,0x04,0xC0,0x00,0x00}},
  {0x573E, {0x2F,0xC0,0x24,0x40,0xF4,0x40,0x24,0x80,0x24,0xE0,0x24,0x20,0x26,0x20,0x35,0x40,0xC8,0x80,0x09,0x40,0x12,0x20,0x00,0x00}},
  {0x5740, {0x20,0x80,0x20,0x80,0x24,0x80,0xF4,0xE0,0x24,0x80,0x24,0x80,0x24,0x80,0x24,0x80,0x34,0x80,0xC4,0x80,0x0F,0xE0,0x00,0x00}},
  {0x5747, {0x22,0x00,0x23,0xE0,0xF4,0x20,0x2A,0x20,0x21,0x20,0x20,0x60,0x20,0xA0,0x31,0x20,0xC6,0x20,0x00,0x20,0x00,0xC0,0x00,0x00}},
  {0x574A, {0x21,0x00,0x2F,0xE0,0x22,0x00,0xF2,0x00,0x23,0xE0,0x22,0x20,0x22,0x20,0x22,0x20,0x34,0x20,0xC4,0x20,0x08,0xC0,0x00,0x00}},
  {0x574E, {0x22,0x00,0x23,0xE0,0xF4,0x20,0x24,0x40,0x29,0x00,0x21,0x00,0x21,0x00,0x32,0x80,0xC2,0x80,0x04,0x40,0x08,0x20,0x00,0x00}},
  {0x574F, {0x27,0xE0,0x20,0x80,0x21,0x00,0xF1,0x00,0x23,0x40,0x25,0x20,0x29,0x20,0x21,0x00,0x31,0x00,0xC1,0x00,0x01,0x00,0x00,0x00}},
  {0x5750, {0x24,0x80,0x24,0x80,0x24,0x80,0x24,0x80,0x55,0x40,0x8E,0x20,0x04,0x00,0x7F,0xC0,0x04,0x00,0x04,0x00,0xFF,0xE0,0x00,0x00}},
  {0x5751, {0x41,0x00,0x4F,0xE0,0x40,0x00,0xE0,0x00,0x47,0x80,0x44,0x80,0x44,0x80,0x44,0x80,0x64,0xA0,0xC8,0xA0,0x10,0x60,0x00,0x00}},
  {0x5757, {0x42,0x00,0x4F,0xC0,0xE2,0x40,0x42,0x40,0x42,0x40,0x5F,0xE0,0x42,0x00,0x65,0x00,0xC5,0x00,0x08,0x80,0x10,0x60,0x00,0x00}},
  {0x575A, {0x97,0xC0,0x94,0x40,0x92,0x80,0x91,0x00,0x92,0x80,0x14,0x60,0x04,0x00,0x7F,0xC0,0x04,0x00,0x04,0x00,0xFF,0xE0,0x00,0x00}},
  {0x575B, {0x27,0xC0,0x20,0x00,0x20,0x00,0xF0,0x00,0x2F,0xE0,0x21,0x00,0x22,0x00,0x22,0x00,0x34,0x40,0xCF,0xE0,0x00,0x20,0x00,0x00}},
  {0x575D, {0x4F,0xE0,0x48,0x20,0xE9,0x20,0x49,0x20,0x49,0x20,0x49,0x20,0x49,0x20,0x69,0x20,0xC2,0x80,0x04,0x40,0x18,0x20,0x00,0x00}},
  {0x575E, {0x27,0xC0,0x24,0x40,0xF4,0x40,0x24,0xC0,0x24,0x00,0x27,0xE0,0x20,0x20,0x30,0x20,0xCF,0xA0,0x00,0x20,0x00,0xC0,0x00,0x00}},
  {0x575F, {0x21,0x00,0x2F,0xE0,0x24,0x40,0xF4,0x40,0x24,0x40,0x22,0x80,0x22,0x80,0x21,0x00,0x32,0x80,0xC4,0x40,0x08,0x20,0x00,0x00}},
  {0x5760, {0x49,0x00,0x51,0x00,0x49,0x00,0x4A,0x80,0x72,0x80,0x44,0x40,0x48,0x20,0x04,0x00,0x7F,0xC0,0x04,0x00,0xFF,0xE0,0x00,0x00}},
  {0x5761, {0x21,0x00,0x2F,0xE0,0xF9,0x20,0x29,0x00,0x2F,0xC0,0x2A,0x40,0x2A,0x40,0x3A,0x80,0xC9,0x00,0x0A,0x80,0x14,0x60,0x00,0x00}},
  {0x5764, {0x41,0x00,0x4F,0xE0,0x49,0x20,0xE9,0x20,0x4F,0xE0,0x49,0x20,0x49,0x20,0x4F,0xE0,0x69,0x20,0xC1,0x00,0x01,0x00,0x00,0x00}},
  {0x5766, {0x4F,0xC0,0x48,0x40,0x48,0x40,0xEF,0xC0,0x48,0x40,0x48,0x40,0x48,0x40,0x4F,0xC0,0x60,0x00,0xC0,0x00,0x1F,0xE0,0x00,0x00}},
  {0x576A, {0x27,0xC0,0x21,0x00,0x29,0x20,0xF5,0x20,0x25,0x40,0x21,0x00,0x2F,0xE0,0x21,0x00,0x31,0x00,0xC1,0x00,0x01,0x00,0x00,0x00}},
  {0x576F, {0x2F,0xE0,0x20,0x80,0x21,0x00,0xF1,0x00,0x23,0x40,0x25,0x20,0x29,0x20,0x21,0x00,0x31,0x00,0xC0,0x00,0x0F,0xE0,0x00,0x00}},
  {0x5777, {0x5F,0xE0,0x40,0x40,0x40,0x40,0xEF,0x40,0x49,0x40,0x49,0x40,0x49,0x40,0x4F,0x40,0x68,0x40,0xC0,0x40,0x01,0xC0,0x00,0x00}},
  {0x5782, {0x7C,0x00,0x04,0x00,0x7F,0xC0,0x24,0x80,0x24,0x80,0xFF,0xE0,0x24,0x80,0x24,0x80,0x7F,0xC0,0x04,0x00,0x3F,0x80,0x00,0x00}},
  {0x5783, {0x20,0x80,0x20,0x00,0x27,0xE0,0xF0,0x00,0x24,0x40,0x22,0x40,0x22,0x40,0x22,0x80,0x30,0x80,0xC1,0x00,0x0F,0xE0,0x00,0x00}},
  {0x5784, {0x08,0x80,0xFF,0xE0,0x12,0x00,0x12,0x80,0x23,0x00,0x46,0x20,0x99,0xE0,0x04,0x00,0x7F,0xC0,0x04,0x00,0xFF,0xE0,0x00,0x00}},
  {0x578B, {0x7E,0xA0,0x24,0xA0,0x24,0xA0,0xFE,0xA0,0x24,0xA0,0x44,0x20,0x80,0x60,0x04,0x00,0x7F,0xC0,0x04,0x00,0xFF,0xE0,0x00,0x00}},
  {0x5792, {0x20,0x80,0x7F,0xC0,0x20,0x80,0x41,0x00,0x92,0x40,0xFB,0xE0,0x08,0x20,0x04,0x00,0x7F,0xC0,0x04,0x00,0xFF,0xE0,0x00,0x00}},
  {0x579B, {0x24,0x40,0x24,0x40,0xF4,0x40,0x29,0x20,0x21,0x00,0x2F,0xE0,0x21,0x00,0x33,0x80,0xC5,0x40,0x09,0x20,0x01,0x00,0x00,0x00}},
  {0x57A2, {0x27,0x00,0x24,0x00,0xF4,0x00,0x27,0xE0,0x24,0x00,0x24,0x00,0x27,0xE0,0x36,0x20,0xCA,0x20,0x0B,0xE0,0x12,0x20,0x00,0x00}},
  {0x57A6, {0x40,0x40,0x7F,0xC0,0x40,0x40,0x7F,0xC0,0x44,0x20,0x52,0x40,0x61,0x80,0x04,0x60,0x7F,0xC0,0x04,0x00,0xFF,0xE0,0x00,0x00}},
  {0x57AB, {0x22,0x00,0xF7,0x80,0x22,0x80,0x36,0xA0,0xE2,0xA0,0x25,0x60,0x68,0x20,0x04,0x00,0x7F,0xC0,0x04,0x00,0xFF,0xE0,0x00,0x00}},
  {0x57AE, {0x2F,0xE0,0x22,0x80,0xF4,0x40,0x2B,0xA0,0x20,0x00,0x2F,0xE0,0x24,0x00,0x37,0xC0,0xC0,0x40,0x00,0x40,0x01,0x80,0x00,0x00}},
  {0x57C2, {0x4F,0xE0,0x41,0x00,0x4F,0xE0,0xE9,0x20,0x4F,0xE0,0x49,0x20,0x4F,0xE0,0x45,0x00,0x62,0x00,0xC5,0x00,0x08,0xE0,0x00,0x00}},
  {0x57C3, {0x22,0x00,0x24,0x40,0x2F,0xE0,0xF4,0x20,0x27,0xC0,0x29,0x00,0x21,0x00,0x2F,0xE0,0x32,0x80,0xC4,0x40,0x08,0x20,0x00,0x00}},
  {0x57CB, {0x49,0x20,0x49,0x20,0x4F,0xE0,0xE9,0x20,0x49,0x20,0x4F,0xE0,0x41,0x00,0x4F,0xE0,0x61,0x00,0xC1,0x00,0x1F,0xE0,0x00,0x00}},
  {0x57CE, {0x40,0x80,0x4F,0xE0,0xE8,0x80,0x48,0x80,0x4E,0xA0,0x4A,0xA0,0x4A,0xC0,0x6A,0x80,0xD6,0xA0,0x11,0x60,0x22,0x20,0x00,0x00}},
  {0x57DF, {0x40,0x80,0x4F,0xE0,0x40,0x80,0xEE,0x80,0x4A,0xA0,0x4A,0xA0,0x4E,0xC0,0x40,0xC0,0x62,0xA0,0xCD,0x60,0x02,0x20,0x00,0x00}},
  {0x57E0, {0x27,0xC0,0x24,0x40,0xF7,0xC0,0x24,0x00,0x27,0xE0,0x24,0x20,0x27,0xE0,0x31,0x00,0xCF,0xE0,0x01,0x00,0x01,0x00,0x00,0x00}},
  {0x57F9, {0x4F,0xC0,0x40,0x00,0x48,0x40,0xE4,0x80,0x5F,0xE0,0x40,0x00,0x4F,0xC0,0x48,0x40,0x68,0x40,0xCF,0xC0,0x08,0x40,0x00,0x00}},
  {0x57FA, {0xFF,0xE0,0x20,0x80,0x3F,0x80,0x20,0x80,0x3F,0x80,0x20,0x80,0xFF,0xE0,0x44,0x40,0xBF,0xA0,0x04,0x00,0xFF,0xE0,0x00,0x00}},
  {0x5802, {0x24,0x80,0xFF,0xE0,0x80,0x20,0x3F,0x80,0x20,0x80,0x20,0x80,0x3F,0x80,0x04,0x00,0x7F,0xC0,0x04,0x00,0xFF,0xE0,0x00,0x00}},
  {0x5806, {0x22,0x40,0x27,0xE0,0xF4,0x80,0x2C,0x80,0x37,0xE0,0x24,0x80,0x24,0x80,0x27,0xE0,0x34,0x80,0xC4,0x80,0x07,0xE0,0x00,0x00}},
  {0x5815, {0x57,0xE0,0x52,0x00,0x67,0xC0,0x5A,0x40,0x53,0xC0,0x62,0x40,0x42,0xC0,0x04,0x00,0x7F,0xC0,0x04,0x00,0xFF,0xE0,0x00,0x00}},
  {0x5821, {0x24,0x40,0x67,0xC0,0xA1,0x00,0x2F,0xE0,0x25,0x40,0x29,0x20,0x21,0x00,0x04,0x00,0x7F,0xC0,0x04,0x00,0xFF,0xE0,0x00,0x00}},
  {0x5824, {0x24,0x40,0x27,0xC0,0x24,0x40,0xF7,0xC0,0x20,0x00,0x2F,0xE0,0x21,0x00,0x25,0xC0,0x35,0x00,0xC5,0x00,0x0B,0xE0,0x00,0x00}},
  {0x582A, {0x4F,0xE0,0x44,0x40,0x47,0xC0,0xE4,0x40,0x47,0xC0,0x44,0x40,0x5F,0xE0,0x4A,0x80,0x6C,0x40,0xC8,0x00,0x0F,0xE0,0x00,0x00}},
  {0x5830, {0x4B,0xC0,0x4A,0x40,0x4B,0xC0,0xEA,0x40,0x4B,0xC0,0x49,0x00,0x4F,0xE0,0x4A,0x40,0x69,0x80,0xCA,0x40,0x0F,0xE0,0x00,0x00}},
  {0x5835, {0x22,0x20,0x27,0x40,0xF2,0x80,0x2F,0xE0,0x22,0x00,0x27,0xC0,0x2C,0x40,0x27,0xC0,0x34,0x40,0xC7,0xC0,0x04,0x40,0x00,0x00}},
  {0x584C, {0x44,0x40,0x47,0xC0,0x44,0x40,0xE7,0xC0,0x40,0x00,0x4E,0xE0,0x42,0x20,0x4A,0xA0,0x66,0x60,0xCA,0xA0,0x06,0x60,0x00,0x00}},
  {0x5851, {0x29,0x20,0xFD,0xE0,0x11,0x20,0x55,0xE0,0x7D,0x20,0x22,0x20,0xC4,0x60,0x04,0x00,0x7F,0xC0,0x04,0x00,0xFF,0xE0,0x00,0x00}},
  {0x5854, {0x2F,0xE0,0x24,0x40,0x21,0x00,0xF2,0x80,0x24,0x40,0x2B,0xA0,0x20,0x00,0x27,0xC0,0x34,0x40,0xC7,0xC0,0x04,0x40,0x00,0x00}},
  {0x5858, {0x5F,0xE0,0x51,0x00,0xF7,0xC0,0x51,0x40,0x5F,0xE0,0x51,0x40,0x57,0xC0,0x71,0x00,0xD7,0xC0,0x14,0x40,0x27,0xC0,0x00,0x00}},
  {0x585E, {0xFF,0xE0,0x91,0x20,0x7F,0xC0,0x11,0x00,0x7F,0xC0,0x11,0x00,0xFF,0xE0,0x24,0x80,0x5F,0x40,0x84,0x20,0x7F,0xC0,0x00,0x00}},
  {0x586B, {0x5F,0xE0,0x42,0x00,0xEF,0xC0,0x48,0x40,0x4F,0xC0,0x48,0x40,0x4F,0xC0,0x68,0x40,0xDF,0xE0,0x04,0x80,0x08,0x40,0x00,0x00}},
  {0x5883, {0x4F,0xC0,0x44,0x80,0x5F,0xE0,0xE0,0x00,0x4F,0xC0,0x48,0x40,0x4F,0xC0,0x48,0x40,0x6F,0xC0,0xC4,0xA0,0x18,0xE0,0x00,0x00}},
  {0x5885, {0xA8,0x40,0xF9,0x40,0xA8,0x80,0xFB,0xE0,0x20,0xA0,0xF8,0x80,0x21,0x80,0xF4,0x00,0x1F,0x80,0x04,0x00,0xFF,0xE0,0x00,0x00}},
  {0x5893, {0xFF,0xE0,0x11,0x00,0x7F,0xC0,0x44,0x40,0x7F,0xC0,0x10,0x00,0xFF,0xE0,0x24,0x80,0x5F,0x40,0x84,0x20,0x3F,0x80,0x00,0x00}},
  {0x5899, {0x4F,0xE0,0x45,0x40,0x4F,0xE0,0xE0,0x00,0x4F,0xE0,0x48,0x20,0x4B,0xA0,0x4A,0xA0,0x6B,0xA0,0xC8,0x20,0x0F,0xE0,0x00,0x00}},
  {0x589E, {0x2F,0xE0,0x29,0x20,0x2D,0x60,0xF9,0x20,0x2F,0xE0,0x20,0x00,0x27,0xC0,0x24,0x40,0x37,0xC0,0xC4,0x40,0x07,0xC0,0x00,0x00}},
  {0x58A8, {0x55,0x40,0x7F,0xC0,0x04,0x00,0x7F,0xC0,0x04,0x00,0xFF,0xE0,0x4A,0x40,0x04,0x00,0x7F,0xC0,0x04,0x00,0xFF,0xE0,0x00,0x00}},
  {0x58A9, {0x5D,0x00,0x41,0x00,0xFD,0xE0,0x56,0x40,0x5D,0x40,0x41,0x40,0x5D,0x40,0x65,0x40,0xDE,0x80,0x09,0x40,0x1A,0x20,0x00,0x00}},
  {0x58C1, {0x7B,0xE0,0x49,0x40,0x78,0x80,0x43,0xE0,0x78,0x80,0xA9,0xC0,0x38,0x80,0x04,0x00,0x7F,0xC0,0x04,0x00,0xFF,0xE0,0x00,0x00}},
  {0x58D5, {0x5F,0xE0,0x40,0x00,0xEF,0xC0,0x48,0x40,0x5F,0xE0,0x50,0x20,0x4F,0xC0,0x66,0x00,0xDB,0xA0,0x05,0x40,0x1B,0x20,0x00,0x00}},
  {0x58E4, {0x4F,0xE0,0x40,0x00,0x4E,0xE0,0xEA,0xA0,0x4E,0xE0,0x42,0x80,0x4F,0xE0,0x42,0x80,0x6F,0xE0,0xC6,0x40,0x0B,0x20,0x00,0x00}},
  {0x58EB, {0x04,0x00,0x04,0x00,0x04,0x00,0xFF,0xE0,0x04,0x00,0x04,0x00,0x04,0x00,0x04,0x00,0x04,0x00,0x04,0x00,0x7F,0xC0,0x00,0x00}},
  {0x58EE, {0x21,0x00,0xA1,0x00,0x61,0x00,0x2F,0xE0,0x21,0x00,0x21,0x00,0x61,0x00,0xA1,0x00,0x21,0x00,0x27,0xC0,0x20,0x00,0x00,0x00}},
  {0x58F0, {0xFF,0xE0,0x04,0x00,0x7F,0xC0,0x00,0x00,0x7F,0xC0,0x44,0x40,0x44,0x40,0x7F,0xC0,0x40,0x40,0x40,0x00,0x80,0x00,0x00,0x00}},
  {0x58F3, {0xFF,0xE0,0x04,0x00,0x7F,0xC0,0x00,0x00,0xFF,0xE0,0x80,0x20,0x1F,0x00,0x11,0x00,0x11,0x00,0x21,0x20,0xC0,0xE0,0x00,0x00}},
  {0x58F6, {0xFF,0xE0,0x04,0x00,0x7F,0xC0,0x00,0x00,0xFF,0xE0,0x80,0x20,0x0A,0x00,0x4A,0x40,0x2A,0x80,0x0A,0x00,0xFF,0xE0,0x00,0x00}},
  {0x58F9, {0xFF,0xE0,0x04,0x00,0x7F,0xC0,0x00,0x00,0xFF,0xE0,0x80,0x20,0x7F,0xC0,0x40,0x40,0x7F,0xC0,0x11,0x00,0xFF,0xE0,0x00,0x00}},
  {0x5904, {0x21,0x00,0x3D,0x00,0x25,0x80,0x45,0x40,0x45,0x20,0xA9,0x20,0x29,0x00,0x11,0x00,0x29,0x00,0x44,0x00,0x83,0xE0,0x00,0x00}},
  {0x5907, {0x3F,0x80,0x51,0x00,0x0E,0x00,0x31,0x80,0xC0,0x60,0x3F,0x80,0x24,0x80,0x3F,0x80,0x24,0x80,0x3F,0x80,0x20,0x80,0x00,0x00}},
  {0x590D, {0x40,0x00,0xBF,0xC0,0x20,0x40,0x3F,0xC0,0x20,0x40,0x3F,0xC0,0x10,0x00,0x3F,0xC0,0x50,0x80,0x0F,0x00,0x70,0xE0,0x00,0x00}},
  {0x590F, {0x04,0x00,0x7F,0xC0,0x40,0x40,0x7F,0xC0,0x40,0x40,0x7F,0xC0,0x10,0x00,0x3F,0x80,0x50,0x80,0x0F,0x00,0xF0,0xE0,0x00,0x00}},
  {0x5915, {0x08,0x00,0x1F,0xE0,0x10,0x20,0x20,0x40,0x50,0x40,0x88,0x80,0x09,0x00,0x06,0x00,0x04,0x00,0x18,0x00,0xE0,0x00,0x00,0x00}},
  {0x5916, {0x21,0x00,0x21,0x00,0x39,0x00,0x49,0x80,0x49,0x40,0xA9,0x20,0x11,0x20,0x11,0x00,0x21,0x00,0x41,0x00,0x81,0x00,0x00,0x00}},
  {0x591A, {0x0F,0x80,0x11,0x00,0x22,0x00,0xD4,0x80,0x09,0x00,0x33,0xE0,0xC4,0x40,0x1A,0x80,0x03,0x00,0x0C,0x00,0xF0,0x00,0x00,0x00}},
  {0x591C, {0x04,0x00,0xFF,0xE0,0x12,0x00,0x13,0xC0,0x24,0x40,0x69,0x40,0xB4,0x80,0x22,0x80,0x21,0x00,0x22,0x80,0x2C,0x60,0x00,0x00}},
  {0x591F, {0x41,0xE0,0x7A,0x20,0x89,0x40,0x08,0x80,0xEB,0x00,0xA8,0xE0,0xA9,0x20,0xEA,0xA0,0x88,0x40,0x08,0x80,0x33,0x00,0x00,0x00}},
  {0x5927, {0x04,0x00,0x04,0x00,0x04,0x00,0xFF,0xE0,0x04,0x00,0x0A,0x00,0x0A,0x00,0x11,0x00,0x11,0x00,0x20,0x80,0xC0,0x60,0x00,0x00}},
  {0x5929, {0x7F,0xC0,0x04,0x00,0x04,0x00,0x04,0x00,0xFF,0xE0,0x04,0x00,0x0A,0x00,0x0A,0x00,0x11,0x00,0x20,0x80,0xC0,0x60,0x00,0x00}},
  {0x592A, {0x04,0x00,0x04,0x00,0xFF,0xE0,0x04,0x00,0x0A,0x00,0x0A,0x00,0x12,0x00,0x11,0x00,0x29,0x00,0x44,0x80,0x80,0x60,0x00,0x00}},
  {0x592B, {0x04,0x00,0x04,0x00,0x7F,0xC0,0x04,0x00,0x04,0x00,0xFF,0xE0,0x04,0x00,0x0A,0x00,0x11,0x00,0x20,0x80,0xC0,0x60,0x00,0x00}},
  {0x592D, {0x7C,0x00,0x04,0x00,0x04,0x00,0x04,0x00,0xFF,0xE0,0x04,0x00,0x0A,0x00,0x0A,0x00,0x11,0x00,0x20,0x80,0xC0,0x60,0x00,0x00}},
  {0x592E, {0x04,0x00,0x7F,0xC0,0x44,0x40,0x44,0x40,0x44,0x40,0x44,0x40,0xFF,0xE0,0x0A,0x00,0x11,0x00,0x20,0x80,0xC0,0x60,0x00,0x00}},
  {0x592F, {0x04,0x00,0xFF,0xE0,0x0A,0x00,0x11,0x00,0x28,0x80,0xC8,0x60,0x3F,0x80,0x08,0x80,0x10,0x80,0x20,0x80,0x43,0x00,0x00,0x00}},
  {0x5931, {0x24,0x00,0x24,0x00,0x3F,0x80,0x44,0x00,0x84,0x00,0x04,0x00,0xFF,0xE0,0x0A,0x00,0x11,0x00,0x20,0x80,0xC0,0x60,0x00,0x00}},
  {0x5934, {0x12,0x00,0x0A,0x00,0x42,0x00,0x22,0x00,0x02,0x00,0xFF,0xE0,0x04,0x00,0x05,0x00,0x08,0x80,0x30,0x40,0xC0,0x20,0x00,0x00}},
  {0x5937, {0xFF,0xE0,0x04,0x00,0x7F,0xC0,0x04,0x40,0x7F,0xC0,0x44,0x00,0x7F,0xE0,0x04,0x20,0x0A,0x60,0x31,0x80,0xC0,0x60,0x00,0x00}},
  {0x5938, {0xFF,0xE0,0x0A,0x00,0x31,0x80,0xDF,0x60,0x00,0x00,0x7F,0xC0,0x10,0x00,0x1F,0x80,0x00,0x80,0x00,0x80,0x03,0x00,0x00,0x00}},
  {0x5939, {0x04,0x00,0x7F,0xC0,0x04,0x00,0x24,0x80,0x15,0x00,0x04,0x00,0xFF,0xE0,0x0A,0x00,0x11,0x00,0x20,0x80,0xC0,0x60,0x00,0x00}},
  {0x593A, {0x04,0x00,0xFF,0xE0,0x0A,0x00,0x31,0x80,0xC1,0x60,0x01,0x00,0xFF,0xE0,0x21,0x00,0x11,0x00,0x01,0x00,0x07,0x00,0x00,0x00}},
  {0x5944, {0xFF,0xE0,0x0A,0x00,0x31,0x80,0xC4,0x60,0x3F,0x80,0x24,0x80,0x3F,0x80,0x24,0x80,0x3F,0xA0,0x24,0x20,0x03,0xE0,0x00,0x00}},
  {0x5947, {0x7F,0xC0,0x12,0x00,0x21,0x00,0xFF,0xE0,0x00,0x80,0x7C,0x80,0x44,0x80,0x44,0x80,0x7C,0x80,0x40,0x80,0x03,0x80,0x00,0x00}},
  {0x5948, {0xFF,0xE0,0x0A,0x00,0x31,0x80,0xC0,0x60,0x3F,0x80,0x00,0x00,0xFF,0xE0,0x04,0x00,0x24,0x80,0x44,0x40,0x8C,0x20,0x00,0x00}},
  {0x5949, {0x7F,0xC0,0x08,0x00,0x3F,0x80,0x10,0x00,0xFF,0xE0,0x24,0x80,0x5F,0x40,0x84,0x20,0x7F,0xC0,0x04,0x00,0x04,0x00,0x00,0x00}},
  {0x594B, {0x04,0x00,0xFF,0xE0,0x0A,0x00,0x31,0x80,0xC0,0x60,0x7F,0xC0,0x44,0x40,0x7F,0xC0,0x44,0x40,0x7F,0xC0,0x40,0x40,0x00,0x00}},
  {0x594F, {0x7F,0xC0,0x08,0x00,0x3F,0x80,0x10,0x00,0xFF,0xE0,0x20,0x80,0x5F,0x40,0x84,0x20,0x7F,0xC0,0x09,0x00,0x30,0x80,0x00,0x00}},
  {0x5951, {0xFB,0xE0,0x21,0x20,0x71,0x20,0x21,0x20,0xFA,0x20,0x24,0xC0,0x04,0x00,0xFF,0xE0,0x0A,0x00,0x31,0x80,0xC0,0x60,0x00,0x00}},
  {0x5954, {0x08,0x00,0x7F,0xC0,0x11,0x00,0x24,0x80,0xDF,0x60,0x04,0x00,0x11,0x00,0xFF,0xE0,0x11,0x00,0x21,0x00,0x41,0x00,0x00,0x00}},
  {0x5955, {0x04,0x00,0xFF,0xE0,0x11,0x00,0x51,0x40,0x91,0x20,0x23,0x00,0x04,0x00,0xFF,0xE0,0x0A,0x00,0x31,0x80,0xC0,0x60,0x00,0x00}},
  {0x5956, {0x91,0xE0,0x52,0x20,0x15,0x40,0x50,0x80,0x91,0x00,0x12,0x00,0x04,0x00,0xFF,0xE0,0x0A,0x00,0x31,0x80,0xC0,0x60,0x00,0x00}},
  {0x5957, {0xFF,0xE0,0x11,0x00,0x3F,0x80,0xE0,0x60,0x3F,0x00,0x20,0x00,0x3F,0x00,0x20,0x00,0xFF,0xE0,0x20,0x80,0x7F,0xC0,0x00,0x00}},
  {0x5960, {0xFF,0xE0,0x11,0x00,0x7F,0xC0,0x51,0x40,0x6E,0xC0,0x40,0x40,0x7F,0xC0,0x04,0x00,0xFF,0xE0,0x11,0x00,0xE0,0xE0,0x00,0x00}},
  {0x5962, {0xFF,0xE0,0x0A,0x00,0x35,0x80,0xDE,0x60,0x05,0x00,0xFF,0xE0,0x10,0x80,0x3F,0x80,0xD0,0x80,0x1F,0x80,0x10,0x80,0x00,0x00}},
  {0x5965, {0x7F,0xC0,0x44,0x40,0x55,0x40,0x7F,0xC0,0x44,0x40,0x55,0x40,0x40,0x40,0x04,0x00,0xFF,0xE0,0x11,0x00,0xE0,0xE0,0x00,0x00}},
  {0x5973, {0x08,0x00,0x08,0x00,0xFF,0xE0,0x10,0x80,0x10,0x80,0x21,0x00,0x1A,0x00,0x04,0x00,0x0B,0x00,0x30,0x80,0xC0,0x40,0x00,0x00}},
  {0x5974, {0x2F,0xC0,0x24,0x40,0xF4,0x40,0x54,0x40,0x54,0x40,0x52,0x80,0x92,0x80,0x51,0x00,0x22,0x80,0x54,0x40,0x88,0x20,0x00,0x00}},
  {0x5976, {0x27,0xC0,0x22,0x40,0xF2,0x40,0x52,0x80,0x52,0x80,0x52,0xE0,0x92,0x20,0x52,0x20,0x24,0x20,0x54,0x20,0x88,0xC0,0x00,0x00}},
  {0x5978, {0x27,0xC0,0x21,0x00,0xF1,0x00,0x51,0x00,0x51,0x00,0x5F,0xE0,0x91,0x00,0x51,0x00,0x21,0x00,0x51,0x00,0x91,0x00,0x00,0x00}},
  {0x5979, {0x21,0x00,0x25,0x60,0xF5,0xA0,0x57,0x20,0x5D,0x20,0x55,0x20,0x95,0x60,0x55,0x00,0x24,0x20,0x54,0x20,0x93,0xE0,0x00,0x00}},
  {0x597D, {0x27,0xC0,0x20,0x40,0xF8,0x80,0x49,0x00,0x49,0x00,0x4F,0xE0,0x91,0x00,0x51,0x00,0x21,0x00,0x51,0x00,0x8B,0x00,0x00,0x00}},
  {0x5982, {0x20,0x00,0x23,0xE0,0xFA,0x20,0x4A,0x20,0x4A,0x20,0x4A,0x20,0x92,0x20,0x52,0x20,0x22,0x20,0x53,0xE0,0x8A,0x20,0x00,0x00}},
  {0x5984, {0x02,0x00,0xFF,0xE0,0x20,0x00,0x20,0x00,0x3F,0xC0,0x08,0x00,0xFF,0xE0,0x10,0x80,0x31,0x00,0x0E,0x00,0xF1,0xC0,0x00,0x00}},
  {0x5986, {0x11,0x00,0x91,0x00,0x57,0xE0,0x32,0x40,0x12,0x40,0x34,0x40,0x52,0x80,0x91,0x00,0x12,0x80,0x14,0x40,0x18,0x20,0x00,0x00}},
  {0x5987, {0x27,0xE0,0x20,0x20,0xF8,0x20,0x48,0x20,0x4B,0xE0,0x48,0x20,0x90,0x20,0x50,0x20,0x20,0x20,0x57,0xE0,0x88,0x20,0x00,0x00}},
  {0x5988, {0x20,0x40,0x24,0x40,0xF4,0x40,0x54,0x40,0x57,0xE0,0x50,0x20,0x90,0x20,0x5F,0xA0,0x20,0x20,0x50,0x20,0x88,0xC0,0x00,0x00}},
  {0x5992, {0x20,0x80,0x27,0xE0,0xF4,0x20,0x54,0x20,0x54,0x20,0x57,0xE0,0x94,0x20,0x54,0x00,0x24,0x00,0x54,0x00,0x88,0x00,0x00,0x00}},
  {0x5993, {0x21,0x00,0x27,0xE0,0xF1,0x00,0x51,0x00,0x5F,0xC0,0x54,0x40,0x94,0x40,0x52,0x80,0x21,0x00,0x52,0x80,0x8C,0x60,0x00,0x00}},
  {0x5996, {0x27,0x00,0x21,0x00,0xF1,0x00,0x51,0x00,0x5F,0xE0,0x51,0x00,0x91,0x00,0x52,0x80,0x22,0x80,0x54,0x40,0x88,0x20,0x00,0x00}},
  {0x5999, {0x21,0x00,0x21,0x40,0xF5,0x20,0x55,0x20,0x55,0x20,0x59,0x00,0x91,0x20,0x50,0x40,0x20,0x80,0x53,0x00,0x8C,0x00,0x00,0x00}},
  {0x59A5, {0xFC,0x00,0x00,0x40,0x48,0x40,0x24,0x80,0x00,0x00,0x08,0x00,0xFF,0xE0,0x10,0x80,0x31,0x00,0x0E,0x00,0xF1,0xC0,0x00,0x00}},
  {0x59A8, {0x21,0x00,0x27,0xE0,0xF2,0x00,0x52,0x00,0x53,0xE0,0x52,0x20,0x92,0x20,0x52,0x20,0x24,0x20,0x54,0x20,0x88,0xC0,0x00,0x00}},
  {0x59B9, {0x21,0x00,0x27,0xC0,0xF1,0x00,0x51,0x00,0x5F,0xE0,0x51,0x00,0x93,0x80,0x55,0x40,0x29,0x20,0x51,0x00,0x91,0x00,0x00,0x00}},
  {0x59BB, {0xFF,0xE0,0x04,0x00,0x7F,0xC0,0x04,0x40,0xFF,0xE0,0x04,0x40,0x08,0x00,0xFF,0xE0,0x31,0x00,0x0E,0x00,0xF1,0xC0,0x00,0x00}},
  {0x59C6, {0x27,0xC0,0x24,0x40,0xF6,0x40,0x55,0x40,0x5F,0xE0,0x54,0x40,0x96,0x40,0x55,0x40,0x27,0xE0,0x50,0x40,0x89,0x80,0x00,0x00}},
  {0x59CA, {0x21,0x00,0x21,0xC0,0xF7,0x00,0x55,0x00,0x55,0x00,0x57,0xE0,0x91,0x20,0x53,0x20,0x25,0x60,0x59,0x00,0x91,0x00,0x00,0x00}},
  {0x59CB, {0x21,0x00,0x22,0x00,0xF4,0x40,0x57,0xE0,0x50,0x20,0x57,0xC0,0x94,0x40,0x54,0x40,0x24,0x40,0x57,0xC0,0x94,0x40,0x00,0x00}},
  {0x59D0, {0x27,0xC0,0x24,0x40,0xF4,0x40,0x57,0xC0,0x54,0x40,0x54,0x40,0x97,0xC0,0x54,0x40,0x24,0x40,0x54,0x40,0x8F,0xE0,0x00,0x00}},
  {0x59D1, {0x20,0x80,0x20,0x80,0xFB,0xE0,0x48,0x80,0x48,0x80,0x4B,0xE0,0x92,0x20,0x52,0x20,0x22,0x20,0x53,0xE0,0x8A,0x20,0x00,0x00}},
  {0x59D3, {0x21,0x00,0x25,0x00,0xF7,0xC0,0x55,0x00,0x59,0x00,0x51,0x00,0x97,0xC0,0x51,0x00,0x21,0x00,0x51,0x00,0x8F,0xE0,0x00,0x00}},
  {0x59D4, {0x7F,0x00,0x04,0x00,0xFF,0xE0,0x24,0x80,0xC4,0x60,0x08,0x00,0xFF,0xE0,0x10,0x80,0x31,0x00,0x0E,0x00,0xF1,0xC0,0x00,0x00}},
  {0x59DA, {0x22,0x80,0x2A,0xA0,0xF6,0xC0,0x52,0x80,0x52,0x80,0x56,0xC0,0x9A,0xA0,0x52,0x80,0x22,0xA0,0x54,0xA0,0x88,0x60,0x00,0x00}},
  {0x59DC, {0x11,0x00,0x7F,0xC0,0x04,0x00,0x7F,0xC0,0x04,0x00,0xFF,0xE0,0x08,0x00,0xFF,0xE0,0x31,0x00,0x0E,0x00,0xF1,0xC0,0x00,0x00}},
  {0x59E5, {0x21,0x20,0x27,0xA0,0xF1,0x40,0x51,0x80,0x57,0xE0,0x52,0x00,0x96,0x60,0x5B,0x80,0x22,0x00,0x52,0x20,0x89,0xE0,0x00,0x00}},
  {0x59E8, {0x27,0xE0,0x21,0x00,0xF7,0xE0,0x51,0x20,0x57,0xE0,0x55,0x00,0x97,0xE0,0x51,0x20,0x21,0x60,0x52,0x80,0x94,0x60,0x00,0x00}},
  {0x59FB, {0x27,0xE0,0x24,0x20,0xF5,0x20,0x55,0x20,0x57,0xE0,0x55,0x20,0x96,0xA0,0x54,0x60,0x24,0x20,0x57,0xE0,0x94,0x20,0x00,0x00}},
  {0x59FF, {0x8F,0xE0,0x52,0x20,0x05,0x40,0x48,0x80,0x90,0x60,0x08,0x00,0xFF,0xE0,0x10,0x80,0x31,0x00,0x0E,0x00,0xF1,0xC0,0x00,0x00}},
  {0x5A01, {0x01,0x20,0x7F,0xE0,0x41,0x00,0x7D,0x20,0x51,0x20,0x7D,0x40,0x55,0x40,0x64,0xA0,0x58,0xA0,0x65,0x60,0x82,0x20,0x00,0x00}},
  {0x5A03, {0x21,0x00,0x27,0xC0,0xF1,0x00,0x51,0x00,0x5F,0xE0,0x50,0x00,0x91,0x00,0x57,0xC0,0x21,0x00,0x51,0x00,0x8F,0xE0,0x00,0x00}},
  {0x5A04, {0x15,0x00,0xFF,0xE0,0x15,0x00,0x24,0x80,0x40,0x40,0x08,0x00,0xFF,0xE0,0x10,0x80,0x31,0x00,0x0E,0x00,0xF1,0xC0,0x00,0x00}},
  {0x5A07, {0x27,0x00,0x21,0x00,0xF7,0xE0,0x52,0x80,0x54,0x40,0x58,0x20,0x92,0x40,0x52,0x40,0x22,0x40,0x52,0x40,0x94,0x40,0x00,0x00}},
  {0x5A18, {0x21,0x00,0x27,0xC0,0xF4,0x40,0x57,0xC0,0x54,0x40,0x57,0xC0,0x95,0x20,0x55,0x40,0x24,0x80,0x56,0x40,0x94,0x20,0x00,0x00}},
  {0x5A1C, {0x5E,0xE0,0x4A,0xA0,0xEA,0xA0,0xBE,0xC0,0xAA,0xC0,0xAA,0xA0,0xBE,0xA0,0xAA,0xA0,0x4A,0xC0,0xB2,0x80,0xA6,0x80,0x00,0x00}},
  {0x5A29, {0x23,0x80,0x24,0x80,0xF1,0x00,0x57,0xC0,0x55,0x40,0x55,0x40,0x97,0xC0,0x52,0x80,0x22,0xA0,0x54,0xA0,0x88,0x60,0x00,0x00}},
  {0x5A31, {0x24,0x40,0x24,0x40,0xF7,0xC0,0x50,0x00,0x57,0xC0,0x51,0x00,0x91,0x00,0x5F,0xE0,0x22,0x80,0x54,0x40,0x88,0x20,0x00,0x00}},
  {0x5A36, {0x4B,0xE0,0x79,0x20,0x49,0x20,0x79,0x40,0x4C,0x80,0xF9,0x40,0x0A,0x20,0xFF,0xE0,0x31,0x00,0x0E,0x00,0xF1,0xC0,0x00,0x00}},
  {0x5A46, {0x2F,0xE0,0x89,0x20,0x4F,0xC0,0x0A,0x40,0x49,0x80,0x96,0x60,0x08,0x00,0xFF,0xE0,0x31,0x00,0x0E,0x00,0xF1,0xC0,0x00,0x00}},
  {0x5A49, {0x2F,0xE0,0x28,0x20,0xF4,0x00,0x56,0xE0,0x5A,0xA0,0x5A,0xA0,0x96,0xE0,0x52,0x80,0x24,0xA0,0x54,0xA0,0x88,0x60,0x00,0x00}},
  {0x5A5A, {0x27,0x80,0x24,0x80,0xF7,0xC0,0x54,0xA0,0x57,0x60,0x50,0x20,0x97,0xC0,0x54,0x40,0x27,0xC0,0x54,0x40,0x97,0xC0,0x00,0x00}},
  {0x5A74, {0x8A,0x20,0xAA,0xA0,0xAA,0xA0,0x51,0x40,0x8A,0x20,0x08,0x00,0xFF,0xE0,0x10,0x80,0x31,0x00,0x0E,0x00,0xF1,0xC0,0x00,0x00}},
  {0x5A76, {0x4F,0xE0,0x48,0x20,0xE1,0x00,0xAF,0xE0,0xA9,0x20,0xAF,0xE0,0xA9,0x20,0xAF,0xE0,0x49,0x20,0xA1,0x00,0x81,0x00,0x00,0x00}},
  {0x5A7F, {0x21,0x20,0x25,0xC0,0xF5,0x00,0x5B,0xE0,0x50,0x00,0x57,0xC0,0x94,0x40,0x57,0xC0,0x24,0x40,0x54,0x40,0x94,0xC0,0x00,0x00}},
  {0x5A92, {0x2F,0xE0,0x24,0x40,0xF7,0xC0,0x54,0x40,0x57,0xC0,0x51,0x00,0x9F,0xE0,0x53,0x80,0x25,0x40,0x59,0x20,0x91,0x00,0x00,0x00}},
  {0x5A9A, {0x24,0xA0,0x24,0xA0,0xF7,0xE0,0x54,0x00,0x55,0xE0,0x55,0x20,0x95,0xE0,0x55,0x20,0x25,0xE0,0x55,0x20,0x89,0xE0,0x00,0x00}},
  {0x5AB3, {0x27,0xC0,0x24,0x40,0xF7,0xC0,0x54,0x40,0x57,0xC0,0x54,0x40,0x97,0xC0,0x51,0x00,0x24,0x40,0x5A,0xA0,0x93,0x80,0x00,0x00}},
  {0x5AC1, {0x2F,0xE0,0x28,0x20,0xF7,0xC0,0x52,0x00,0x55,0x20,0x59,0xC0,0x92,0x80,0x55,0xC0,0x22,0xA0,0x54,0x80,0x93,0x00,0x00,0x00}},
  {0x5AC2, {0x45,0x60,0x49,0x20,0xED,0x60,0xA9,0x20,0xAF,0xE0,0xA1,0x00,0xAF,0xE0,0xA4,0x20,0x42,0x40,0xA1,0x80,0x8E,0x60,0x00,0x00}},
  {0x5AC9, {0x20,0x80,0x27,0xE0,0xF5,0x00,0x5D,0x00,0x55,0xE0,0x56,0x80,0x9C,0x80,0x57,0xE0,0x24,0x80,0x59,0x40,0x92,0x20,0x00,0x00}},
  {0x5ACC, {0x25,0x00,0x2F,0xC0,0xF5,0x00,0x5F,0xC0,0x55,0x40,0x5F,0xE0,0x95,0x40,0x5F,0xC0,0x2D,0x80,0x55,0x40,0x95,0x20,0x00,0x00}},
  {0x5AE1, {0x4F,0xE0,0x44,0x40,0xE2,0x80,0xAF,0xE0,0xA9,0x20,0xAB,0xA0,0xA9,0x20,0xAB,0xA0,0x4A,0xA0,0xAB,0xA0,0x88,0x60,0x00,0x00}},
  {0x5AE9, {0x48,0x40,0x7E,0x80,0xE8,0xE0,0xBF,0x20,0xAA,0xA0,0xAA,0xA0,0xBE,0xA0,0xA8,0x40,0x5C,0x40,0xAA,0xA0,0x89,0x20,0x00,0x00}},
  {0x5B09, {0x2F,0xE0,0x21,0x00,0xF7,0xC0,0x50,0x00,0x57,0xC0,0x54,0x40,0x97,0xC0,0x52,0x80,0x2F,0xE0,0x54,0x40,0x97,0xC0,0x00,0x00}},
  {0x5B50, {0x3F,0x80,0x01,0x00,0x02,0x00,0x04,0x00,0x04,0x00,0xFF,0xE0,0x04,0x00,0x04,0x00,0x04,0x00,0x04,0x00,0x1C,0x00,0x00,0x00}},
  {0x5B54, {0x7D,0x00,0x05,0x00,0x09,0x00,0x11,0x00,0x11,0x00,0x1D,0x00,0xF1,0x00,0x11,0x00,0x11,0x20,0x11,0x20,0x70,0xE0,0x00,0x00}},
  {0x5B55, {0x21,0x00,0x21,0xC0,0x20,0x40,0x5E,0x40,0x42,0x40,0x84,0xC0,0x04,0x00,0xFF,0xE0,0x04,0x00,0x04,0x00,0x0C,0x00,0x00,0x00}},
  {0x5B57, {0x04,0x00,0xFF,0xE0,0x80,0x20,0x00,0x00,0x3F,0x80,0x01,0x00,0x02,0x00,0xFF,0xE0,0x04,0x00,0x04,0x00,0x1C,0x00,0x00,0x00}},
  {0x5B58, {0x08,0x00,0xFF,0xE0,0x10,0x00,0x27,0xC0,0x20,0x80,0x61,0x00,0xAF,0xE0,0x21,0x00,0x21,0x00,0x21,0x00,0x23,0x00,0x00,0x00}},
  {0x5B59, {0xF1,0x00,0x11,0x00,0x11,0x00,0x25,0x40,0x25,0x40,0x35,0x20,0xE5,0x20,0x29,0x20,0x21,0x00,0x21,0x00,0x63,0x00,0x00,0x00}},
  {0x5B5D, {0x7E,0x80,0x09,0x00,0xFF,0xE0,0x04,0x00,0x7F,0x80,0x11,0x00,0x22,0x00,0x7F,0xE0,0x82,0x00,0x02,0x00,0x0E,0x00,0x00,0x00}},
  {0x5B5F, {0x01,0x00,0x02,0x00,0xFF,0xE0,0x04,0x00,0x04,0x00,0x1C,0x00,0x00,0x00,0x7F,0xC0,0x4A,0x40,0x4A,0x40,0xFF,0xE0,0x00,0x00}},
  {0x5B63, {0x3C,0x00,0x04,0x00,0xFF,0xE0,0x15,0x00,0x24,0x80,0xDF,0x60,0x02,0x00,0x04,0x00,0xFF,0xE0,0x04,0x00,0x1C,0x00,0x00,0x00}},
  {0x5B64, {0xF7,0x80,0x15,0x40,0x15,0x40,0x25,0x40,0x25,0x40,0x35,0x40,0xE5,0x40,0x25,0x20,0x25,0xA0,0x25,0x40,0x69,0xC0,0x00,0x00}},
  {0x5B66, {0x24,0x80,0xFF,0xE0,0x80,0x20,0x3F,0x80,0x01,0x00,0x02,0x00,0xFF,0xE0,0x04,0x00,0x04,0x00,0x04,0x00,0x1C,0x00,0x00,0x00}},
  {0x5B69, {0xF0,0x80,0x17,0xE0,0x11,0x00,0x22,0x20,0x27,0xC0,0x30,0x80,0xE1,0x20,0x26,0x40,0x20,0x80,0x21,0x40,0x6E,0x20,0x00,0x00}},
  {0x5B75, {0xCE,0xC0,0xAA,0x00,0xAA,0xA0,0xEE,0x40,0xAA,0xE0,0xAA,0x20,0xEE,0x40,0xA9,0xE0,0x28,0x40,0x48,0x40,0x88,0xC0,0x00,0x00}},
  {0x5B7D, {0xFF,0xE0,0x20,0x80,0x73,0xE0,0x51,0x40,0x7B,0xE0,0x48,0x80,0x7F,0xC0,0x02,0x00,0xFF,0xE0,0x04,0x00,0x1C,0x00,0x00,0x00}},
  {0x5B81, {0x04,0x00,0xFF,0xE0,0x80,0x20,0x00,0x00,0xFF,0xE0,0x04,0x00,0x04,0x00,0x04,0x00,0x04,0x00,0x04,0x00,0x1C,0x00,0x00,0x00}},
  {0x5B83, {0x04,0x00,0xFF,0xE0,0x80,0x20,0xA0,0x20,0x21,0x80,0x26,0x00,0x38,0x00,0x20,0x00,0x20,0x40,0x20,0x40,0x1F,0xC0,0x00,0x00}},
  {0x5B85, {0x04,0x00,0xFF,0xE0,0x80,0x20,0x03,0xC0,0x7C,0x00,0x04,0x00,0x07,0xE0,0xFC,0x00,0x04,0x20,0x04,0x20,0x03,0xE0,0x00,0x00}},
  {0x5B87, {0x04,0x00,0xFF,0xE0,0x80,0x20,0x80,0x20,0x3F,0x80,0x04,0x00,0x04,0x00,0xFF,0xE0,0x04,0x00,0x04,0x00,0x1C,0x00,0x00,0x00}},
  {0x5B88, {0x04,0x00,0xFF,0xE0,0x80,0x20,0x01,0x00,0x01,0x00,0xFF,0xE0,0x01,0x00,0x21,0x00,0x11,0x00,0x01,0x00,0x07,0x00,0x00,0x00}},
  {0x5B89, {0x04,0x00,0xFF,0xE0,0x88,0x20,0x08,0x00,0xFF,0xE0,0x10,0x80,0x20,0x80,0x39,0x00,0x06,0x00,0x19,0x80,0xE0,0x40,0x00,0x00}},
  {0x5B8B, {0x04,0x00,0xFF,0xE0,0x80,0x20,0x04,0x00,0x04,0x00,0xFF,0xE0,0x0E,0x00,0x15,0x00,0x24,0x80,0xC4,0x60,0x04,0x00,0x00,0x00}},
  {0x5B8C, {0xFF,0xE0,0x80,0x20,0x00,0x00,0x3F,0x80,0x00,0x00,0x00,0x00,0xFF,0xE0,0x11,0x00,0x11,0x00,0x21,0x20,0xC0,0xE0,0x00,0x00}},
  {0x5B8F, {0x04,0x00,0xFF,0xE0,0x88,0x20,0x08,0x00,0xFF,0xE0,0x10,0x00,0x12,0x00,0x22,0x00,0x24,0x80,0x48,0x40,0x9F,0xE0,0x00,0x00}},
  {0x5B97, {0xFF,0xE0,0x80,0x20,0x00,0x00,0x3F,0x80,0x00,0x00,0x00,0x00,0xFF,0xE0,0x04,0x00,0x24,0x80,0x44,0x40,0x8C,0x20,0x00,0x00}},
  {0x5B98, {0x04,0x00,0xFF,0xE0,0x80,0x20,0x3F,0x80,0x20,0x80,0x3F,0x80,0x20,0x00,0x3F,0xC0,0x20,0x40,0x3F,0xC0,0x20,0x40,0x00,0x00}},
  {0x5B99, {0x04,0x00,0xFF,0xE0,0x84,0x20,0x04,0x00,0x7F,0xC0,0x44,0x40,0x44,0x40,0x7F,0xC0,0x44,0x40,0x44,0x40,0x7F,0xC0,0x00,0x00}},
  {0x5B9A, {0x04,0x00,0xFF,0xE0,0x80,0x20,0x00,0x00,0xFF,0xE0,0x04,0x00,0x24,0x00,0x27,0xC0,0x24,0x00,0x54,0x00,0x8F,0xE0,0x00,0x00}},
  {0x5B9B, {0xFF,0xE0,0x80,0x20,0x20,0x00,0x3B,0xC0,0x4A,0x40,0x4A,0x40,0xAA,0x40,0x12,0xC0,0x12,0x00,0x22,0x20,0x41,0xE0,0x00,0x00}},
  {0x5B9C, {0x04,0x00,0xFF,0xE0,0x80,0x20,0x3F,0x80,0x20,0x80,0x3F,0x80,0x20,0x80,0x3F,0x80,0x20,0x80,0x20,0x80,0xFF,0xE0,0x00,0x00}},
  {0x5B9D, {0x04,0x00,0xFF,0xE0,0x80,0x20,0x00,0x00,0x7F,0xC0,0x04,0x00,0x04,0x00,0x7F,0xC0,0x05,0x00,0x04,0x80,0xFF,0xE0,0x00,0x00}},
  {0x5B9E, {0xFF,0xE0,0x80,0x20,0x12,0x00,0x0A,0x00,0x22,0x00,0x12,0x00,0xFF,0xE0,0x04,0x00,0x09,0x80,0x30,0x40,0xC0,0x20,0x00,0x00}},
  {0x5BA0, {0x04,0x00,0xFF,0xE0,0x92,0x20,0x11,0x00,0x7F,0xC0,0x12,0x00,0x12,0x40,0x22,0x80,0x23,0x20,0x46,0x20,0x99,0xE0,0x00,0x00}},
  {0x5BA1, {0xFF,0xE0,0x80,0x20,0x04,0x00,0x7F,0xC0,0x44,0x40,0x7F,0xC0,0x44,0x40,0x7F,0xC0,0x44,0x40,0x04,0x00,0x04,0x00,0x00,0x00}},
  {0x5BA2, {0xFF,0xE0,0x90,0x20,0x1F,0x80,0x20,0x80,0x51,0x00,0x0E,0x00,0xF1,0xE0,0x3F,0x80,0x20,0x80,0x3F,0x80,0x20,0x80,0x00,0x00}},
  {0x5BA3, {0xFF,0xE0,0x80,0x20,0x7F,0xC0,0x00,0x00,0x7F,0xC0,0x40,0x40,0x7F,0xC0,0x40,0x40,0x7F,0xC0,0x00,0x00,0xFF,0xE0,0x00,0x00}},
  {0x5BA4, {0x04,0x00,0xFF,0xE0,0x80,0x20,0xBF,0xA0,0x08,0x00,0x11,0x00,0x3F,0x80,0x04,0x00,0x7F,0xC0,0x04,0x00,0xFF,0xE0,0x00,0x00}},
  {0x5BA6, {0xFF,0xE0,0x80,0x20,0x7F,0xC0,0x44,0x00,0x7F,0xC0,0x40,0x40,0x40,0x40,0x7F,0xC0,0x44,0x00,0x44,0x00,0x7F,0xE0,0x00,0x00}},
  {0x5BAA, {0xFF,0xE0,0x80,0x20,0x24,0x00,0x3F,0xC0,0x44,0x00,0x04,0x00,0xFF,0xE0,0x11,0x00,0x11,0x00,0x21,0x20,0xC0,0xE0,0x00,0x00}},
  {0x5BAB, {0xFF,0xE0,0x80,0x20,0x3F,0x80,0x20,0x80,0x20,0x80,0x3F,0x80,0x00,0x00,0x7F,0xC0,0x40,0x40,0x40,0x40,0x7F,0xC0,0x00,0x00}},
  {0x5BB0, {0xFF,0xE0,0x88,0x20,0x04,0x00,0x7F,0xC0,0x20,0x80,0x11,0x00,0xFF,0xE0,0x04,0x00,0x7F,0xC0,0x04,0x00,0x04,0x00,0x00,0x00}},
  {0x5BB3, {0xFF,0xE0,0x84,0x20,0x7F,0xC0,0x04,0x00,0x7F,0xC0,0x04,0x00,0xFF,0xE0,0x04,0x00,0x7F,0xC0,0x40,0x40,0x7F,0xC0,0x00,0x00}},
  {0x5BB4, {0xFF,0xE0,0xBF,0xA0,0x20,0x80,0x3F,0x80,0x20,0x80,0x3F,0x80,0x08,0x00,0xFF,0xE0,0x11,0x00,0x0E,0x00,0x71,0xC0,0x00,0x00}},
  {0x5BB5, {0xFF,0xE0,0x80,0x20,0x24,0x80,0x15,0x00,0x7F,0xC0,0x40,0x40,0x7F,0xC0,0x40,0x40,0x7F,0xC0,0x40,0x40,0x40,0xC0,0x00,0x00}},
  {0x5BB6, {0xFF,0xE0,0x80,0x20,0x7F,0xC0,0x08,0x00,0x14,0x40,0x6A,0x80,0x13,0x00,0x66,0x80,0x1A,0x60,0xE2,0x00,0x0C,0x00,0x00,0x00}},
  {0x5BB9, {0xFF,0xE0,0x91,0x20,0x24,0x80,0x0A,0x00,0x31,0x80,0xC0,0x60,0x3F,0x80,0x20,0x80,0x20,0x80,0x3F,0x80,0x20,0x80,0x00,0x00}},
  {0x5BBD, {0xFF,0xE0,0x91,0x20,0x7F,0xC0,0x11,0x00,0x7F,0xC0,0x40,0x40,0x44,0x40,0x44,0x40,0x0A,0x00,0x32,0x20,0xC1,0xE0,0x00,0x00}},
  {0x5BBE, {0xFF,0xE0,0x81,0x20,0x3E,0x00,0x20,0x00,0x3F,0xC0,0x21,0x00,0x21,0x00,0xFF,0xE0,0x00,0x00,0x20,0x80,0x40,0x40,0x00,0x00}},
  {0x5BBF, {0x04,0x00,0xFF,0xE0,0x80,0x20,0x3F,0xC0,0x44,0x00,0xDF,0xC0,0x50,0x40,0x5F,0xC0,0x50,0x40,0x5F,0xC0,0x50,0x40,0x00,0x00}},
  {0x5BC2, {0xFF,0xE0,0x80,0x20,0x20,0x00,0x3B,0xC0,0x22,0x40,0xFA,0x40,0x22,0x40,0x72,0x80,0xA9,0x00,0x22,0x80,0x64,0x60,0x00,0x00}},
  {0x5BC4, {0xFF,0xE0,0x84,0x20,0x7F,0xC0,0x11,0x00,0x20,0x80,0xFF,0xE0,0x00,0x80,0x7C,0x80,0x44,0x80,0x7C,0x80,0x01,0x80,0x00,0x00}},
  {0x5BC6, {0xFF,0xE0,0x88,0x20,0x05,0x00,0x52,0x40,0x54,0xA0,0x8F,0xA0,0x30,0x00,0x04,0x00,0x44,0x40,0x44,0x40,0x7F,0xC0,0x00,0x00}},
  {0x5BC7, {0xFF,0xE0,0x81,0x20,0x01,0xC0,0x71,0x00,0x07,0xC0,0x00,0x40,0xFA,0x80,0x51,0x00,0x52,0x80,0x54,0xA0,0x8F,0xE0,0x00,0x00}},
  {0x5BCC, {0xFF,0xE0,0x80,0x20,0x7F,0xC0,0x00,0x00,0x3F,0x80,0x20,0x80,0x7F,0xC0,0x44,0x40,0x7F,0xC0,0x44,0x40,0x7F,0xC0,0x00,0x00}},
  {0x5BD2, {0xFF,0xE0,0x91,0x20,0x7F,0xC0,0x11,0x00,0x7F,0xC0,0x11,0x00,0xFF,0xE0,0x24,0x80,0x42,0x40,0x98,0x20,0x06,0x00,0x00,0x00}},
  {0x5BD3, {0xFF,0xE0,0x80,0x20,0x7F,0xC0,0x44,0x40,0x7F,0xC0,0x44,0x40,0x7F,0xC0,0x04,0x00,0xFF,0xE0,0x85,0x20,0x9F,0x60,0x00,0x00}},
  {0x5BDD, {0xFF,0xE0,0x80,0x20,0x2F,0xC0,0xA0,0x40,0x6F,0xC0,0x20,0x40,0x3F,0xE0,0x77,0xA0,0xA4,0x80,0x23,0x00,0x3C,0xE0,0x00,0x00}},
  {0x5BDE, {0xFF,0xE0,0x91,0x20,0x7F,0xC0,0x11,0x00,0x7F,0xC0,0x40,0x40,0x7F,0xC0,0x40,0x40,0xFF,0xE0,0x11,0x00,0xE0,0xE0,0x00,0x00}},
  {0x5BDF, {0xFF,0xE0,0xA0,0x20,0x3B,0xC0,0x6A,0x40,0xD1,0x80,0x2E,0x80,0x40,0x60,0xBF,0x80,0x04,0x00,0x24,0x80,0x4C,0x40,0x00,0x00}},
  {0x5BE1, {0xFF,0xE0,0x80,0x20,0x7F,0xC0,0x08,0x00,0x3F,0x80,0x24,0x80,0xFF,0xE0,0x20,0x80,0x5F,0x40,0x89,0x20,0x33,0x00,0x00,0x00}},
  {0x5BE5, {0xFF,0xE0,0x80,0x20,0x7B,0xC0,0x4A,0x40,0x29,0x40,0x46,0x40,0x1B,0x00,0xE2,0xE0,0x1C,0x00,0x03,0x80,0x7C,0x00,0x00,0x00}},
  {0x5BE8, {0xFF,0xE0,0x91,0x20,0x7F,0xC0,0x11,0x00,0x7F,0xC0,0x11,0x00,0xFF,0xE0,0x24,0x80,0x7F,0xC0,0x95,0x20,0x2C,0x80,0x00,0x00}},
  {0x5BF8, {0x01,0x00,0x01,0x00,0xFF,0xE0,0x01,0x00,0x01,0x00,0x21,0x00,0x11,0x00,0x11,0x00,0x01,0x00,0x01,0x00,0x07,0x00,0x00,0x00}},
  {0x5BF9, {0x00,0x40,0xF8,0x40,0x0B,0xE0,0x08,0x40,0x88,0x40,0x52,0x40,0x51,0x40,0x21,0x40,0x50,0x40,0x48,0x40,0x89,0xC0,0x00,0x00}},
  {0x5BFA, {0x7F,0xC0,0x04,0x00,0x04,0x00,0xFF,0xE0,0x01,0x00,0x01,0x00,0xFF,0xE0,0x21,0x00,0x11,0x00,0x01,0x00,0x07,0x00,0x00,0x00}},
  {0x5BFB, {0x00,0x40,0x3F,0xC0,0x00,0x40,0x7F,0xC0,0x00,0x80,0xFF,0xE0,0x00,0x80,0x20,0x80,0x10,0x80,0x10,0x80,0x03,0x80,0x00,0x00}},
  {0x5BFC, {0x40,0x40,0x7F,0xC0,0x40,0x00,0x40,0x20,0x3F,0xE0,0x00,0x00,0x00,0x80,0xFF,0xE0,0x20,0x80,0x10,0x80,0x03,0x80,0x00,0x00}},
  {0x5BFF, {0x7F,0xC0,0x04,0x00,0x3F,0x80,0x08,0x00,0xFF,0xE0,0x10,0x80,0x3F,0xE0,0x28,0x80,0x44,0x80,0x80,0x80,0x03,0x80,0x00,0x00}},
  {0x5C01, {0x10,0x40,0x7C,0x40,0x13,0xE0,0x10,0x40,0xFC,0x40,0x02,0x40,0x11,0x40,0x7D,0x40,0x10,0x40,0x1C,0x40,0xE1,0xC0,0x00,0x00}},
  {0x5C04, {0x78,0x40,0x48,0x40,0x7B,0xE0,0x48,0x40,0x78,0x40,0x4A,0x40,0xF9,0x40,0x29,0x40,0x48,0x40,0x88,0x40,0x19,0xC0,0x00,0x00}},
  {0x5C06, {0x23,0xC0,0xA4,0x40,0x6A,0x80,0x21,0x00,0x26,0x40,0x3F,0xE0,0x60,0x40,0xA4,0x40,0x22,0x40,0x20,0x40,0x21,0xC0,0x00,0x00}},
  {0x5C09, {0x42,0x40,0x7E,0x40,0x41,0xE0,0x5C,0x40,0x40,0x40,0x7F,0x40,0x48,0xC0,0x5C,0x40,0x6A,0x40,0x48,0x40,0x98,0xC0,0x00,0x00}},
  {0x5C0A, {0xFF,0xE0,0x11,0x00,0x7F,0xC0,0x51,0x40,0x6E,0xC0,0x40,0x40,0x7F,0xC0,0x00,0x80,0xFF,0xE0,0x20,0x80,0x11,0x80,0x00,0x00}},
  {0x5C0F, {0x04,0x00,0x04,0x00,0x04,0x00,0x24,0x80,0x24,0x40,0x44,0x40,0x44,0x20,0x84,0x20,0x04,0x00,0x04,0x00,0x1C,0x00,0x00,0x00}},
  {0x5C11, {0x04,0x00,0x24,0x80,0x24,0x40,0x44,0x20,0x84,0x20,0x04,0x00,0x04,0x80,0x01,0x00,0x06,0x00,0x18,0x00,0xE0,0x00,0x00,0x00}},
  {0x5C14, {0x20,0x00,0x3F,0xE0,0x40,0x20,0x84,0x40,0x04,0x00,0x24,0x80,0x24,0x40,0x44,0x20,0x84,0x20,0x04,0x00,0x0C,0x00,0x00,0x00}},
  {0x5C16, {0x24,0x80,0x24,0x40,0x44,0x20,0x84,0x20,0x00,0x00,0x04,0x00,0xFF,0xE0,0x0A,0x00,0x11,0x00,0x20,0x80,0xC0,0x60,0x00,0x00}},
  {0x5C18, {0x24,0x80,0x24,0x40,0x44,0x20,0x84,0x20,0x00,0x00,0x04,0x00,0x04,0x00,0x7F,0xC0,0x04,0x00,0x04,0x00,0xFF,0xE0,0x00,0x00}},
  {0x5C1A, {0x44,0x40,0x24,0x80,0x04,0x00,0x7F,0xC0,0x40,0x40,0x5F,0x40,0x51,0x40,0x51,0x40,0x5F,0x40,0x40,0x40,0x40,0xC0,0x00,0x00}},
  {0x5C1D, {0x24,0x80,0xFF,0xE0,0x80,0x20,0x3F,0x80,0x00,0x00,0xFF,0xE0,0x08,0x00,0x11,0x00,0x20,0x80,0x7F,0xC0,0x00,0x40,0x00,0x00}},
  {0x5C24, {0x08,0x80,0x08,0x00,0xFF,0xE0,0x0A,0x00,0x12,0x00,0x12,0x00,0x12,0x00,0x22,0x00,0x22,0x20,0x42,0x20,0x81,0xE0,0x00,0x00}},
  {0x5C31, {0x22,0x80,0xFA,0x40,0x07,0xE0,0xFA,0x80,0x8A,0x80,0x8A,0x80,0xFA,0x80,0x22,0x80,0xB2,0xA0,0xAA,0xA0,0x64,0x60,0x00,0x00}},
  {0x5C38, {0x3F,0xE0,0x20,0x20,0x20,0x20,0x20,0x20,0x3F,0xE0,0x20,0x20,0x20,0x00,0x20,0x00,0x40,0x00,0x40,0x00,0x80,0x00,0x00,0x00}},
  {0x5C3A, {0x3F,0xC0,0x20,0x40,0x20,0x40,0x20,0x40,0x3F,0xC0,0x22,0x00,0x22,0x00,0x21,0x00,0x41,0x00,0x40,0x80,0x80,0x60,0x00,0x00}},
  {0x5C3C, {0x3F,0xC0,0x20,0x40,0x20,0x40,0x3F,0xC0,0x20,0x00,0x28,0x40,0x29,0x80,0x2E,0x00,0x48,0x20,0x48,0x20,0x87,0xE0,0x00,0x00}},
  {0x5C3D, {0x3F,0xC0,0x20,0x40,0x20,0x40,0x3F,0xC0,0x21,0x00,0x2D,0x00,0x22,0x80,0x40,0x40,0x98,0x20,0x06,0x00,0x01,0x00,0x00,0x00}},
  {0x5C3E, {0x40,0x20,0x7F,0xE0,0x40,0x00,0x41,0xC0,0x5E,0x00,0x43,0x80,0x5E,0x00,0x43,0xC0,0x7E,0x00,0x42,0x20,0x81,0xE0,0x00,0x00}},
  {0x5C3F, {0x40,0x20,0x40,0x20,0x7F,0xE0,0x42,0x00,0x43,0x20,0x7B,0x40,0x4A,0x80,0x4A,0x80,0x52,0x40,0x62,0x20,0x86,0x00,0x00,0x00}},
  {0x5C40, {0x40,0x40,0x7F,0xC0,0x40,0x00,0x7F,0xE0,0x40,0x20,0x5F,0xA0,0x50,0xA0,0x50,0xA0,0x5F,0xA0,0x50,0x20,0x81,0xC0,0x00,0x00}},
  {0x5C41, {0x40,0x40,0x7F,0xC0,0x40,0x00,0x51,0x00,0x51,0x20,0x5D,0x20,0x51,0x40,0x51,0x80,0x51,0x20,0x55,0x20,0x98,0xE0,0x00,0x00}},
  {0x5C42, {0x40,0x20,0x7F,0xE0,0x40,0x00,0x5F,0xC0,0x40,0x00,0x40,0x00,0x7F,0xE0,0x44,0x00,0x48,0x40,0x5F,0xE0,0x80,0x20,0x00,0x00}},
  {0x5C45, {0x40,0x40,0x40,0x40,0x7F,0xC0,0x42,0x00,0x7F,0xE0,0x42,0x00,0x5F,0xC0,0x50,0x40,0x50,0x40,0x5F,0xC0,0x90,0x40,0x00,0x00}},
  {0x5C48, {0x20,0x20,0x3F,0xE0,0x21,0x00,0x29,0x20,0x29,0x20,0x2F,0xE0,0x21,0x00,0x29,0x20,0x49,0x20,0x4F,0xE0,0x80,0x20,0x00,0x00}},
  {0x5C49, {0x40,0x20,0x40,0x20,0x7F,0xE0,0x42,0x40,0x52,0x40,0x7F,0xE0,0x52,0x40,0x52,0x40,0x53,0xC0,0x50,0x00,0x9F,0xE0,0x00,0x00}},
  {0x5C4A, {0x40,0x20,0x7F,0xE0,0x42,0x00,0x42,0x00,0x5F,0xE0,0x52,0x20,0x52,0x20,0x5F,0xE0,0x52,0x20,0x52,0x20,0x9F,0xE0,0x00,0x00}},
  {0x5C4B, {0x40,0x20,0x7F,0xE0,0x40,0x00,0x5F,0xC0,0x44,0x00,0x48,0x80,0x5F,0xC0,0x42,0x00,0x5F,0xC0,0x42,0x00,0xBF,0xE0,0x00,0x00}},
  {0x5C4E, {0x40,0x20,0x7F,0xE0,0x40,0x00,0x52,0x40,0x4A,0x80,0x42,0x00,0x7F,0xE0,0x4A,0x80,0x52,0x40,0x62,0x20,0x82,0x00,0x00,0x00}},
  {0x5C4F, {0x40,0x20,0x7F,0xE0,0x48,0x40,0x44,0x80,0x5F,0xE0,0x44,0x80,0x44,0x80,0x7F,0xE0,0x44,0x80,0x48,0x80,0x90,0x80,0x00,0x00}},
  {0x5C51, {0x40,0x20,0x7F,0xE0,0x52,0x20,0x4A,0x40,0x5F,0xE0,0x50,0x20,0x5F,0xE0,0x50,0x20,0x5F,0xE0,0x50,0x20,0x90,0x60,0x00,0x00}},
  {0x5C55, {0x40,0x20,0x7F,0xE0,0x48,0x80,0x5F,0xC0,0x48,0x80,0x7F,0xE0,0x52,0x00,0x52,0x20,0x51,0x40,0x54,0x80,0x98,0x60,0x00,0x00}},
  {0x5C5E, {0x40,0x20,0x7F,0xE0,0x42,0x00,0x5F,0xC0,0x52,0x40,0x5F,0xC0,0x42,0x00,0x7F,0xE0,0x62,0xA0,0x6F,0xA0,0xA0,0x60,0x00,0x00}},
  {0x5C60, {0x40,0x20,0x7F,0xE0,0x42,0x40,0x5F,0x40,0x42,0x80,0x7F,0xE0,0x48,0x40,0x5F,0xC0,0x68,0x40,0x4F,0xC0,0x88,0x40,0x00,0x00}},
  {0x5C61, {0x40,0x20,0x7F,0xE0,0x52,0x40,0x4A,0x80,0x7F,0xE0,0x4A,0x80,0x54,0x40,0x7F,0xE0,0x48,0x80,0x47,0x00,0xB8,0xE0,0x00,0x00}},
  {0x5C65, {0x40,0x20,0x7F,0xE0,0x4A,0x00,0x57,0xE0,0x62,0x40,0x4B,0xC0,0x52,0x40,0x73,0xC0,0x56,0x40,0x51,0x80,0x96,0x60,0x00,0x00}},
  {0x5C6F, {0x04,0x00,0xFF,0xE0,0x04,0x00,0x44,0x40,0x44,0x40,0x44,0x40,0x7F,0xC0,0x04,0x00,0x04,0x20,0x04,0x20,0x03,0xE0,0x00,0x00}},
  {0x5C71, {0x04,0x00,0x04,0x00,0x44,0x40,0x44,0x40,0x44,0x40,0x44,0x40,0x44,0x40,0x44,0x40,0x44,0x40,0x7F,0xC0,0x00,0x40,0x00,0x00}},
  {0x5C79, {0x21,0x00,0x23,0xE0,0xAC,0x00,0xA8,0x00,0xAB,0xC0,0xA8,0x40,0xA8,0x80,0xA9,0x00,0xBA,0x20,0xCA,0x20,0x01,0xE0,0x00,0x00}},
  {0x5C7F, {0x21,0x00,0x21,0xE0,0xA9,0x00,0xAA,0x00,0xAB,0xE0,0xA8,0x20,0xA8,0x20,0xAF,0xA0,0xB8,0x20,0xC8,0x20,0x00,0xC0,0x00,0x00}},
  {0x5C81, {0x44,0x40,0x44,0x40,0x7F,0xC0,0x08,0x00,0x08,0x00,0x1F,0xC0,0x60,0x40,0x10,0x80,0x0B,0x00,0x1C,0x00,0xE0,0x00,0x00,0x00}},
  {0x5C82, {0x44,0x40,0x44,0x40,0x7F,0xC0,0x00,0x00,0x7F,0xC0,0x00,0x40,0x00,0x40,0x7F,0xC0,0x40,0x00,0x40,0x20,0x3F,0xE0,0x00,0x00}},
  {0x5C94, {0x20,0x80,0xC0,0x60,0x3F,0x80,0x10,0x80,0x20,0x80,0x43,0x00,0x04,0x00,0x44,0x40,0x44,0x40,0x44,0x40,0x7F,0xC0,0x00,0x00}},
  {0x5C96, {0x23,0xE0,0x22,0x00,0xAB,0x20,0xAA,0xA0,0xAA,0xA0,0xAA,0x40,0xAA,0x40,0xBA,0xA0,0xCB,0x20,0x02,0x00,0x03,0xE0,0x00,0x00}},
  {0x5C97, {0x44,0x40,0x7F,0xC0,0x00,0x00,0x7F,0xC0,0x51,0x40,0x4A,0x40,0x44,0x40,0x4A,0x40,0x51,0x40,0x40,0x40,0x40,0xC0,0x00,0x00}},
  {0x5C9B, {0x7F,0x80,0x40,0x80,0x48,0x80,0x45,0x80,0x40,0x00,0x7F,0xE0,0x08,0x20,0x88,0xA0,0x88,0xA0,0xFF,0xA0,0x00,0x60,0x00,0x00}},
  {0x5CA9, {0x44,0x40,0x44,0x40,0x7F,0xC0,0x00,0x00,0xFF,0xE0,0x10,0x00,0x3F,0xC0,0x60,0x40,0xA0,0x40,0x3F,0xC0,0x20,0x40,0x00,0x00}},
  {0x5CAD, {0x21,0x00,0x22,0x80,0xAC,0x40,0xA9,0x20,0xA8,0x80,0xAF,0xC0,0xA8,0x40,0xA8,0x80,0xBA,0x80,0xC9,0x00,0x00,0x80,0x00,0x00}},
  {0x5CB3, {0x3C,0x00,0x20,0x00,0x20,0x00,0x3F,0xC0,0x21,0x00,0x21,0x00,0xFF,0xE0,0x04,0x00,0x44,0x40,0x44,0x40,0x7F,0xC0,0x00,0x00}},
  {0x5CB8, {0x44,0x40,0x7F,0xC0,0x00,0x00,0x7F,0xC0,0x40,0x00,0x5F,0xC0,0x42,0x00,0x7F,0xE0,0x42,0x00,0x42,0x00,0x82,0x00,0x00,0x00}},
  {0x5CE1, {0x20,0x80,0x23,0xE0,0xA8,0x80,0xAA,0xA0,0xA9,0xC0,0xA8,0x80,0xAB,0xE0,0xB8,0x80,0xC9,0x40,0x02,0x40,0x04,0x20,0x00,0x00}},
  {0x5CE6, {0x04,0x00,0xFF,0xE0,0x11,0x00,0x51,0x40,0x51,0x20,0x91,0x20,0x04,0x00,0x44,0x40,0x44,0x40,0x44,0x40,0x7F,0xC0,0x00,0x00}},
  {0x5CED, {0x22,0xA0,0x21,0xC0,0xA8,0x80,0xAB,0xE0,0xAA,0x20,0xAB,0xE0,0xAA,0x20,0xAB,0xE0,0xBA,0x20,0xCA,0x20,0x02,0x60,0x00,0x00}},
  {0x5CF0, {0x21,0xE0,0x23,0x20,0xA8,0xC0,0xAB,0x20,0xA8,0x80,0xAB,0xE0,0xA8,0x80,0xAB,0xE0,0xB8,0x80,0xCB,0xE0,0x00,0x80,0x00,0x00}},
  {0x5CFB, {0x22,0x40,0x23,0xE0,0xA8,0x20,0xAA,0x40,0xAD,0x20,0xA9,0xC0,0xAA,0x40,0xAD,0x40,0xB8,0x80,0xC9,0x40,0x02,0x20,0x00,0x00}},
  {0x5D07, {0x44,0x40,0x7F,0xC0,0x04,0x00,0xFF,0xE0,0x80,0x20,0x3F,0x80,0x00,0x00,0xFF,0xE0,0x04,0x00,0x24,0x80,0x4C,0x40,0x00,0x00}},
  {0x5D0E, {0x23,0xE0,0x21,0x40,0xAA,0x20,0xAF,0xE0,0xA8,0x20,0xAB,0xA0,0xAA,0xA0,0xAA,0xA0,0xBB,0xA0,0xCA,0x20,0x00,0x60,0x00,0x00}},
  {0x5D14, {0x44,0x40,0x7F,0xC0,0x12,0x00,0x21,0x00,0x7F,0xE0,0xA2,0x00,0x3F,0xC0,0x22,0x00,0x3F,0xC0,0x22,0x00,0x3F,0xE0,0x00,0x00}},
  {0x5D16, {0x7F,0xC0,0x00,0x00,0x7F,0xE0,0x42,0x00,0x5F,0xC0,0x42,0x00,0x7F,0xE0,0x42,0x00,0x5F,0xC0,0x42,0x00,0xBF,0xE0,0x00,0x00}},
  {0x5D29, {0x44,0x40,0x7F,0xC0,0x00,0x00,0x7B,0xC0,0x4A,0x40,0x7B,0xC0,0x4A,0x40,0x7B,0xC0,0x4A,0x40,0x4A,0x40,0x9C,0xC0,0x00,0x00}},
  {0x5D2D, {0x44,0x40,0x7F,0xC0,0x20,0x60,0xFB,0x80,0x42,0x00,0x92,0x00,0xFB,0xE0,0x12,0x40,0x1A,0x40,0xF2,0x40,0x14,0x40,0x00,0x00}},
  {0x5D4C, {0x44,0x40,0x7F,0xC0,0x01,0x00,0x49,0x00,0xFD,0xE0,0x4A,0x20,0x48,0x80,0x78,0x80,0x49,0x40,0x49,0x40,0x7A,0x20,0x00,0x00}},
  {0x5DCD, {0x7F,0xC0,0x11,0x00,0x62,0x00,0x27,0xC0,0xFD,0x40,0x77,0xC0,0xAD,0x40,0xFF,0xC0,0x49,0x40,0x33,0x20,0xCC,0xE0,0x00,0x00}},
  {0x5DDD, {0x22,0x20,0x22,0x20,0x22,0x20,0x22,0x20,0x22,0x20,0x22,0x20,0x22,0x20,0x22,0x20,0x22,0x20,0x42,0x20,0x80,0x20,0x00,0x00}},
  {0x5DDE, {0x12,0x20,0x12,0x20,0x52,0x20,0x5A,0xA0,0x96,0x60,0x12,0x20,0x12,0x20,0x22,0x20,0x22,0x20,0x42,0x20,0x80,0x20,0x00,0x00}},
  {0x5DE1, {0x49,0x20,0x12,0x40,0x12,0x40,0x24,0x80,0xD2,0x40,0x52,0x40,0x49,0x20,0x49,0x20,0x40,0x00,0x40,0x00,0xBF,0xE0,0x00,0x00}},
  {0x5DE2, {0x49,0x00,0x24,0x80,0x7F,0xC0,0x44,0x40,0x7F,0xC0,0x44,0x40,0x7F,0xC0,0x04,0x00,0xFF,0xE0,0x24,0x80,0xC4,0x60,0x00,0x00}},
  {0x5DE5, {0x7F,0xC0,0x04,0x00,0x04,0x00,0x04,0x00,0x04,0x00,0x04,0x00,0x04,0x00,0x04,0x00,0x04,0x00,0x04,0x00,0xFF,0xE0,0x00,0x00}},
  {0x5DE6, {0x08,0x00,0xFF,0xE0,0x08,0x00,0x10,0x00,0x10,0x00,0x1F,0xC0,0x22,0x00,0x22,0x00,0x42,0x00,0x82,0x00,0x3F,0xE0,0x00,0x00}},
  {0x5DE7, {0x07,0xE0,0xF1,0x00,0x22,0x00,0x22,0x00,0x24,0x00,0x27,0xE0,0x20,0x20,0x38,0x20,0xC0,0x20,0x00,0x20,0x00,0xC0,0x00,0x00}},
  {0x5DE8, {0x7F,0xE0,0x40,0x00,0x40,0x00,0x7F,0xC0,0x40,0x40,0x40,0x40,0x40,0x40,0x7F,0xC0,0x40,0x00,0x40,0x00,0x7F,0xE0,0x00,0x00}},
  {0x5DE9, {0x07,0x80,0xF4,0x80,0x24,0x80,0x24,0x80,0x26,0x80,0x25,0x80,0x24,0x80,0x34,0x80,0xC4,0xA0,0x08,0xA0,0x10,0x60,0x00,0x00}},
  {0x5DEB, {0x7F,0xC0,0x04,0x00,0x24,0x80,0x24,0x80,0x24,0x80,0x24,0x80,0x55,0x40,0x8E,0x20,0x04,0x00,0x04,0x00,0xFF,0xE0,0x00,0x00}},
  {0x5DEE, {0x11,0x00,0xFF,0xE0,0x04,0x00,0x7F,0xC0,0x08,0x00,0xFF,0xE0,0x10,0x00,0x3F,0xC0,0x42,0x00,0x82,0x00,0x3F,0xE0,0x00,0x00}},
  {0x5DF1, {0x7F,0xC0,0x00,0x40,0x00,0x40,0x00,0x40,0x7F,0xC0,0x40,0x00,0x40,0x00,0x40,0x20,0x40,0x20,0x40,0x20,0x3F,0xE0,0x00,0x00}},
  {0x5DF2, {0x7F,0xC0,0x00,0x40,0x00,0x40,0x40,0x40,0x40,0x40,0x7F,0xC0,0x40,0x00,0x40,0x00,0x40,0x20,0x40,0x20,0x3F,0xE0,0x00,0x00}},
  {0x5DF4, {0x7F,0xC0,0x44,0x40,0x44,0x40,0x44,0x40,0x44,0x40,0x7F,0xC0,0x40,0x00,0x40,0x00,0x40,0x20,0x40,0x20,0x3F,0xE0,0x00,0x00}},
  {0x5DF7, {0x11,0x00,0x7F,0xC0,0x11,0x00,0xFF,0xE0,0x20,0x80,0x7F,0xC0,0xA0,0xA0,0x3F,0x80,0x20,0x00,0x20,0x40,0x1F,0xC0,0x00,0x00}},
  {0x5DFE, {0x04,0x00,0x7F,0xC0,0x44,0x40,0x44,0x40,0x44,0x40,0x44,0x40,0x44,0x40,0x44,0x40,0x44,0xC0,0x04,0x00,0x04,0x00,0x00,0x00}},
  {0x5E01, {0xFC,0x00,0x04,0x00,0x04,0x00,0x7F,0xC0,0x44,0x40,0x44,0x40,0x44,0x40,0x44,0x40,0x44,0x40,0x44,0xC0,0x04,0x00,0x00,0x00}},
  {0x5E02, {0x04,0x00,0xFF,0xE0,0x04,0x00,0x04,0x00,0x7F,0xC0,0x44,0x40,0x44,0x40,0x44,0x40,0x44,0x40,0x44,0xC0,0x04,0x00,0x00,0x00}},
  {0x5E03, {0x08,0x00,0xFF,0xE0,0x12,0x00,0x22,0x00,0x3F,0xC0,0x52,0x40,0x52,0x40,0x92,0x40,0x12,0x40,0x12,0xC0,0x02,0x00,0x00,0x00}},
  {0x5E05, {0x21,0x00,0xAF,0xE0,0xA9,0x20,0xA9,0x20,0xA9,0x20,0xA9,0x20,0xA9,0x20,0xA9,0x20,0x29,0x60,0x41,0x00,0x81,0x00,0x00,0x00}},
  {0x5E06, {0x23,0xC0,0xFA,0x40,0xAA,0x40,0xAA,0x40,0xAB,0x40,0xAA,0xC0,0xAA,0x40,0xBA,0x40,0x22,0x40,0x24,0x60,0x28,0x20,0x00,0x00}},
  {0x5E08, {0x2F,0xE0,0xA1,0x00,0xA1,0x00,0xAF,0xE0,0xA9,0x20,0xA9,0x20,0xA9,0x20,0xA9,0x20,0x29,0x60,0x41,0x00,0x81,0x00,0x00,0x00}},
  {0x5E0C, {0x19,0x80,0x06,0x00,0x79,0x80,0x10,0x40,0xFF,0xE0,0x24,0x00,0x7F,0xC0,0xA4,0x40,0x24,0x40,0x24,0xC0,0x04,0x00,0x00,0x00}},
  {0x5E10, {0x22,0x40,0xFA,0x80,0xAB,0x00,0xAA,0x00,0xAF,0xE0,0xAA,0x80,0xAA,0x80,0xBA,0x40,0x22,0x40,0x23,0x20,0x22,0x00,0x00,0x00}},
  {0x5E15, {0x21,0x00,0xFB,0xE0,0xAA,0x20,0xAA,0x20,0xAA,0x20,0xAB,0xE0,0xAA,0x20,0xAA,0x20,0xBA,0x20,0x23,0xE0,0x22,0x20,0x00,0x00}},
  {0x5E16, {0x20,0x80,0xF8,0x80,0xA8,0xE0,0xA8,0x80,0xA8,0x80,0xAB,0xE0,0xAA,0x20,0xBA,0x20,0x22,0x20,0x23,0xE0,0x22,0x20,0x00,0x00}},
  {0x5E18, {0x04,0x00,0xFF,0xE0,0x91,0x20,0xA4,0xA0,0x04,0x00,0x7F,0xC0,0x44,0x40,0x44,0x40,0x44,0x40,0x44,0xC0,0x04,0x00,0x00,0x00}},
  {0x5E1A, {0x00,0x40,0x3F,0xC0,0x00,0x40,0x7F,0xC0,0x00,0x00,0xFF,0xE0,0x84,0x20,0x7F,0xC0,0x44,0x40,0x44,0xC0,0x04,0x00,0x00,0x00}},
  {0x5E1C, {0x23,0xE0,0xFA,0x20,0xAA,0x20,0xAA,0x20,0xAA,0x20,0xAB,0xE0,0xA8,0x00,0xB8,0x00,0x21,0x40,0x21,0x20,0x22,0x20,0x00,0x00}},
  {0x5E1D, {0xFF,0xE0,0x20,0x80,0x11,0x00,0xFF,0xE0,0x80,0x20,0x04,0x00,0x7F,0xC0,0x44,0x40,0x44,0x40,0x44,0xC0,0x04,0x00,0x00,0x00}},
  {0x5E26, {0xFF,0xE0,0x24,0x80,0x00,0x00,0xFF,0xE0,0x80,0x20,0x04,0x00,0x7F,0xC0,0x44,0x40,0x44,0x40,0x44,0xC0,0x04,0x00,0x00,0x00}},
  {0x5E2D, {0x7F,0xE0,0x48,0x80,0x7F,0xE0,0x48,0x80,0x4F,0x80,0x42,0x00,0x5F,0xC0,0x52,0x40,0x52,0x40,0x92,0xC0,0x02,0x00,0x00,0x00}},
  {0x5E2E, {0xFD,0xE0,0x11,0x20,0x7D,0x40,0x11,0x20,0xFD,0x20,0x21,0xC0,0x45,0x00,0xFF,0xC0,0x44,0x40,0x44,0xC0,0x04,0x00,0x00,0x00}},
  {0x5E38, {0x15,0x00,0xFF,0xE0,0x80,0x20,0x3F,0x80,0x20,0x80,0x3F,0x80,0x04,0x00,0x7F,0xC0,0x44,0x40,0x44,0xC0,0x04,0x00,0x00,0x00}},
  {0x5E3D, {0x22,0x20,0xFA,0xA0,0xAA,0x20,0xA8,0x00,0xAB,0xE0,0xAA,0x20,0xAB,0xE0,0xAA,0x20,0xBB,0xE0,0x22,0x20,0x23,0xE0,0x00,0x00}},
  {0x5E45, {0x20,0x00,0xFB,0xE0,0xAA,0x20,0xAB,0xE0,0xA8,0x00,0xAB,0xE0,0xAA,0xA0,0xBB,0xE0,0x22,0xA0,0x23,0xE0,0x22,0x20,0x00,0x00}},
  {0x5E4C, {0x24,0x40,0xFF,0xC0,0xAC,0x40,0xAF,0xC0,0xA9,0x00,0xAD,0x40,0xAB,0x80,0xAF,0xE0,0xBA,0x80,0x24,0xA0,0x28,0x60,0x00,0x00}},
  {0x5E54, {0x24,0x40,0x27,0xC0,0xF4,0x40,0xAF,0xE0,0xAA,0xA0,0xAF,0xE0,0xA0,0x00,0xAF,0xC0,0xA4,0x40,0x23,0x80,0x2C,0x60,0x00,0x00}},
  {0x5E55, {0xFF,0xE0,0x11,0x00,0x7F,0xC0,0x44,0x40,0x7F,0xC0,0x10,0x00,0xFF,0xE0,0x24,0x80,0x7F,0xC0,0xA4,0xA0,0x25,0x80,0x00,0x00}},
  {0x5E62, {0x23,0xE0,0xF9,0x40,0xAF,0xE0,0xAA,0xA0,0xAB,0xE0,0xAA,0xA0,0xAB,0xE0,0xB8,0x80,0x23,0xE0,0x20,0x80,0x27,0xE0,0x00,0x00}},
  {0x5E72, {0x7F,0xC0,0x04,0x00,0x04,0x00,0x04,0x00,0x04,0x00,0xFF,0xE0,0x04,0x00,0x04,0x00,0x04,0x00,0x04,0x00,0x04,0x00,0x00,0x00}},
  {0x5E73, {0x7F,0xC0,0x04,0x00,0x44,0x40,0x24,0x40,0x24,0x80,0x04,0x00,0xFF,0xE0,0x04,0x00,0x04,0x00,0x04,0x00,0x04,0x00,0x00,0x00}},
  {0x5E74, {0x20,0x00,0x3F,0xE0,0x42,0x00,0x82,0x00,0x3F,0xC0,0x22,0x00,0x22,0x00,0xFF,0xE0,0x02,0x00,0x02,0x00,0x02,0x00,0x00,0x00}},
  {0x5E76, {0x11,0x00,0x00,0x00,0x7F,0xC0,0x11,0x00,0x11,0x00,0x11,0x00,0xFF,0xE0,0x11,0x00,0x21,0x00,0x21,0x00,0x41,0x00,0x00,0x00}},
  {0x5E78, {0x04,0x00,0x7F,0xC0,0x04,0x00,0xFF,0xE0,0x20,0x80,0x11,0x00,0x7F,0xC0,0x04,0x00,0xFF,0xE0,0x04,0x00,0x04,0x00,0x00,0x00}},
  {0x5E7B, {0x27,0xE0,0x40,0x20,0x48,0x20,0x88,0x20,0xF0,0x20,0x10,0x20,0x20,0x20,0x48,0x20,0xFC,0x20,0x04,0x20,0x00,0xC0,0x00,0x00}},
  {0x5E7C, {0x21,0x00,0x49,0x00,0x4B,0xE0,0x91,0x20,0xF1,0x20,0x21,0x20,0x41,0x20,0x91,0x20,0xFA,0x20,0x0A,0x20,0x04,0xC0,0x00,0x00}},
  {0x5E7D, {0x14,0x80,0x94,0xA0,0xA5,0x20,0xAD,0x60,0xB5,0xA0,0x94,0xA0,0xAD,0x60,0xBD,0xE0,0x84,0x20,0xFF,0xE0,0x00,0x20,0x00,0x00}},
  {0x5E7F, {0x02,0x00,0x7F,0xE0,0x40,0x00,0x40,0x00,0x40,0x00,0x40,0x00,0x40,0x00,0x40,0x00,0x40,0x00,0x40,0x00,0x80,0x00,0x00,0x00}},
  {0x5E84, {0x02,0x00,0x7F,0xE0,0x40,0x00,0x42,0x00,0x42,0x00,0x5F,0xC0,0x42,0x00,0x42,0x00,0x42,0x00,0x42,0x00,0xBF,0xE0,0x00,0x00}},
  {0x5E86, {0x02,0x00,0x7F,0xE0,0x40,0x00,0x42,0x00,0x42,0x00,0x5F,0xE0,0x42,0x00,0x45,0x00,0x45,0x00,0x48,0x80,0x90,0x60,0x00,0x00}},
  {0x5E87, {0x02,0x00,0x7F,0xE0,0x40,0x00,0x51,0x00,0x51,0x20,0x5D,0x20,0x51,0x40,0x51,0x80,0x51,0x20,0x55,0x20,0x98,0xE0,0x00,0x00}},
  {0x5E8A, {0x02,0x00,0x7F,0xE0,0x42,0x00,0x42,0x00,0x5F,0xC0,0x42,0x00,0x47,0x00,0x4A,0x80,0x52,0x40,0x62,0x20,0x82,0x00,0x00,0x00}},
  {0x5E8F, {0x7F,0xE0,0x40,0x00,0x5F,0xC0,0x40,0x80,0x4D,0x00,0x42,0x00,0x7F,0xE0,0x42,0x20,0x42,0x40,0x42,0x00,0x86,0x00,0x00,0x00}},
  {0x5E90, {0x7F,0xE0,0x44,0x00,0x42,0x00,0x5F,0xE0,0x50,0x20,0x50,0x20,0x5F,0xE0,0x50,0x20,0x50,0x00,0x50,0x00,0xA0,0x00,0x00,0x00}},
  {0x5E93, {0x7F,0xE0,0x40,0x00,0x44,0x00,0x7F,0xE0,0x48,0x00,0x52,0x00,0x5F,0xC0,0x42,0x00,0x7F,0xE0,0x42,0x00,0x82,0x00,0x00,0x00}},
  {0x5E94, {0x02,0x00,0x7F,0xE0,0x40,0x00,0x44,0x00,0x42,0x40,0x52,0x40,0x4A,0x40,0x48,0x80,0x48,0x80,0x41,0x00,0xBF,0xE0,0x00,0x00}},
  {0x5E95, {0x7F,0xE0,0x40,0x00,0x41,0xC0,0x5F,0x00,0x51,0x00,0x51,0x00,0x5F,0xE0,0x51,0x00,0x54,0xA0,0x5A,0x60,0x91,0x20,0x00,0x00}},
  {0x5E97, {0x02,0x00,0x7F,0xE0,0x42,0x00,0x42,0x00,0x43,0xE0,0x42,0x00,0x42,0x00,0x5F,0xE0,0x50,0x20,0x50,0x20,0x9F,0xE0,0x00,0x00}},
  {0x5E99, {0x02,0x00,0x7F,0xE0,0x42,0x00,0x42,0x00,0x5F,0xC0,0x52,0x40,0x52,0x40,0x5F,0xC0,0x52,0x40,0x52,0x40,0x9F,0xC0,0x00,0x00}},
  {0x5E9C, {0x02,0x00,0x7F,0xE0,0x44,0x40,0x48,0x40,0x5B,0xE0,0x68,0x40,0x4A,0x40,0x49,0x40,0x48,0x40,0x48,0x40,0x89,0xC0,0x00,0x00}},
  {0x5E9E, {0x7F,0xE0,0x40,0x00,0x49,0x00,0x48,0x80,0x7F,0xE0,0x4A,0x00,0x4A,0x40,0x4A,0x80,0x53,0x20,0x52,0x20,0xA5,0xE0,0x00,0x00}},
  {0x5E9F, {0x7F,0xE0,0x40,0x00,0x42,0x80,0x52,0x40,0x5F,0xE0,0x44,0x00,0x47,0xC0,0x4A,0x40,0x4A,0x40,0x51,0x80,0xA6,0x60,0x00,0x00}},
  {0x5EA6, {0x7F,0xE0,0x48,0x80,0x7F,0xE0,0x48,0x80,0x4F,0x80,0x40,0x00,0x5F,0xC0,0x48,0x40,0x44,0x80,0x43,0x00,0x9C,0xE0,0x00,0x00}},
  {0x5EA7, {0x02,0x00,0x7F,0xE0,0x42,0x00,0x4A,0x80,0x4A,0x80,0x57,0x40,0x62,0x20,0x5F,0xC0,0x42,0x00,0x42,0x00,0xBF,0xE0,0x00,0x00}},
  {0x5EAD, {0x7F,0xE0,0x40,0x00,0x58,0x60,0x4B,0x80,0x48,0x80,0x53,0xE0,0x58,0x80,0x48,0x80,0x6B,0xE0,0x50,0x00,0xAF,0xE0,0x00,0x00}},
  {0x5EB5, {0x7F,0xE0,0x44,0x00,0x7F,0xE0,0x4A,0x80,0x5F,0xC0,0x72,0x60,0x5F,0xC0,0x52,0x40,0x5F,0xC0,0x52,0x20,0x81,0xE0,0x00,0x00}},
  {0x5EB6, {0x7F,0xE0,0x40,0x00,0x48,0x80,0x48,0x80,0x7F,0xE0,0x48,0x80,0x48,0x80,0x4F,0x80,0x40,0x00,0x55,0x40,0xA2,0xA0,0x00,0x00}},
  {0x5EB7, {0x7F,0xE0,0x42,0x00,0x5F,0xC0,0x42,0x40,0x7F,0xE0,0x42,0x40,0x5F,0xC0,0x42,0x00,0x57,0x40,0x4A,0x80,0x96,0x60,0x00,0x00}},
  {0x5EB8, {0x7F,0xE0,0x42,0x00,0x5F,0xC0,0x42,0x40,0x7F,0xE0,0x42,0x40,0x5F,0xC0,0x52,0x40,0x5F,0xC0,0x92,0x40,0x10,0xC0,0x00,0x00}},
  {0x5EC9, {0x7F,0xE0,0x48,0x80,0x7F,0xE0,0x45,0x00,0x5F,0xC0,0x45,0x40,0x7F,0xE0,0x45,0x40,0x5F,0xC0,0x4D,0x80,0xB5,0x60,0x00,0x00}},
  {0x5ECA, {0x7F,0xE0,0x44,0x00,0x5E,0xE0,0x52,0xA0,0x5E,0xA0,0x52,0xC0,0x5E,0xA0,0x50,0xA0,0x54,0xC0,0x5A,0x80,0x90,0x80,0x00,0x00}},
  {0x5ED3, {0x7F,0xE0,0x48,0x00,0x7E,0xE0,0x54,0xA0,0x5C,0xA0,0x40,0xC0,0x5C,0xA0,0x44,0xA0,0x7E,0xC0,0x88,0x80,0x18,0x80,0x00,0x00}},
  {0x5EF6, {0xF7,0x80,0x10,0x80,0x20,0x80,0x44,0x80,0x74,0xE0,0x14,0x80,0x14,0x80,0x54,0x80,0x27,0xE0,0x50,0x00,0x8F,0xE0,0x00,0x00}},
  {0x5EF7, {0xF7,0x00,0x11,0x00,0x21,0x00,0x47,0xC0,0x71,0x00,0x11,0x00,0x11,0x00,0x5F,0xE0,0x20,0x00,0x50,0x00,0x8F,0xE0,0x00,0x00}},
  {0x5EFA, {0xEF,0xC0,0x22,0x40,0x5F,0xE0,0x82,0x40,0xEF,0xC0,0x22,0x00,0x2F,0xC0,0xA2,0x00,0x5F,0xE0,0x62,0x00,0x9F,0xE0,0x00,0x00}},
  {0x5F00, {0x7F,0xC0,0x11,0x00,0x11,0x00,0x11,0x00,0x11,0x00,0xFF,0xE0,0x11,0x00,0x11,0x00,0x21,0x00,0x21,0x00,0x41,0x00,0x00,0x00}},
  {0x5F02, {0x40,0x40,0x7F,0xC0,0x40,0x00,0x40,0x20,0x3F,0xE0,0x10,0x80,0x10,0x80,0xFF,0xE0,0x10,0x80,0x20,0x80,0x40,0x80,0x00,0x00}},
  {0x5F03, {0x04,0x00,0xFF,0xE0,0x10,0x00,0x20,0x80,0x7F,0xC0,0x11,0x40,0x11,0x00,0xFF,0xE0,0x11,0x00,0x21,0x00,0x41,0x00,0x00,0x00}},
  {0x5F04, {0x7F,0xC0,0x04,0x00,0x3F,0x80,0x04,0x00,0xFF,0xE0,0x00,0x00,0x11,0x00,0xFF,0xE0,0x11,0x00,0x21,0x00,0x41,0x00,0x00,0x00}},
  {0x5F0A, {0x59,0xE0,0xFE,0x40,0x95,0x40,0xBC,0x80,0xD5,0x40,0x82,0x20,0x11,0x00,0xFF,0xE0,0x11,0x00,0x21,0x00,0x41,0x00,0x00,0x00}},
  {0x5F0F, {0x01,0x20,0x01,0x00,0xFF,0xE0,0x01,0x00,0x01,0x00,0x7D,0x00,0x11,0x00,0x10,0x80,0x10,0xA0,0x1E,0x60,0xE0,0x20,0x00,0x00}},
  {0x5F13, {0x7F,0xC0,0x00,0x40,0x00,0x40,0x7F,0xC0,0x40,0x00,0x40,0x00,0x7F,0xE0,0x00,0x20,0x00,0x20,0x00,0x20,0x00,0xC0,0x00,0x00}},
  {0x5F15, {0x7C,0x40,0x04,0x40,0x04,0x40,0x7C,0x40,0x40,0x40,0x40,0x40,0x7C,0x40,0x04,0x40,0x04,0x40,0x04,0x40,0x38,0x40,0x00,0x00}},
  {0x5F1B, {0xF1,0x00,0x15,0x60,0x15,0xA0,0xF7,0x20,0x8D,0x20,0x85,0x20,0xF5,0x60,0x15,0x00,0x14,0x20,0x14,0x20,0x63,0xE0,0x00,0x00}},
  {0x5F1F, {0x11,0x00,0x7F,0xC0,0x04,0x40,0x7F,0xC0,0x44,0x00,0x7F,0xE0,0x0C,0x20,0x14,0x20,0x24,0xC0,0xC4,0x00,0x04,0x00,0x00,0x00}},
  {0x5F20, {0xF2,0x40,0x12,0x80,0x13,0x00,0xF2,0x00,0x87,0xE0,0x82,0x80,0xF2,0x80,0x12,0x40,0x12,0x40,0x13,0x20,0x62,0x00,0x00,0x00}},
  {0x5F25, {0xE2,0x00,0x23,0xE0,0x24,0x20,0xE9,0x40,0x81,0x00,0x85,0x40,0xE5,0x20,0x25,0x20,0x29,0x20,0x21,0x00,0xC3,0x00,0x00,0x00}},
  {0x5F26, {0xE1,0x00,0x2F,0xE0,0x21,0x00,0xE2,0x00,0x84,0x40,0x8F,0x80,0xE1,0x00,0x22,0x00,0x24,0x40,0x2F,0xE0,0xC0,0x20,0x00,0x00}},
  {0x5F27, {0xEF,0x00,0x2A,0x80,0x2A,0x80,0xEA,0x80,0x8A,0x80,0x8A,0x80,0xEA,0x80,0x2A,0x40,0x2B,0x40,0x2A,0xA0,0xD3,0x80,0x00,0x00}},
  {0x5F2F, {0xFF,0xE0,0x11,0x00,0x51,0x40,0x91,0x20,0x7F,0xC0,0x00,0x40,0x7F,0xC0,0x40,0x00,0x7F,0xE0,0x00,0x20,0x00,0xC0,0x00,0x00}},
  {0x5F31, {0x08,0x20,0x08,0x20,0x79,0xE0,0x41,0x00,0x79,0xE0,0x8A,0x20,0x49,0x20,0x28,0xA0,0x49,0x20,0x8A,0x20,0x30,0xC0,0x00,0x00}},
  {0x5F39, {0xE2,0x80,0x2F,0xE0,0x29,0x20,0xEF,0xE0,0x89,0x20,0x8F,0xE0,0xE1,0x00,0x2F,0xE0,0x21,0x00,0x21,0x00,0xC1,0x00,0x00,0x00}},
  {0x5F3A, {0xE4,0x40,0x24,0x40,0x27,0xC0,0xE1,0x00,0x8F,0xE0,0x89,0x20,0xE9,0x20,0x2F,0xE0,0x21,0x00,0x21,0x40,0xCF,0xE0,0x00,0x00}},
  {0x5F52, {0x17,0xE0,0x90,0x20,0x90,0x20,0x90,0x20,0x93,0xE0,0x90,0x20,0x90,0x20,0x90,0x20,0x20,0x20,0x27,0xE0,0x40,0x20,0x00,0x00}},
  {0x5F53, {0x44,0x40,0x24,0x80,0x04,0x00,0x7F,0xC0,0x00,0x40,0x00,0x40,0x3F,0xC0,0x00,0x40,0x00,0x40,0x7F,0xC0,0x00,0x40,0x00,0x00}},
  {0x5F55, {0x00,0x80,0x3F,0x80,0x00,0x80,0xFF,0xE0,0x04,0x00,0x44,0x40,0x2E,0x80,0x15,0x00,0x24,0x80,0xC4,0x60,0x0C,0x00,0x00,0x00}},
  {0x5F62, {0xFC,0x40,0x48,0x80,0x49,0x20,0x48,0x20,0xFC,0x40,0x48,0x80,0x49,0x00,0x48,0x20,0x48,0x40,0x48,0x80,0x8B,0x00,0x00,0x00}},
  {0x5F64, {0x7C,0x40,0x44,0x80,0x65,0x20,0x54,0x20,0x44,0x40,0xFE,0x80,0x45,0x00,0x44,0x20,0x44,0x40,0x44,0x80,0x8F,0x00,0x00,0x00}},
  {0x5F69, {0xE0,0x40,0x24,0x80,0x95,0x20,0x48,0x20,0x10,0x40,0xFC,0x80,0x11,0x00,0x38,0x20,0x54,0x40,0x90,0x80,0x13,0x00,0x00,0x00}},
  {0x5F6A, {0x1C,0x40,0x10,0x80,0x7E,0x20,0x52,0x40,0x5C,0x80,0x72,0x20,0x4E,0x40,0x40,0x80,0x5D,0x00,0x54,0x20,0xA3,0xE0,0x00,0x00}},
  {0x5F6C, {0x22,0x20,0x22,0x40,0xF7,0x80,0x22,0x20,0x62,0x20,0x77,0x40,0xA6,0x80,0x2A,0x20,0x22,0x20,0x22,0x40,0x22,0x80,0x00,0x00}},
  {0x5F6D, {0xFC,0x40,0x10,0x80,0x7D,0x20,0x00,0x20,0x7C,0x40,0x44,0x80,0x7D,0x00,0x44,0x20,0x28,0x40,0x1C,0x80,0xE3,0x00,0x00,0x00}},
  {0x5F70, {0x7C,0x40,0x28,0x80,0xFF,0x20,0x44,0x20,0x7C,0x40,0x44,0x80,0x7D,0x00,0x10,0x20,0xFE,0x40,0x10,0x80,0x13,0x00,0x00,0x00}},
  {0x5F71, {0x44,0x20,0x7C,0x40,0x44,0x80,0x7C,0x20,0x10,0x20,0xFE,0x40,0x44,0x80,0x7C,0x20,0x10,0x20,0x54,0x40,0xB2,0x80,0x00,0x00}},
  {0x5F79, {0x24,0x80,0x44,0x80,0x94,0x80,0x28,0x60,0x60,0x00,0xAF,0xC0,0x24,0x40,0x22,0x80,0x21,0x00,0x22,0x80,0x2C,0x60,0x00,0x00}},
  {0x5F7B, {0x25,0xE0,0x44,0xA0,0x96,0xA0,0x2C,0xA0,0x64,0xA0,0xA4,0xA0,0x26,0xA0,0x25,0x20,0x21,0x20,0x22,0x20,0x24,0xC0,0x00,0x00}},
  {0x5F7C, {0x21,0x00,0x4F,0xE0,0x99,0x20,0x29,0x00,0x6F,0xC0,0xAA,0x40,0x2A,0x40,0x2A,0x80,0x29,0x00,0x2A,0x80,0x34,0x60,0x00,0x00}},
  {0x5F80, {0x21,0x00,0x40,0x00,0x97,0xE0,0x21,0x00,0x61,0x00,0xA1,0x00,0x27,0xC0,0x21,0x00,0x21,0x00,0x21,0x00,0x2F,0xE0,0x00,0x00}},
  {0x5F81, {0x4F,0xE0,0x81,0x00,0x21,0x00,0x41,0x00,0xC9,0x00,0x49,0xE0,0x49,0x00,0x49,0x00,0x49,0x00,0x49,0x00,0x5F,0xE0,0x00,0x00}},
  {0x5F84, {0x27,0xC0,0x40,0x80,0x91,0x00,0x22,0x80,0x64,0x40,0xA8,0x20,0x27,0xC0,0x21,0x00,0x21,0x00,0x21,0x00,0x2F,0xE0,0x00,0x00}},
  {0x5F85, {0x21,0x00,0x47,0xC0,0x91,0x00,0x2F,0xE0,0x60,0x80,0xAF,0xE0,0x20,0x80,0x24,0x80,0x22,0x80,0x20,0x80,0x23,0x80,0x00,0x00}},
  {0x5F88, {0x24,0x40,0x44,0x40,0x97,0xC0,0x24,0x40,0x64,0x40,0xA7,0xC0,0x25,0x20,0x25,0x40,0x24,0x80,0x26,0x40,0x24,0x20,0x00,0x00}},
  {0x5F8A, {0x2F,0xE0,0x48,0x20,0x98,0x20,0x2B,0xA0,0x6A,0xA0,0xAA,0xA0,0x2B,0xA0,0x28,0x20,0x28,0x20,0x2F,0xE0,0x28,0x20,0x00,0x00}},
  {0x5F8B, {0x4F,0xC0,0x82,0x40,0x3F,0xE0,0x42,0x40,0xCF,0xC0,0x42,0x00,0x4F,0xC0,0x42,0x00,0x5F,0xE0,0x42,0x00,0x42,0x00,0x00,0x00}},
  {0x5F90, {0x42,0x80,0x84,0x40,0x18,0x20,0x27,0xC0,0x61,0x00,0xAF,0xE0,0x21,0x00,0x25,0x40,0x25,0x20,0x29,0x20,0x23,0x00,0x00,0x00}},
  {0x5F92, {0x21,0x00,0x47,0xC0,0x91,0x00,0x21,0x00,0x67,0xE0,0xA1,0x00,0x25,0x00,0x25,0xC0,0x25,0x00,0x2B,0x00,0x31,0xE0,0x00,0x00}},
  {0x5F97, {0x48,0x40,0x8F,0xC0,0x28,0x40,0x4F,0xC0,0xC0,0x00,0x4F,0xC0,0x40,0x80,0x5F,0xE0,0x48,0x80,0x44,0x80,0x41,0x80,0x00,0x00}},
  {0x5F98, {0x22,0x80,0x4E,0xE0,0x92,0x80,0x22,0x80,0x6E,0xE0,0xA2,0x80,0x22,0x80,0x2E,0xE0,0x22,0x80,0x22,0x80,0x22,0x80,0x00,0x00}},
  {0x5F99, {0x21,0x00,0x45,0xE0,0x95,0x00,0x25,0x00,0x6F,0xE0,0xA0,0x00,0x25,0x00,0x25,0xE0,0x25,0x00,0x2B,0x00,0x31,0xE0,0x00,0x00}},
  {0x5FA1, {0x48,0xE0,0x9E,0xA0,0x24,0xA0,0x44,0xA0,0xDF,0xA0,0x44,0xA0,0x56,0xA0,0x54,0xA0,0x56,0xE0,0x78,0x80,0x40,0x80,0x00,0x00}},
  {0x5FAA, {0x4F,0x80,0x88,0x80,0x2F,0xE0,0x48,0x80,0xCB,0xE0,0x4A,0x20,0x4B,0xE0,0x4A,0x20,0x4B,0xE0,0x4A,0x20,0x53,0xE0,0x00,0x00}},
  {0x5FAE, {0x55,0x40,0x95,0x60,0x3F,0xA0,0x41,0x20,0xCE,0xA0,0x40,0xA0,0x4E,0xA0,0x4A,0x40,0x4B,0x40,0x4A,0xA0,0x51,0x20,0x00,0x00}},
  {0x5FB7, {0x4F,0xE0,0x81,0x00,0x2F,0xE0,0x4A,0xA0,0xCF,0xE0,0x40,0x00,0x5F,0xE0,0x41,0x00,0x4A,0x40,0x4A,0xA0,0x51,0xA0,0x00,0x00}},
  {0x5FBD, {0x55,0x40,0x9F,0x60,0x28,0xA0,0x53,0x20,0xDC,0xA0,0x48,0xA0,0x5E,0xA0,0x44,0x40,0x56,0x40,0x65,0xA0,0x4D,0x20,0x00,0x00}},
  {0x5FC3, {0x08,0x00,0x04,0x00,0x02,0x00,0x12,0x00,0x10,0x40,0x50,0x20,0x50,0x20,0x50,0x20,0x90,0x80,0x10,0x80,0x0F,0x80,0x00,0x00}},
  {0x5FC5, {0x04,0x80,0x14,0x80,0x11,0x00,0x51,0x00,0x52,0x40,0x52,0x20,0x94,0x20,0x18,0x00,0x10,0x80,0x30,0x80,0x4F,0x80,0x00,0x00}},
  {0x5FC6, {0x2F,0xC0,0x20,0x40,0xB0,0x80,0xA9,0x00,0xA2,0x00,0xA4,0x00,0x24,0x00,0x28,0x20,0x28,0x20,0x28,0x20,0x27,0xE0,0x00,0x00}},
  {0x5FCC, {0x7F,0xC0,0x00,0x40,0x00,0x40,0x7F,0xC0,0x40,0x00,0x40,0x20,0x3F,0xE0,0x04,0x00,0x52,0x40,0x50,0xA0,0x8F,0xA0,0x00,0x00}},
  {0x5FCD, {0x04,0x40,0x24,0x40,0x24,0x40,0x48,0x40,0x13,0x80,0x60,0x00,0x04,0x00,0x52,0x40,0x52,0x20,0x90,0xA0,0x0F,0x80,0x00,0x00}},
  {0x5FD7, {0x04,0x00,0xFF,0xE0,0x04,0x00,0x04,0x00,0x7F,0xC0,0x00,0x00,0x04,0x00,0x52,0x40,0x52,0x20,0x90,0xA0,0x0F,0x80,0x00,0x00}},
  {0x5FD8, {0x02,0x00,0xFF,0xE0,0x20,0x00,0x20,0x00,0x3F,0xC0,0x00,0x00,0x04,0x00,0x52,0x40,0x52,0x20,0x90,0xA0,0x0F,0x80,0x00,0x00}},
  {0x5FD9, {0x21,0x00,0x30,0x00,0xAF,0xE0,0xA4,0x00,0xA4,0x00,0xA4,0x00,0x24,0x00,0x24,0x00,0x24,0x00,0x24,0x00,0x27,0xC0,0x00,0x00}},
  {0x5FE0, {0x04,0x00,0x7F,0xC0,0x44,0x40,0x44,0x40,0x7F,0xC0,0x04,0x00,0x04,0x00,0x52,0x40,0x52,0x20,0x90,0xA0,0x0F,0x80,0x00,0x00}},
  {0x5FE7, {0x22,0x40,0x22,0x00,0xB7,0xE0,0xAA,0x80,0xA2,0x80,0xA2,0x80,0x22,0x80,0x22,0x80,0x24,0xA0,0x24,0xA0,0x28,0x60,0x00,0x00}},
  {0x5FEB, {0x22,0x00,0x2F,0xC0,0xB2,0x40,0xA2,0x40,0xA2,0x40,0xBF,0xE0,0x22,0x00,0x25,0x00,0x25,0x00,0x28,0x80,0x30,0x60,0x00,0x00}},
  {0x5FF1, {0x21,0x00,0x2F,0xE0,0xB9,0x20,0xA9,0x20,0xA1,0x00,0xA2,0x80,0x22,0x80,0x22,0x80,0x24,0x80,0x24,0xA0,0x28,0x60,0x00,0x00}},
  {0x5FF5, {0x0A,0x00,0x11,0x00,0x28,0x80,0xC4,0x60,0x3F,0x00,0x01,0x00,0x02,0x00,0x04,0x40,0x52,0x20,0x50,0xA0,0x8F,0x80,0x00,0x00}},
  {0x5FFD, {0x3F,0xE0,0x49,0x20,0x89,0x20,0x12,0x20,0x24,0x20,0x49,0xC0,0x00,0x00,0x04,0x40,0x52,0x20,0x50,0xA0,0x8F,0x80,0x00,0x00}},
  {0x5FFF, {0x20,0x80,0x40,0x40,0xBF,0xA0,0x08,0x80,0x10,0x80,0x20,0x80,0x43,0x00,0x04,0x40,0x52,0x20,0x50,0xA0,0x8F,0x80,0x00,0x00}},
  {0x6000, {0x27,0xE0,0x20,0x80,0xB0,0x80,0xA9,0x00,0xA1,0x40,0xA3,0x20,0x25,0x20,0x29,0x20,0x21,0x00,0x21,0x00,0x21,0x00,0x00,0x00}},
  {0x6001, {0x04,0x00,0xFF,0xE0,0x0A,0x00,0x11,0x00,0x24,0x80,0xC2,0x60,0x04,0x00,0x52,0x40,0x52,0x20,0x90,0xA0,0x0F,0x80,0x00,0x00}},
  {0x600E, {0x3F,0xE0,0x50,0x00,0x9F,0xC0,0x10,0x00,0x1F,0xE0,0x10,0x00,0x10,0x00,0x04,0x40,0x52,0x20,0x50,0xA0,0x8F,0x80,0x00,0x00}},
  {0x6012, {0x23,0xE0,0xF9,0x20,0x49,0x20,0x49,0x40,0x30,0x80,0x49,0x40,0x82,0x20,0x04,0x40,0x52,0x20,0x50,0xA0,0x8F,0x80,0x00,0x00}},
  {0x6014, {0x2F,0xE0,0x21,0x00,0xB1,0x00,0xA1,0x00,0xA5,0x00,0xA5,0xE0,0x25,0x00,0x25,0x00,0x25,0x00,0x25,0x00,0x2F,0xE0,0x00,0x00}},
  {0x6015, {0x21,0x00,0x27,0xE0,0xB4,0x20,0xAC,0x20,0xA4,0x20,0xA7,0xE0,0x24,0x20,0x24,0x20,0x24,0x20,0x27,0xE0,0x24,0x20,0x00,0x00}},
  {0x6016, {0x22,0x00,0x2F,0xE0,0xB4,0x00,0xA5,0x00,0xAF,0xE0,0xB5,0x20,0x25,0x20,0x25,0x20,0x25,0x20,0x25,0x60,0x21,0x00,0x00,0x00}},
  {0x601C, {0x22,0x00,0x35,0x00,0xA8,0x80,0xB2,0x60,0xA1,0x00,0xAF,0xC0,0x20,0x40,0x20,0x80,0x25,0x00,0x22,0x00,0x21,0x00,0x00,0x00}},
  {0x601D, {0x44,0x40,0x44,0x40,0x7F,0xC0,0x44,0x40,0x44,0x40,0x7F,0xC0,0x04,0x00,0x52,0x40,0x52,0x20,0x90,0xA0,0x0F,0x80,0x00,0x00}},
  {0x6020, {0x40,0x40,0xFF,0xE0,0x00,0x20,0x7F,0xC0,0x40,0x40,0x7F,0xC0,0x00,0x00,0x04,0x40,0x52,0x20,0x50,0xA0,0x8F,0x80,0x00,0x00}},
  {0x6025, {0x3F,0x00,0x41,0x00,0xBF,0xC0,0x00,0x40,0x3F,0xC0,0x00,0x40,0x7F,0xC0,0x04,0x00,0x52,0x40,0x50,0xA0,0x8F,0xA0,0x00,0x00}},
  {0x6027, {0x21,0x00,0x25,0x00,0xB7,0xC0,0xA5,0x00,0xA9,0x00,0xA1,0x00,0x27,0xC0,0x21,0x00,0x21,0x00,0x21,0x00,0x2F,0xE0,0x00,0x00}},
  {0x6028, {0x23,0xC0,0x3A,0x40,0x4A,0x40,0xAA,0xC0,0x12,0x00,0x22,0x20,0xC1,0xE0,0x04,0x00,0x52,0x40,0x50,0xA0,0x8F,0xA0,0x00,0x00}},
  {0x602A, {0x2F,0xC0,0x24,0x40,0xB2,0x80,0xA9,0x00,0xA2,0x80,0xAD,0x60,0x21,0x00,0x27,0xC0,0x21,0x00,0x21,0x00,0x2F,0xE0,0x00,0x00}},
  {0x602F, {0x21,0x00,0x21,0x00,0xB7,0xC0,0xA9,0x00,0xA1,0x00,0xAF,0xE0,0x21,0x00,0x22,0x00,0x24,0x40,0x2F,0xE0,0x20,0x20,0x00,0x00}},
  {0x603B, {0x11,0x00,0x7F,0xC0,0x40,0x40,0x40,0x40,0x40,0x40,0x7F,0xC0,0x00,0x00,0x04,0x40,0x52,0x20,0x50,0xA0,0x8F,0x80,0x00,0x00}},
  {0x6043, {0x21,0x00,0x27,0xC0,0xB1,0x00,0xAF,0xE0,0xA0,0x80,0xAF,0xE0,0x20,0x80,0x24,0x80,0x22,0x80,0x20,0x80,0x23,0x80,0x00,0x00}},
  {0x604B, {0x04,0x00,0xFF,0xE0,0x11,0x00,0x51,0x40,0x51,0x20,0x91,0x20,0x00,0x00,0x04,0x40,0x52,0x20,0x50,0xA0,0x8F,0x80,0x00,0x00}},
  {0x604D, {0x21,0x00,0x29,0x20,0xB5,0x40,0xA1,0x00,0xAF,0xE0,0xA2,0x80,0x22,0x80,0x22,0x80,0x24,0xA0,0x24,0xA0,0x28,0x60,0x00,0x00}},
  {0x6050, {0x24,0x80,0x26,0x80,0x25,0x80,0x34,0xA0,0xE8,0xA0,0x10,0x60,0x04,0x00,0x52,0x40,0x52,0x20,0x90,0xA0,0x0F,0x80,0x00,0x00}},
  {0x6052, {0x2F,0xE0,0x20,0x00,0xB7,0xC0,0xAC,0x40,0xA4,0x40,0xA7,0xC0,0x24,0x40,0x24,0x40,0x27,0xC0,0x20,0x00,0x2F,0xE0,0x00,0x00}},
  {0x6055, {0x23,0xC0,0xFA,0x40,0x4A,0x40,0x4A,0x40,0x32,0x40,0x4B,0xC0,0x80,0x00,0x04,0x40,0x52,0x20,0x50,0xA0,0x8F,0x80,0x00,0x00}},
  {0x6062, {0x24,0x00,0x2F,0xE0,0xB4,0x00,0xA4,0x80,0xA4,0xA0,0xAA,0xC0,0x2A,0x80,0x28,0x80,0x29,0x40,0x32,0x40,0x24,0x20,0x00,0x00}},
  {0x6064, {0x21,0x00,0x32,0x00,0xAF,0xE0,0xAA,0xA0,0xAA,0xA0,0xAA,0xA0,0x2A,0xA0,0x2A,0xA0,0x2A,0xA0,0x2A,0xA0,0x3F,0xE0,0x00,0x00}},
  {0x6068, {0x24,0x40,0x24,0x40,0xB7,0xC0,0xAC,0x40,0xA4,0x40,0xA7,0xC0,0x25,0x20,0x25,0x40,0x24,0x80,0x26,0x40,0x24,0x20,0x00,0x00}},
  {0x6069, {0x44,0x40,0x5F,0x40,0x44,0x40,0x4A,0x40,0x51,0x40,0x7F,0xC0,0x00,0x00,0x04,0x40,0x52,0x20,0x50,0xA0,0x8F,0x80,0x00,0x00}},
  {0x606C, {0x27,0x00,0x21,0x00,0xB1,0x00,0xAF,0xE0,0xA1,0x00,0xA1,0x00,0x27,0xC0,0x24,0x40,0x24,0x40,0x27,0xC0,0x24,0x40,0x00,0x00}},
  {0x606D, {0x11,0x00,0x7F,0xC0,0x11,0x00,0xFF,0xE0,0x11,0x00,0x28,0x80,0x48,0x40,0x8D,0x20,0x2A,0x80,0x4A,0x80,0x18,0x00,0x00,0x00}},
  {0x606F, {0x7F,0xC0,0x40,0x40,0x7F,0xC0,0x40,0x40,0x7F,0xC0,0x40,0x40,0x7F,0xC0,0x04,0x00,0x52,0x40,0x50,0xA0,0x8F,0xA0,0x00,0x00}},
  {0x6070, {0x21,0x00,0x32,0x80,0xA4,0x40,0xA8,0x20,0xA7,0xC0,0xA0,0x00,0x27,0xC0,0x24,0x40,0x24,0x40,0x27,0xC0,0x24,0x40,0x00,0x00}},
  {0x6073, {0x40,0x40,0x7F,0xC0,0x40,0x40,0x7F,0xC0,0x44,0x20,0x52,0x40,0x61,0x80,0x04,0x60,0x52,0x40,0x50,0xA0,0x8F,0xA0,0x00,0x00}},
  {0x6076, {0x7F,0xC0,0x0A,0x00,0x4A,0x40,0x2A,0x80,0x0A,0x00,0xFF,0xE0,0x00,0x00,0x04,0x40,0x52,0x20,0x50,0xA0,0x8F,0x80,0x00,0x00}},
  {0x607C, {0x21,0x00,0x2F,0xE0,0xB0,0x00,0xA2,0x80,0xA9,0x20,0xA9,0x20,0x29,0x20,0x2A,0xA0,0x28,0x20,0x2F,0xE0,0x20,0x20,0x00,0x00}},
  {0x6084, {0x29,0x20,0x25,0x40,0xB1,0x00,0xAF,0xE0,0xA8,0x20,0xAF,0xE0,0x28,0x20,0x2F,0xE0,0x28,0x20,0x28,0x20,0x28,0x60,0x00,0x00}},
  {0x6089, {0x7C,0x00,0x24,0x80,0x15,0x00,0xFF,0xE0,0x15,0x00,0x24,0x80,0xC0,0x60,0x04,0x00,0x52,0x40,0x50,0xA0,0x8F,0xA0,0x00,0x00}},
  {0x608D, {0x24,0x40,0x27,0xC0,0xB4,0x40,0xAF,0xC0,0xA0,0x00,0xA7,0xC0,0x21,0x00,0x2F,0xE0,0x21,0x00,0x21,0x00,0x21,0x00,0x00,0x00}},
  {0x6094, {0x27,0xE0,0x28,0x00,0xB7,0xC0,0xA4,0x40,0xA5,0x40,0xBF,0xE0,0x28,0x40,0x29,0x40,0x2F,0xE0,0x20,0x40,0x21,0x80,0x00,0x00}},
  {0x609F, {0x21,0x00,0x27,0xC0,0xB2,0x40,0xA2,0x40,0xAF,0xE0,0xA0,0x00,0x27,0xC0,0x24,0x40,0x24,0x40,0x27,0xC0,0x24,0x40,0x00,0x00}},
  {0x60A0, {0x11,0x00,0x2B,0xE0,0x6A,0x40,0xAD,0x40,0x28,0x80,0x29,0x40,0x22,0x20,0x04,0x00,0x52,0x40,0x50,0xA0,0x8F,0xA0,0x00,0x00}},
  {0x60A3, {0x3F,0x80,0x24,0x80,0x3F,0x80,0x04,0x00,0x7F,0xC0,0x44,0x40,0x7F,0xC0,0x04,0x40,0x52,0x20,0x50,0xA0,0x8F,0x80,0x00,0x00}},
  {0x60A6, {0x22,0x80,0x20,0x00,0xB7,0xC0,0xAC,0x40,0xA4,0x40,0xA7,0xC0,0x22,0x80,0x22,0x80,0x22,0x80,0x24,0xA0,0x28,0x60,0x00,0x00}},
  {0x60A8, {0x14,0x00,0x27,0xE0,0x69,0x20,0xA1,0x00,0x25,0x40,0x29,0x20,0x23,0x00,0x04,0x40,0x52,0x20,0x50,0xA0,0x8F,0x80,0x00,0x00}},
  {0x60AC, {0x20,0x80,0x3F,0x80,0x20,0x80,0x3F,0x80,0x20,0x80,0xFF,0xE0,0x20,0x80,0x7F,0xC0,0x08,0x40,0x55,0x40,0x8F,0x20,0x00,0x00}},
  {0x60AF, {0x24,0x20,0x31,0x20,0xA8,0x20,0xAF,0xE0,0xA8,0xA0,0xAA,0xA0,0x29,0x20,0x2A,0xA0,0x2C,0xA0,0x28,0x20,0x28,0xE0,0x00,0x00}},
  {0x60B2, {0xF1,0xE0,0x11,0x00,0x71,0xC0,0x11,0x00,0xF1,0xE0,0x11,0x00,0x04,0x00,0x52,0x40,0x52,0x20,0x90,0xA0,0x0F,0x80,0x00,0x00}},
  {0x60B4, {0x21,0x00,0x2F,0xE0,0xB4,0x40,0xA4,0x40,0xAA,0xA0,0xA0,0x00,0x21,0x00,0x2F,0xE0,0x21,0x00,0x21,0x00,0x21,0x00,0x00,0x00}},
  {0x60BC, {0x21,0xE0,0x21,0x00,0xB7,0xE0,0xAC,0x20,0xA7,0xE0,0xA4,0x20,0x27,0xE0,0x21,0x00,0x2F,0xE0,0x21,0x00,0x21,0x00,0x00,0x00}},
  {0x60C5, {0x2F,0xE0,0x31,0x00,0xA7,0xC0,0xA1,0x00,0xAF,0xE0,0xA4,0x40,0x27,0xC0,0x24,0x40,0x27,0xC0,0x24,0x40,0x24,0xC0,0x00,0x00}},
  {0x60CA, {0x21,0x00,0x2F,0xE0,0xB0,0x00,0xA7,0xC0,0xA4,0x40,0xA4,0x40,0x27,0xC0,0x21,0x00,0x25,0x40,0x29,0x20,0x23,0x00,0x00,0x00}},
  {0x60CB, {0x2F,0xE0,0x28,0x20,0xB4,0x00,0xA6,0xE0,0xAA,0xA0,0xAA,0xA0,0x36,0xE0,0x22,0x80,0x24,0xA0,0x24,0xA0,0x28,0x60,0x00,0x00}},
  {0x60D1, {0xFF,0xE0,0x02,0x00,0x7A,0x40,0x4A,0x40,0x7A,0x80,0x01,0x20,0x1A,0xA0,0xE4,0x60,0x08,0x00,0x55,0x40,0x8F,0x20,0x00,0x00}},
  {0x60D5, {0x24,0x40,0x27,0xC0,0xB4,0x40,0xA7,0xC0,0xA2,0x00,0xA7,0xE0,0x2A,0xA0,0x24,0xA0,0x29,0x20,0x22,0x20,0x24,0xC0,0x00,0x00}},
  {0x60DC, {0x22,0x40,0x27,0xE0,0xB2,0x40,0xAF,0xE0,0xA0,0x00,0xA7,0xE0,0x24,0x20,0x27,0xE0,0x24,0x20,0x27,0xE0,0x24,0x20,0x00,0x00}},
  {0x60E0, {0xFF,0xE0,0x04,0x00,0x3F,0x80,0x24,0x80,0x3F,0x80,0x24,0xA0,0xFF,0xE0,0x04,0x00,0x52,0x40,0x50,0xA0,0x8F,0xA0,0x00,0x00}},
  {0x60E6, {0x20,0x80,0x27,0xE0,0xB4,0x80,0xAC,0x80,0xA4,0xE0,0xA4,0x80,0x24,0x80,0x2B,0xE0,0x2A,0x20,0x32,0x20,0x23,0xE0,0x00,0x00}},
  {0x60E7, {0x28,0x40,0x2F,0xC0,0xB8,0x40,0xAF,0xC0,0xA8,0x40,0xAF,0xC0,0x28,0x40,0x3F,0xE0,0x20,0x00,0x24,0x80,0x28,0x40,0x00,0x00}},
  {0x60E8, {0x44,0x80,0x4F,0xC0,0x62,0x00,0xDF,0xE0,0xC5,0x00,0x4A,0x80,0x55,0x60,0x42,0x00,0x4C,0x80,0x43,0x00,0x5C,0x00,0x00,0x00}},
  {0x60E9, {0x2F,0xE0,0x41,0x00,0x91,0x00,0x25,0xC0,0x65,0x00,0xA5,0x00,0x2F,0xE0,0x20,0x00,0x54,0x40,0x52,0xA0,0x8F,0xA0,0x00,0x00}},
  {0x60EB, {0x51,0x00,0x0E,0x00,0x31,0x80,0xFF,0xE0,0x24,0x80,0x3F,0x80,0x24,0x80,0x3F,0x80,0x54,0x40,0x52,0xA0,0x8F,0xA0,0x00,0x00}},
  {0x60ED, {0x45,0xC0,0x5F,0x00,0x69,0x00,0xD5,0xE0,0xDF,0x40,0x45,0x40,0x47,0x40,0x5D,0x40,0x45,0x40,0x45,0x40,0x46,0x40,0x00,0x00}},
  {0x60EF, {0x25,0x40,0x2F,0xE0,0xB5,0x40,0xA7,0xC0,0xA0,0x00,0xA7,0xC0,0x24,0x40,0x25,0x40,0x25,0x40,0x22,0x80,0x2C,0x40,0x00,0x00}},
  {0x60F0, {0x2F,0xE0,0x34,0x00,0xAB,0xC0,0xA1,0x00,0xAF,0xE0,0xA4,0x40,0x27,0xC0,0x24,0x40,0x27,0xC0,0x24,0x40,0x24,0xC0,0x00,0x00}},
  {0x60F3, {0x13,0xE0,0xFE,0x20,0x13,0xE0,0x3A,0x20,0x57,0xE0,0x92,0x20,0x13,0xE0,0x04,0x00,0x52,0x40,0x50,0xA0,0x8F,0xA0,0x00,0x00}},
  {0x60F6, {0x27,0xC0,0x24,0x40,0xB7,0xC0,0xAC,0x40,0xA7,0xC0,0xA0,0x00,0x2F,0xE0,0x21,0x00,0x27,0xC0,0x21,0x00,0x2F,0xE0,0x00,0x00}},
  {0x60F9, {0xFF,0xE0,0x15,0x00,0xFF,0xE0,0x08,0x00,0x3F,0xC0,0xD0,0x40,0x1F,0xC0,0x04,0x00,0x52,0x40,0x50,0xA0,0x8F,0xA0,0x00,0x00}},
  {0x6101, {0x60,0x80,0x22,0xA0,0xFA,0xC0,0x24,0x80,0x71,0x40,0xA9,0x40,0x22,0x20,0x04,0x00,0x52,0x40,0x50,0xA0,0x8F,0xA0,0x00,0x00}},
  {0x6108, {0x31,0x80,0xDF,0x60,0x00,0x00,0x7C,0x40,0x45,0x40,0x7D,0x40,0x45,0x40,0x7C,0x40,0x4C,0xC0,0x22,0x80,0x9F,0xA0,0x00,0x00}},
  {0x6109, {0x22,0x80,0x34,0x40,0xAB,0xA0,0xA0,0x00,0xAE,0x20,0xAA,0xA0,0x2E,0xA0,0x2A,0xA0,0x2E,0xA0,0x2A,0x20,0x2A,0x60,0x00,0x00}},
  {0x610F, {0x7F,0xC0,0x11,0x00,0xFF,0xE0,0x20,0x80,0x3F,0x80,0x20,0x80,0x3F,0x80,0x04,0x00,0x52,0x40,0x50,0xA0,0x8F,0xA0,0x00,0x00}},
  {0x6115, {0x2A,0xA0,0x2E,0xE0,0xB0,0x00,0xA7,0xC0,0xA0,0x00,0xAF,0xE0,0x24,0x00,0x27,0xC0,0x20,0x40,0x20,0x40,0x21,0x80,0x00,0x00}},
  {0x611A, {0x44,0x40,0x7F,0xC0,0x44,0x40,0x7F,0xC0,0x04,0x00,0xFF,0xE0,0x85,0x20,0x9F,0x60,0x08,0x00,0x55,0x40,0x8F,0x20,0x00,0x00}},
  {0x611F, {0x7F,0xE0,0x41,0x00,0x5D,0x40,0x41,0x40,0x5C,0x80,0x54,0xA0,0x5D,0x60,0x82,0x20,0x54,0x40,0x52,0xA0,0x8F,0xA0,0x00,0x00}},
  {0x6124, {0x2F,0xE0,0x31,0x00,0xA4,0x40,0xAF,0xE0,0xA4,0x40,0xAF,0xE0,0x28,0x20,0x29,0x20,0x29,0x20,0x22,0xC0,0x2C,0x20,0x00,0x00}},
  {0x6127, {0x22,0x00,0x2F,0xC0,0xB9,0x40,0xAF,0xC0,0xAA,0x40,0xAF,0xC0,0x22,0x80,0x25,0x40,0x25,0xC0,0x29,0x20,0x30,0xE0,0x00,0x00}},
  {0x613F, {0x44,0x00,0x5F,0xC0,0x50,0x40,0x5F,0xC0,0x50,0x40,0x5F,0xC0,0x4A,0x80,0x56,0x40,0x41,0x00,0x54,0xA0,0xA7,0xA0,0x00,0x00}},
  {0x6148, {0x11,0x00,0xFF,0xE0,0x21,0x00,0x4A,0x40,0x73,0x80,0x29,0x40,0x7B,0xC0,0x04,0x00,0x52,0x40,0x50,0xA0,0x8F,0xA0,0x00,0x00}},
  {0x614C, {0x5F,0xE0,0x44,0x80,0x62,0x00,0xDF,0xE0,0xC8,0x00,0x4F,0xC0,0x40,0x00,0x4A,0x80,0x4A,0x80,0x4A,0xA0,0x50,0x60,0x00,0x00}},
  {0x614E, {0x2F,0xE0,0x21,0x00,0xB7,0xC0,0xA4,0x40,0xA7,0xC0,0xA4,0x40,0x27,0xC0,0x24,0x40,0x2F,0xE0,0x22,0x80,0x24,0x40,0x00,0x00}},
  {0x6155, {0xFF,0xE0,0x11,0x00,0x7F,0xC0,0x44,0x40,0x7F,0xC0,0x10,0x00,0xFF,0xE0,0x44,0x40,0x96,0xA0,0x25,0x40,0x0C,0x00,0x00,0x00}},
  {0x6162, {0x24,0x40,0x37,0xC0,0xA4,0x40,0xAF,0xE0,0xAA,0xA0,0xAF,0xE0,0x20,0x00,0x2F,0xC0,0x24,0x40,0x23,0x80,0x2C,0x60,0x00,0x00}},
  {0x6167, {0xFB,0xE0,0x20,0x80,0xFB,0xE0,0x20,0x80,0xFF,0xE0,0x00,0x40,0x7F,0xC0,0x04,0x00,0x52,0x40,0x50,0xA0,0x8F,0xA0,0x00,0x00}},
  {0x6168, {0x5D,0xE0,0x54,0x40,0x75,0x40,0xDD,0x40,0xD5,0xE0,0x54,0x40,0x5C,0x80,0x50,0xC0,0x59,0x40,0x55,0x40,0x5A,0x60,0x00,0x00}},
  {0x6170, {0x45,0xE0,0x7C,0x40,0x41,0x40,0x7C,0xC0,0x90,0x40,0x54,0x40,0xB2,0xC0,0x04,0x00,0x52,0x40,0x50,0xA0,0x8F,0xA0,0x00,0x00}},
  {0x6177, {0x5F,0xE0,0x51,0x00,0x77,0xC0,0xD1,0x40,0xDF,0xE0,0x51,0x40,0x57,0xC0,0x55,0x40,0x53,0x80,0x55,0x40,0x6B,0x20,0x00,0x00}},
  {0x618B, {0x29,0xE0,0xFE,0x40,0xA5,0x40,0xB5,0x40,0xEC,0x80,0xA5,0x40,0xAE,0x20,0x00,0x00,0x54,0x40,0x52,0xA0,0x8F,0xA0,0x00,0x00}},
  {0x618E, {0x2F,0xE0,0x29,0x20,0xBD,0x60,0xA9,0x20,0xAF,0xE0,0xA0,0x00,0x27,0xC0,0x24,0x40,0x27,0xC0,0x24,0x40,0x27,0xC0,0x00,0x00}},
  {0x6194, {0x22,0x40,0x37,0xE0,0xAC,0x80,0xA7,0xE0,0xA4,0x80,0xA7,0xE0,0x24,0x80,0x27,0xE0,0x24,0x00,0x2A,0xA0,0x2A,0xA0,0x00,0x00}},
  {0x61A8, {0x11,0x00,0xFD,0xE0,0x4A,0x40,0x7D,0x40,0x49,0x40,0x78,0x80,0x4D,0x40,0xFA,0x20,0x08,0x00,0x55,0x40,0x8F,0x20,0x00,0x00}},
  {0x61BE, {0x2F,0xE0,0x38,0x80,0xAE,0xA0,0xA8,0xA0,0xAE,0xC0,0xAA,0xA0,0x2F,0x60,0x2A,0x20,0x31,0x00,0x24,0x40,0x2B,0xA0,0x00,0x00}},
  {0x61C2, {0x2F,0xE0,0x22,0x80,0xB7,0xE0,0xA9,0x00,0xA7,0xC0,0xA5,0x40,0x27,0xC0,0x25,0x40,0x2F,0xE0,0x21,0x00,0x2F,0xE0,0x00,0x00}},
  {0x61C8, {0x4E,0xA0,0x52,0xA0,0x65,0x60,0xDF,0x40,0xD5,0xE0,0x5F,0x40,0x55,0x40,0x5F,0xE0,0x55,0x40,0x55,0x40,0x63,0x40,0x00,0x00}},
  {0x61CA, {0x2F,0xE0,0x29,0x20,0xBD,0x60,0xAF,0xE0,0xA9,0x20,0xAD,0x60,0x28,0x20,0x21,0x00,0x2F,0xE0,0x22,0x80,0x2C,0x60,0x00,0x00}},
  {0x61D2, {0x44,0xE0,0x5F,0x20,0x64,0x40,0xDF,0xE0,0xD5,0xA0,0x5F,0xA0,0x44,0xA0,0x4E,0xA0,0x54,0x40,0x44,0xA0,0x45,0x20,0x00,0x00}},
  {0x61E6, {0x21,0x00,0x2F,0xE0,0xB9,0x20,0xA5,0x40,0xA0,0x00,0xAF,0xE0,0x21,0x00,0x2F,0xE0,0x2A,0xA0,0x2A,0xA0,0x28,0x60,0x00,0x00}},
  {0x6208, {0x08,0x80,0x08,0x00,0x0B,0xE0,0xFC,0x00,0x08,0x40,0x04,0x80,0x05,0x00,0x02,0x20,0x05,0x20,0x18,0xA0,0x60,0x60,0x00,0x00}},
  {0x620F, {0x01,0x20,0xF9,0x00,0x09,0xE0,0x8F,0x00,0x51,0x40,0x51,0x40,0x21,0x40,0x20,0x80,0x51,0xA0,0x52,0x60,0x84,0x20,0x00,0x00}},
  {0x6210, {0x02,0x40,0x7F,0xE0,0x42,0x00,0x42,0x00,0x7A,0x40,0x4A,0x40,0x4A,0x80,0x49,0x20,0x5A,0xA0,0x44,0x60,0x88,0x20,0x00,0x00}},
  {0x6211, {0x72,0x40,0x12,0x20,0x12,0x00,0xFF,0xE0,0x12,0x00,0x12,0x40,0x1A,0x80,0x31,0x00,0xD3,0x20,0x14,0xA0,0x30,0x60,0x00,0x00}},
  {0x6212, {0x01,0x00,0xFF,0xE0,0x01,0x00,0x29,0x20,0x29,0x20,0xFF,0x40,0x29,0x40,0x28,0x80,0x28,0xA0,0x49,0x60,0x8A,0x20,0x00,0x00}},
  {0x6216, {0x02,0x40,0xFF,0xE0,0x02,0x00,0x7A,0x40,0x4A,0x40,0x4A,0x80,0x7A,0x80,0x01,0x20,0x1A,0xA0,0xE4,0x60,0x08,0x20,0x00,0x00}},
  {0x6218, {0x21,0x20,0x39,0x00,0x21,0xE0,0x27,0x00,0xF9,0x40,0x89,0x40,0x89,0x40,0x88,0x80,0xF9,0xA0,0x82,0x60,0x04,0x20,0x00,0x00}},
  {0x621A, {0x00,0x80,0x7F,0xE0,0x48,0x80,0x4E,0x80,0x48,0xA0,0x7E,0xA0,0x48,0xA0,0x5C,0xC0,0x6A,0xA0,0x49,0x60,0x9A,0x20,0x00,0x00}},
  {0x622A, {0x7D,0x20,0x11,0x00,0xFF,0xE0,0x29,0x00,0x7F,0x40,0xC9,0x40,0x7F,0x40,0x48,0x80,0x7E,0xA0,0x49,0x60,0x7E,0x20,0x00,0x00}},
  {0x6233, {0xAA,0xA0,0x66,0x80,0xAA,0xE0,0x45,0x80,0xFE,0xA0,0x48,0xA0,0x7E,0xC0,0x48,0xC0,0x7E,0xA0,0x49,0x60,0x7E,0x20,0x00,0x00}},
  {0x6234, {0x7D,0x20,0x11,0x00,0xFF,0xE0,0x55,0x00,0x7D,0x40,0x55,0x40,0x7D,0x40,0x28,0x80,0xFE,0xA0,0x29,0x60,0x46,0x20,0x00,0x00}},
  {0x6237, {0x02,0x00,0x3F,0xE0,0x20,0x20,0x20,0x20,0x20,0x20,0x3F,0xE0,0x20,0x20,0x20,0x00,0x40,0x00,0x40,0x00,0x80,0x00,0x00,0x00}},
  {0x623F, {0x7F,0xE0,0x40,0x20,0x7F,0xE0,0x44,0x00,0x42,0x00,0x7F,0xE0,0x48,0x00,0x4F,0xC0,0x48,0x40,0x50,0x40,0xA1,0x80,0x00,0x00}},
  {0x6240, {0x73,0x80,0x42,0x00,0x42,0x00,0x7B,0xE0,0x4A,0x40,0x4A,0x40,0x7A,0x40,0x4A,0x40,0x42,0x40,0x44,0x40,0x88,0x40,0x00,0x00}},
  {0x6241, {0x7F,0xE0,0x40,0x20,0x7F,0xE0,0x40,0x00,0x5F,0xE0,0x55,0x20,0x55,0x20,0x5F,0xE0,0x55,0x20,0x55,0x20,0x90,0x60,0x00,0x00}},
  {0x6247, {0x7F,0xE0,0x40,0x20,0x7F,0xE0,0x40,0x00,0x7D,0xE0,0x44,0x20,0x54,0xA0,0x4C,0x60,0x54,0xA0,0x65,0x20,0x8C,0x60,0x00,0x00}},
  {0x624B, {0x7C,0x00,0x04,0x00,0x04,0x00,0x7F,0xC0,0x04,0x00,0x04,0x00,0xFF,0xE0,0x04,0x00,0x04,0x00,0x04,0x00,0x1C,0x00,0x00,0x00}},
  {0x624D, {0x00,0x80,0x00,0x80,0x7F,0xE0,0x01,0x80,0x02,0x80,0x04,0x80,0x08,0x80,0x30,0x80,0xC0,0x80,0x00,0x80,0x03,0x80,0x00,0x00}},
  {0x624E, {0x22,0x00,0x22,0x00,0xFA,0x00,0x22,0x00,0x22,0x00,0x3A,0x00,0xE2,0x00,0x22,0x20,0x22,0x20,0x22,0x20,0x61,0xE0,0x00,0x00}},
  {0x6251, {0x21,0x00,0x21,0x00,0xF9,0x00,0x21,0x80,0x21,0x40,0x39,0x20,0xE1,0x20,0x21,0x00,0x21,0x00,0x21,0x00,0x61,0x00,0x00,0x00}},
  {0x6252, {0x24,0x80,0x24,0x80,0xF4,0x80,0x24,0x80,0x24,0x80,0x34,0x80,0xE4,0x80,0x24,0x80,0x28,0x40,0x28,0x40,0x70,0x20,0x00,0x00}},
  {0x6253, {0x27,0xE0,0x20,0x80,0xF8,0x80,0x20,0x80,0x20,0x80,0x38,0x80,0xE0,0x80,0x20,0x80,0x20,0x80,0x20,0x80,0x63,0x80,0x00,0x00}},
  {0x6254, {0x2F,0xC0,0x24,0x40,0xF4,0x40,0x24,0x80,0x24,0x80,0x34,0xE0,0xE4,0x20,0x24,0x20,0x28,0x20,0x28,0x20,0x70,0xC0,0x00,0x00}},
  {0x6258, {0x27,0x00,0x21,0x00,0xF1,0x00,0x21,0x00,0x21,0xE0,0x37,0x00,0xE1,0x00,0x21,0x00,0x21,0x20,0x21,0x20,0x60,0xE0,0x00,0x00}},
  {0x625B, {0x27,0xC0,0x21,0x00,0xF9,0x00,0x21,0x00,0x21,0x00,0x39,0x00,0xE1,0x00,0x21,0x00,0x21,0x00,0x21,0x00,0x6F,0xE0,0x00,0x00}},
  {0x6263, {0x20,0x00,0x27,0xE0,0xF4,0x20,0x24,0x20,0x24,0x20,0x34,0x20,0xE4,0x20,0x24,0x20,0x24,0x20,0x27,0xE0,0x64,0x20,0x00,0x00}},
  {0x6267, {0x44,0x00,0x44,0x00,0xEF,0x80,0x44,0x80,0x44,0x80,0x6C,0x80,0xC4,0x80,0x4A,0x80,0x4A,0xA0,0x50,0x60,0xE0,0x20,0x00,0x00}},
  {0x6269, {0x20,0x80,0x27,0xE0,0xF4,0x00,0x24,0x00,0x24,0x00,0x34,0x00,0xE4,0x00,0x24,0x00,0x24,0x00,0x24,0x00,0x68,0x00,0x00,0x00}},
  {0x626B, {0x27,0xE0,0x20,0x20,0xF8,0x20,0x20,0x20,0x23,0xE0,0x38,0x20,0xE0,0x20,0x20,0x20,0x20,0x20,0x27,0xE0,0x60,0x20,0x00,0x00}},
  {0x626C, {0x27,0xC0,0x20,0x80,0xF9,0x00,0x22,0x00,0x27,0xE0,0x32,0xA0,0xE2,0xA0,0x25,0x20,0x29,0x20,0x22,0x20,0x64,0xC0,0x00,0x00}},
  {0x626D, {0x4F,0xC0,0x42,0x40,0xE2,0x40,0x42,0x40,0x42,0x40,0x6F,0xC0,0xC4,0x40,0x44,0x40,0x44,0x40,0x44,0x40,0xDF,0xE0,0x00,0x00}},
  {0x626E, {0x22,0x80,0x24,0x40,0xF4,0x40,0x28,0x20,0x27,0xC0,0x32,0x40,0xE2,0x40,0x22,0x40,0x24,0x40,0x24,0x40,0x69,0x80,0x00,0x00}},
  {0x626F, {0x20,0x80,0x20,0x80,0xF4,0x80,0x24,0xE0,0x24,0x80,0x34,0x80,0xE4,0x80,0x24,0x80,0x24,0x80,0x24,0x80,0x6F,0xE0,0x00,0x00}},
  {0x6270, {0x22,0x20,0x22,0x00,0xF7,0xE0,0x22,0x80,0x22,0x80,0x32,0x80,0xE2,0x80,0x22,0x80,0x24,0xA0,0x24,0xA0,0x68,0x60,0x00,0x00}},
  {0x6273, {0x27,0x80,0x24,0x00,0xF4,0x00,0x27,0xE0,0x25,0x20,0x35,0x20,0xE5,0x40,0x25,0x40,0x24,0x80,0x29,0x40,0x72,0x20,0x00,0x00}},
  {0x6276, {0x21,0x00,0x21,0x00,0xF7,0xC0,0x21,0x00,0x21,0x00,0x37,0xE0,0xE1,0x00,0x22,0x80,0x22,0x80,0x24,0x40,0x68,0x20,0x00,0x00}},
  {0x6279, {0x49,0x00,0x49,0x20,0xE9,0x20,0x4F,0x40,0x49,0x80,0x69,0x00,0xC9,0x00,0x49,0x00,0x4B,0x20,0x4D,0x20,0xC8,0xE0,0x00,0x00}},
  {0x627C, {0x2F,0xE0,0x28,0x00,0xFB,0xC0,0x2A,0x40,0x2A,0x40,0x3A,0x40,0xEA,0xC0,0x2A,0x00,0x2A,0x20,0x2A,0x20,0x71,0xE0,0x00,0x00}},
  {0x627E, {0x22,0x40,0x22,0x00,0xFB,0xE0,0x26,0x00,0x22,0x40,0x3A,0x40,0xE2,0x80,0x21,0x20,0x22,0xA0,0x24,0x60,0x68,0x20,0x00,0x00}},
  {0x627F, {0x01,0x00,0x06,0x00,0xE4,0xA0,0x3F,0xA0,0x24,0xC0,0x2E,0x80,0x24,0x80,0x5F,0x40,0x44,0x40,0x84,0x20,0x0C,0x00,0x00,0x00}},
  {0x6280, {0x21,0x00,0x2F,0xE0,0xF1,0x00,0x21,0x00,0x2F,0xC0,0x34,0x40,0xE4,0x40,0x22,0x80,0x21,0x00,0x22,0x80,0x6C,0x60,0x00,0x00}},
  {0x6284, {0x21,0x00,0x21,0x40,0xF5,0x20,0x25,0x20,0x25,0x20,0x39,0x00,0xE1,0x20,0x20,0x40,0x20,0x80,0x23,0x00,0x6C,0x00,0x00,0x00}},
  {0x628A, {0x4F,0xE0,0x49,0x20,0xE9,0x20,0x49,0x20,0x49,0x20,0x6F,0xE0,0xC8,0x00,0x48,0x00,0x48,0x20,0x48,0x20,0xC7,0xE0,0x00,0x00}},
  {0x6291, {0x24,0x00,0x29,0xE0,0xF9,0x20,0x29,0x20,0x29,0x20,0x39,0x20,0xEB,0x20,0x2D,0x20,0x29,0x60,0x21,0x00,0x61,0x00,0x00,0x00}},
  {0x6292, {0x27,0xC0,0x20,0x40,0xF2,0x80,0x21,0x00,0x2F,0xE0,0x31,0x20,0xE1,0x00,0x21,0x00,0x21,0x00,0x21,0x00,0x67,0x00,0x00,0x00}},
  {0x6293, {0x4F,0x80,0x4A,0x80,0xEA,0x80,0x4A,0x80,0x4A,0x80,0x6A,0x80,0xCA,0x80,0x4A,0x80,0x4A,0x40,0x4A,0x40,0xD2,0x20,0x00,0x00}},
  {0x6295, {0x24,0x80,0x24,0x80,0xF4,0x80,0x28,0x60,0x20,0x00,0x2F,0xC0,0x34,0x40,0xE2,0x80,0x21,0x00,0x22,0x80,0x6C,0x60,0x00,0x00}},
  {0x6296, {0x22,0x40,0x21,0x40,0xF8,0x40,0x22,0x40,0x21,0x40,0x30,0x40,0xE0,0x60,0x27,0xC0,0x20,0x40,0x20,0x40,0x60,0x40,0x00,0x00}},
  {0x6297, {0x21,0x00,0x2F,0xE0,0xF0,0x00,0x20,0x00,0x27,0x80,0x34,0x80,0xE4,0x80,0x24,0x80,0x24,0xA0,0x28,0xA0,0x70,0x60,0x00,0x00}},
  {0x6298, {0x27,0x00,0x24,0x00,0xFC,0x00,0x27,0xE0,0x24,0x80,0x34,0x80,0xE4,0x80,0x24,0x80,0x24,0x80,0x24,0x80,0x68,0x80,0x00,0x00}},
  {0x629A, {0x27,0xC0,0x21,0x00,0xF1,0x00,0x21,0x00,0x2F,0xE0,0x32,0x80,0xE2,0x80,0x22,0x80,0x24,0xA0,0x24,0xA0,0x68,0x60,0x00,0x00}},
  {0x629B, {0x48,0x80,0x49,0xE0,0xE8,0xA0,0x5E,0xA0,0x4A,0xA0,0x6A,0xA0,0xCA,0xA0,0x4B,0x60,0x4A,0x00,0x4A,0x20,0xD1,0xE0,0x00,0x00}},
  {0x62A0, {0x4F,0xE0,0x48,0x00,0xEA,0x40,0x49,0x40,0x49,0x40,0x68,0x80,0xC8,0x80,0x49,0x40,0x4A,0x40,0x48,0x00,0xCF,0xE0,0x00,0x00}},
  {0x62A1, {0x21,0x00,0x22,0x80,0xF4,0x40,0x28,0x20,0x24,0x00,0x34,0x40,0xE5,0x80,0x26,0x00,0x24,0x20,0x24,0x20,0x63,0xE0,0x00,0x00}},
  {0x62A2, {0x21,0x00,0x22,0x80,0xF4,0x40,0x28,0x20,0x27,0xC0,0x34,0x40,0xE4,0x40,0x24,0xC0,0x24,0x00,0x24,0x20,0x63,0xE0,0x00,0x00}},
  {0x62A4, {0x20,0x80,0x27,0xE0,0xF4,0x20,0x24,0x20,0x24,0x20,0x37,0xE0,0xE4,0x20,0x24,0x00,0x24,0x00,0x24,0x00,0x68,0x00,0x00,0x00}},
  {0x62A5, {0x27,0xE0,0x24,0x20,0xF4,0x20,0x24,0xC0,0x24,0x00,0x37,0xE0,0xE5,0x20,0x25,0x40,0x24,0x80,0x25,0x40,0x66,0x20,0x00,0x00}},
  {0x62AB, {0x20,0x80,0x27,0xE0,0xF4,0xA0,0x24,0x80,0x27,0xC0,0x35,0x40,0xE5,0x40,0x25,0x40,0x24,0x80,0x29,0x40,0x72,0x20,0x00,0x00}},
  {0x62AC, {0x21,0x00,0x22,0x00,0xF4,0x40,0x2F,0xE0,0x20,0x20,0x37,0xC0,0xE4,0x40,0x24,0x40,0x24,0x40,0x27,0xC0,0x64,0x40,0x00,0x00}},
  {0x62B1, {0x22,0x00,0x27,0xE0,0xF8,0x20,0x27,0xA0,0x24,0xA0,0x34,0xA0,0xE7,0xA0,0x24,0x60,0x24,0x00,0x24,0x20,0x63,0xE0,0x00,0x00}},
  {0x62B5, {0x2F,0x00,0x29,0x00,0xF9,0x00,0x29,0x00,0x2F,0xE0,0x39,0x00,0xE9,0x00,0x2A,0xA0,0x2C,0xA0,0x2A,0x60,0x61,0x20,0x00,0x00}},
  {0x62B9, {0x21,0x00,0x2F,0xE0,0xF1,0x00,0x21,0x00,0x27,0xC0,0x31,0x00,0xE3,0x80,0x25,0x40,0x29,0x20,0x21,0x00,0x61,0x00,0x00,0x00}},
  {0x62BC, {0x2F,0xE0,0x29,0x20,0xF9,0x20,0x2F,0xE0,0x29,0x20,0x39,0x20,0xEF,0xE0,0x29,0x20,0x21,0x00,0x21,0x00,0x61,0x00,0x00,0x00}},
  {0x62BD, {0x41,0x00,0x4F,0xE0,0xE9,0x20,0x49,0x20,0x49,0x20,0x6F,0xE0,0xC9,0x20,0x49,0x20,0x49,0x20,0x4F,0xE0,0xC8,0x20,0x00,0x00}},
  {0x62C2, {0x5F,0xC0,0x45,0x40,0xE5,0x40,0x5F,0xC0,0x55,0x00,0x75,0x00,0xDF,0xE0,0x45,0x20,0x45,0x20,0x49,0xC0,0xD1,0x00,0x00,0x00}},
  {0x62C4, {0x21,0x00,0x20,0x00,0xF7,0xE0,0x21,0x00,0x21,0x00,0x31,0x00,0xE7,0xC0,0x21,0x00,0x21,0x00,0x21,0x00,0x6F,0xE0,0x00,0x00}},
  {0x62C5, {0x27,0xC0,0x24,0x40,0xF4,0x40,0x24,0x40,0x27,0xC0,0x34,0x40,0xE4,0x40,0x24,0x40,0x27,0xC0,0x20,0x00,0x6F,0xE0,0x00,0x00}},
  {0x62C6, {0x27,0x00,0x24,0x00,0xF4,0x00,0x27,0xE0,0x24,0x80,0x24,0x80,0x35,0x80,0xE4,0xC0,0x24,0xA0,0x24,0x80,0x68,0x80,0x00,0x00}},
  {0x62C7, {0x27,0xC0,0x24,0x40,0xF6,0x40,0x25,0x40,0x2F,0xE0,0x34,0x40,0xEA,0x40,0x29,0x40,0x2F,0xE0,0x20,0x40,0x61,0x80,0x00,0x00}},
  {0x62C9, {0x20,0x80,0x20,0x00,0xF7,0xE0,0x20,0x00,0x24,0x40,0x32,0x40,0xE2,0x40,0x22,0x80,0x20,0x80,0x21,0x00,0x6F,0xE0,0x00,0x00}},
  {0x62CC, {0x29,0x20,0x25,0x40,0xF1,0x00,0x27,0xC0,0x21,0x00,0x31,0x00,0xEF,0xE0,0x21,0x00,0x21,0x00,0x21,0x00,0x61,0x00,0x00,0x00}},
  {0x62CD, {0x21,0x00,0x27,0xE0,0xF4,0x20,0x24,0x20,0x24,0x20,0x37,0xE0,0xE4,0x20,0x24,0x20,0x24,0x20,0x27,0xE0,0x64,0x20,0x00,0x00}},
  {0x62D0, {0x27,0xE0,0x24,0x20,0xF4,0x20,0x27,0xE0,0x21,0x00,0x31,0x00,0xE7,0xE0,0x22,0x20,0x22,0x20,0x24,0x20,0x68,0xC0,0x00,0x00}},
  {0x62D2, {0x27,0xE0,0x24,0x00,0xF4,0x00,0x27,0xE0,0x24,0x20,0x34,0x20,0xE4,0x20,0x27,0xE0,0x24,0x00,0x24,0x00,0x67,0xE0,0x00,0x00}},
  {0x62D3, {0x27,0xE0,0x21,0x00,0xF9,0x00,0x22,0x00,0x23,0xE0,0x36,0x20,0xEA,0x20,0x22,0x20,0x22,0x20,0x23,0xE0,0x62,0x20,0x00,0x00}},
  {0x62D4, {0x22,0x40,0x22,0x00,0xF7,0xE0,0x22,0x00,0x23,0xE0,0x35,0x20,0xE5,0x20,0x25,0x40,0x28,0x80,0x29,0x40,0x72,0x20,0x00,0x00}},
  {0x62D6, {0x22,0x00,0x27,0xE0,0xF9,0x00,0x25,0x60,0x25,0xA0,0x3F,0x20,0xE5,0x20,0x25,0x60,0x25,0x00,0x24,0x20,0x63,0xE0,0x00,0x00}},
  {0x62D7, {0x49,0x00,0x49,0x00,0xF3,0xE0,0x55,0x20,0x5D,0x20,0x69,0x20,0xC9,0x20,0x55,0x20,0x5E,0x20,0x42,0x20,0xC4,0xC0,0x00,0x00}},
  {0x62D8, {0x22,0x00,0x23,0xE0,0xF4,0x20,0x28,0x20,0x27,0xA0,0x34,0xA0,0xE4,0xA0,0x27,0xA0,0x24,0x20,0x20,0x20,0x60,0xC0,0x00,0x00}},
  {0x62D9, {0x21,0x00,0x29,0x20,0xF9,0x20,0x29,0x20,0x2F,0xE0,0x31,0x00,0xE9,0x20,0x29,0x20,0x29,0x20,0x2F,0xE0,0x60,0x20,0x00,0x00}},
  {0x62DB, {0x2F,0xE0,0x22,0x20,0xF2,0x20,0x24,0x20,0x28,0xC0,0x30,0x00,0xE7,0xE0,0x24,0x20,0x24,0x20,0x27,0xE0,0x64,0x20,0x00,0x00}},
  {0x62DC, {0xE0,0x80,0x20,0x80,0x23,0xE0,0xF8,0x80,0x23,0xE0,0x20,0x80,0xF8,0x80,0x23,0xE0,0x20,0x80,0x40,0x80,0x80,0x80,0x00,0x00}},
  {0x62DF, {0x4A,0x40,0x49,0x40,0xE9,0x40,0x48,0x40,0x48,0x80,0x68,0x80,0xCA,0x80,0x4D,0x40,0x49,0x40,0x42,0x20,0xC4,0x20,0x00,0x00}},
  {0x62E2, {0x22,0x40,0x22,0x00,0xF7,0xE0,0x22,0x80,0x22,0x80,0x32,0xA0,0xE2,0xC0,0x24,0x80,0x25,0xA0,0x2A,0xA0,0x70,0x60,0x00,0x00}},
  {0x62E3, {0x21,0x00,0x2F,0xE0,0xF2,0x00,0x2F,0x00,0x25,0x00,0x37,0xE0,0xE1,0x00,0x25,0x40,0x25,0x20,0x29,0x20,0x63,0x00,0x00,0x00}},
  {0x62E5, {0x4F,0xE0,0x49,0x20,0xE9,0x20,0x4F,0xE0,0x49,0x20,0x69,0x20,0xCF,0xE0,0x49,0x20,0x49,0x20,0x49,0x20,0xD0,0xE0,0x00,0x00}},
  {0x62E6, {0x22,0x40,0x22,0x80,0xF7,0xC0,0x20,0x00,0x20,0x00,0x30,0x00,0xE7,0xC0,0x20,0x00,0x20,0x00,0x20,0x00,0x6F,0xE0,0x00,0x00}},
  {0x62E7, {0x41,0x00,0x4F,0xE0,0xE8,0x20,0x40,0x00,0x4F,0xE0,0x61,0x00,0xC1,0x00,0x41,0x00,0x41,0x00,0x41,0x00,0xC7,0x00,0x00,0x00}},
  {0x62E8, {0x49,0x20,0x49,0x00,0xEF,0xE0,0x42,0x00,0x42,0x00,0x67,0xC0,0xC4,0x40,0x4A,0x80,0x49,0x00,0x52,0x80,0xCC,0x60,0x00,0x00}},
  {0x62E9, {0x24,0x40,0x22,0x80,0xF1,0x00,0x22,0x80,0x2D,0x60,0x31,0x00,0xE7,0xC0,0x21,0x00,0x2F,0xE0,0x21,0x00,0x61,0x00,0x00,0x00}},
  {0x62EC, {0x2F,0x00,0x21,0x00,0xF1,0x00,0x2F,0xE0,0x21,0x00,0x31,0x00,0xEF,0xE0,0x28,0x20,0x28,0x20,0x2F,0xE0,0x68,0x20,0x00,0x00}},
  {0x62ED, {0x20,0x80,0x2F,0xE0,0xF0,0x80,0x20,0x80,0x2E,0x80,0x34,0x80,0xE4,0x80,0x24,0x80,0x26,0xA0,0x2C,0x60,0x60,0x20,0x00,0x00}},
  {0x62EF, {0x4F,0xC0,0x40,0x80,0xE1,0x00,0x5D,0x20,0x45,0xA0,0x65,0x40,0xC9,0x40,0x51,0x20,0x43,0x00,0x40,0x00,0xDF,0xE0,0x00,0x00}},
  {0x62F1, {0x44,0x80,0x44,0x80,0xEF,0xC0,0x44,0x80,0x44,0x80,0x64,0x80,0xDF,0xE0,0x40,0x00,0x44,0x80,0x48,0x40,0xD0,0x20,0x00,0x00}},
  {0x62F3, {0x7F,0xC0,0x08,0x00,0xFF,0xE0,0x21,0x80,0x5E,0x40,0x84,0x20,0x3F,0x80,0x04,0x00,0x7F,0xC0,0x04,0x00,0x0C,0x00,0x00,0x00}},
  {0x62F4, {0x21,0x00,0x22,0x80,0xF4,0x40,0x28,0x20,0x27,0xC0,0x31,0x00,0xE1,0x00,0x27,0xC0,0x21,0x00,0x21,0x00,0x6F,0xE0,0x00,0x00}},
  {0x62F7, {0x42,0x20,0x4F,0x40,0xE2,0x80,0x4F,0xE0,0x42,0x00,0x67,0xC0,0xCC,0x00,0x57,0xC0,0x40,0x40,0x40,0x40,0xC1,0x80,0x00,0x00}},
  {0x62FC, {0x22,0x40,0x20,0x00,0xF7,0xE0,0x22,0x40,0x22,0x40,0x32,0x40,0xEF,0xE0,0x22,0x40,0x22,0x40,0x22,0x40,0x64,0x40,0x00,0x00}},
  {0x62FE, {0x21,0x00,0x22,0x80,0xF4,0x40,0x28,0x20,0x27,0xC0,0x30,0x00,0xE7,0xC0,0x24,0x40,0x24,0x40,0x27,0xC0,0x64,0x40,0x00,0x00}},
  {0x62FF, {0x0A,0x00,0x31,0x80,0xFF,0xE0,0x20,0x80,0x3F,0x80,0x00,0x40,0x7F,0x80,0x04,0x00,0xFF,0xE0,0x04,0x00,0x0C,0x00,0x00,0x00}},
  {0x6301, {0x21,0x00,0x27,0xC0,0xF1,0x00,0x2F,0xE0,0x20,0x80,0x37,0xE0,0xE0,0x80,0x24,0x80,0x22,0x80,0x20,0x80,0x63,0x80,0x00,0x00}},
  {0x6302, {0x21,0x00,0x27,0xC0,0xF1,0x00,0x21,0x00,0x2F,0xE0,0x30,0x00,0xE1,0x00,0x27,0xC0,0x21,0x00,0x21,0x00,0x6F,0xE0,0x00,0x00}},
  {0x6307, {0x24,0xC0,0x27,0x00,0xF4,0x20,0x23,0xE0,0x20,0x00,0x37,0xE0,0xE4,0x20,0x27,0xE0,0x24,0x20,0x27,0xE0,0x64,0x20,0x00,0x00}},
  {0x6309, {0x20,0x80,0x27,0xE0,0xF4,0x20,0x21,0x00,0x21,0x00,0x37,0xE0,0xE2,0x40,0x22,0x40,0x21,0x80,0x22,0x40,0x6C,0x20,0x00,0x00}},
  {0x630E, {0x2F,0xE0,0x22,0x80,0xF4,0x40,0x2B,0xA0,0x20,0x00,0x2F,0xE0,0x34,0x00,0xE7,0xC0,0x20,0x40,0x20,0x40,0x61,0x80,0x00,0x00}},
  {0x6311, {0x22,0x80,0x2A,0xA0,0xF6,0xC0,0x22,0x80,0x22,0x80,0x36,0xC0,0xEA,0xA0,0x22,0x80,0x22,0xA0,0x24,0xA0,0x68,0x60,0x00,0x00}},
  {0x6316, {0x41,0x00,0x4F,0xE0,0xEA,0xA0,0x44,0x40,0x40,0x00,0x6F,0xC0,0xC0,0x80,0x43,0x00,0x44,0x00,0x48,0x20,0xC7,0xE0,0x00,0x00}},
  {0x631A, {0xF7,0x80,0x22,0x80,0xF6,0xA0,0x25,0x60,0x68,0x20,0x01,0x00,0x3E,0x00,0x04,0x00,0xFF,0xE0,0x04,0x00,0x1C,0x00,0x00,0x00}},
  {0x631F, {0x41,0x00,0x4F,0xE0,0xE1,0x00,0x49,0x20,0x45,0x40,0x61,0x00,0xCF,0xE0,0x41,0x00,0x42,0x80,0x44,0x40,0xC8,0x20,0x00,0x00}},
  {0x6320, {0x23,0xC0,0x2E,0x00,0xF2,0xA0,0x21,0x20,0x26,0xE0,0x30,0x00,0xEF,0xE0,0x22,0x80,0x22,0x80,0x24,0xA0,0x68,0x60,0x00,0x00}},
  {0x6321, {0x29,0x20,0x25,0x40,0xF1,0x00,0x2F,0xE0,0x20,0x20,0x30,0x20,0xE7,0xE0,0x20,0x20,0x20,0x20,0x2F,0xE0,0x60,0x20,0x00,0x00}},
  {0x6323, {0x47,0x80,0xE8,0x80,0x51,0x00,0x4F,0xC0,0x42,0x40,0x7F,0xE0,0xC2,0x40,0x4F,0xC0,0x42,0x40,0x42,0x00,0xCE,0x00,0x00,0x00}},
  {0x6324, {0x20,0x80,0x27,0xE0,0xF2,0x40,0x21,0x80,0x22,0x40,0x34,0x20,0xE2,0x40,0x22,0x40,0x22,0x40,0x22,0x40,0x64,0x40,0x00,0x00}},
  {0x6325, {0x4F,0xE0,0x48,0x20,0xE1,0x00,0x4F,0xC0,0x42,0x00,0x65,0x00,0xC7,0xC0,0x41,0x00,0x4F,0xE0,0x41,0x00,0xC1,0x00,0x00,0x00}},
  {0x6328, {0x42,0x00,0x44,0x40,0xEF,0xE0,0x44,0x20,0x47,0xC0,0x69,0x00,0xC1,0x00,0x4F,0xE0,0x42,0x80,0x44,0x40,0xD8,0x20,0x00,0x00}},
  {0x632A, {0x5E,0xE0,0x4A,0xA0,0xEA,0xA0,0x5E,0xC0,0x4A,0xC0,0x6A,0xA0,0xDE,0xA0,0x4A,0xA0,0x4A,0xC0,0x52,0x80,0xE6,0x80,0x00,0x00}},
  {0x632B, {0x21,0x00,0x25,0x40,0xF5,0x40,0x25,0x40,0x2B,0xA0,0x31,0x00,0xE1,0x00,0x27,0xC0,0x21,0x00,0x21,0x00,0x6F,0xE0,0x00,0x00}},
  {0x632F, {0x4F,0xE0,0x48,0x00,0xEB,0xC0,0x48,0x00,0x4F,0xE0,0x6A,0x80,0xCA,0xA0,0x4A,0xC0,0x4A,0x80,0x4B,0x40,0xD2,0x20,0x00,0x00}},
  {0x633A, {0x4D,0x80,0x44,0x80,0xE4,0x80,0x48,0x80,0x49,0xC0,0x6C,0x80,0xC4,0x80,0x44,0x80,0x55,0xC0,0x48,0x00,0xD7,0xE0,0x00,0x00}},
  {0x633D, {0x23,0xC0,0x24,0x40,0xF8,0x80,0x2F,0xE0,0x29,0x20,0x39,0x20,0xEF,0xE0,0x22,0x80,0x22,0x80,0x24,0xA0,0x68,0x60,0x00,0x00}},
  {0x6342, {0x42,0x00,0x4F,0xC0,0xE4,0x40,0x44,0x40,0x5F,0xE0,0x60,0x00,0xCF,0xC0,0x48,0x40,0x48,0x40,0x4F,0xC0,0xC8,0x40,0x00,0x00}},
  {0x6345, {0x20,0x40,0x22,0x80,0xF1,0x00,0x2F,0xE0,0x29,0x20,0x3F,0xE0,0xE9,0x20,0x2F,0xE0,0x29,0x20,0x29,0x20,0x68,0x60,0x00,0x00}},
  {0x6346, {0x2F,0xE0,0x29,0x20,0xF9,0x20,0x2F,0xE0,0x29,0x20,0x3B,0xA0,0xED,0x60,0x29,0x20,0x29,0x20,0x2F,0xE0,0x68,0x20,0x00,0x00}},
  {0x6349, {0x24,0x40,0x24,0x40,0xF4,0x40,0x27,0xC0,0x21,0x00,0x35,0x00,0xE5,0xE0,0x25,0x00,0x25,0x00,0x2B,0x00,0x71,0xE0,0x00,0x00}},
  {0x634C, {0x4E,0x20,0x4A,0xA0,0xEA,0xA0,0x4E,0xA0,0x44,0xA0,0x64,0xA0,0xDE,0xA0,0x4A,0xA0,0x4A,0x20,0x52,0x20,0xE6,0x60,0x00,0x00}},
  {0x634D, {0x24,0x40,0x27,0xC0,0xF4,0x40,0x27,0xC0,0x20,0x00,0x37,0xC0,0xE1,0x00,0x2F,0xE0,0x21,0x00,0x21,0x00,0x61,0x00,0x00,0x00}},
  {0x634E, {0x49,0x20,0x45,0x40,0xE1,0x00,0x4F,0xE0,0x48,0x20,0x6F,0xE0,0xC8,0x20,0x4F,0xE0,0x48,0x20,0x48,0x20,0xC8,0x60,0x00,0x00}},
  {0x634F, {0x48,0x20,0x48,0x20,0xEF,0xE0,0x48,0x20,0x48,0x20,0x6F,0xE0,0xC1,0x00,0x4F,0xE0,0x41,0x00,0x41,0x00,0xDF,0xE0,0x00,0x00}},
  {0x6350, {0x24,0x20,0x27,0xE0,0xF0,0x00,0x27,0xE0,0x24,0x20,0x37,0xE0,0xE4,0x20,0x27,0xE0,0x24,0x20,0x24,0x20,0x64,0x60,0x00,0x00}},
  {0x6355, {0x21,0x20,0x2F,0xE0,0xF1,0x00,0x2F,0xE0,0x29,0x20,0x3F,0xE0,0xE9,0x20,0x2F,0xE0,0x29,0x20,0x29,0x20,0x68,0x60,0x00,0x00}},
  {0x635E, {0x2F,0xE0,0x24,0x40,0xF0,0x00,0x2F,0xE0,0x28,0x20,0x32,0x00,0xEF,0xE0,0x22,0x20,0x22,0x20,0x24,0x20,0x68,0xC0,0x00,0x00}},
  {0x635F, {0x44,0x40,0x47,0xC0,0xE0,0x00,0x4F,0xE0,0x48,0x20,0x69,0x20,0xC9,0x20,0x49,0x20,0x42,0x80,0x44,0x40,0xC8,0x20,0x00,0x00}},
  {0x6361, {0x21,0x00,0x22,0x80,0xF4,0x40,0x28,0x20,0x27,0xC0,0x30,0x00,0xE2,0x40,0x29,0x40,0x25,0x40,0x24,0x80,0x6F,0xE0,0x00,0x00}},
  {0x6362, {0x23,0x80,0x24,0x80,0xF9,0x00,0x27,0xC0,0x25,0x40,0x35,0x40,0xE5,0x40,0x2F,0xE0,0x22,0x80,0x24,0x40,0x68,0x20,0x00,0x00}},
  {0x6363, {0x27,0xC0,0x24,0x40,0xF5,0x40,0x24,0xC0,0x24,0x00,0x37,0xE0,0xE2,0x20,0x2A,0xA0,0x2F,0xA0,0x20,0x20,0x60,0xC0,0x00,0x00}},
  {0x6367, {0x2F,0xE0,0x21,0x00,0xF7,0xC0,0x22,0x00,0x2F,0xE0,0x34,0x40,0xE9,0x20,0x27,0xC0,0x21,0x00,0x2F,0xE0,0x61,0x00,0x00,0x00}},
  {0x636E, {0x27,0xE0,0x24,0x20,0xF7,0xE0,0x24,0x80,0x27,0xE0,0x34,0x80,0xE7,0xE0,0x26,0x20,0x2A,0x20,0x2B,0xE0,0x72,0x20,0x00,0x00}},
  {0x6376, {0x47,0x00,0x41,0x00,0xEF,0xE0,0x45,0x40,0x45,0x40,0x6F,0xE0,0xC5,0x40,0x45,0x40,0x4F,0xE0,0x41,0x00,0xC7,0xC0,0x00,0x00}},
  {0x6377, {0x27,0xE0,0x21,0x00,0xF7,0xC0,0x21,0x40,0x27,0xE0,0x31,0x40,0xE7,0xC0,0x21,0x00,0x25,0xE0,0x25,0x00,0x6B,0xE0,0x00,0x00}},
  {0x637A, {0x21,0x00,0x2F,0xE0,0xF2,0x80,0x24,0x40,0x2B,0xA0,0x30,0x00,0xEF,0xE0,0x21,0x00,0x25,0x40,0x29,0x20,0x63,0x00,0x00,0x00}},
  {0x637B, {0x42,0x80,0x44,0x40,0xE9,0x20,0x47,0xC0,0x40,0x40,0x60,0x80,0xC2,0x00,0x49,0x40,0x4A,0x20,0x52,0xA0,0xC1,0x80,0x00,0x00}},
  {0x6380, {0x5C,0x80,0x50,0xE0,0xF1,0x20,0x5E,0x20,0x54,0x80,0x74,0x80,0xD4,0x80,0x54,0x80,0x55,0x40,0x65,0x40,0xC2,0x20,0x00,0x00}},
  {0x6382, {0x20,0x80,0x27,0xE0,0xF4,0x80,0x24,0x80,0x24,0xE0,0x34,0x80,0xE4,0x80,0x2B,0xE0,0x2A,0x20,0x32,0x20,0x63,0xE0,0x00,0x00}},
  {0x6388, {0x5F,0x80,0x4A,0x20,0xE5,0x40,0x5F,0xE0,0x50,0x20,0x6F,0xC0,0xC8,0x40,0x44,0x80,0x43,0x00,0x44,0x80,0xD8,0x60,0x00,0x00}},
  {0x6389, {0x21,0xE0,0xF1,0x00,0x2F,0xE0,0x28,0x20,0x2F,0xE0,0x38,0x20,0xEF,0xE0,0x21,0x00,0x2F,0xE0,0x21,0x00,0x61,0x00,0x00,0x00}},
  {0x638C, {0xFF,0xE0,0x9F,0x20,0x11,0x00,0x1F,0x00,0x00,0x00,0x7F,0x80,0x04,0x00,0x3F,0x80,0x04,0x00,0xFF,0xE0,0x0C,0x00,0x00,0x00}},
  {0x638F, {0x4F,0xE0,0x54,0x20,0xE7,0xA0,0x4A,0x20,0x42,0x20,0x6F,0xA0,0xC2,0x20,0x4A,0xA0,0x4F,0xA0,0x40,0x20,0xC0,0xC0,0x00,0x00}},
  {0x6390, {0x47,0xC0,0x48,0x40,0xF0,0x80,0x42,0x00,0x4C,0xE0,0x68,0x20,0xCE,0xE0,0x48,0x20,0x48,0x20,0x4F,0xE0,0xC8,0x20,0x00,0x00}},
  {0x6392, {0x22,0x80,0x2E,0xE0,0xF2,0x80,0x22,0x80,0x2E,0xE0,0x32,0x80,0xE2,0x80,0x2E,0xE0,0x22,0x80,0x22,0x80,0x62,0x80,0x00,0x00}},
  {0x6396, {0x41,0x00,0x5F,0xE0,0xE5,0x00,0x45,0xE0,0x49,0x20,0x6A,0xA0,0xDA,0x40,0x4D,0x40,0x48,0x80,0x49,0x40,0xCA,0x20,0x00,0x00}},
  {0x6398, {0x4F,0xE0,0x48,0x20,0xEF,0xE0,0x48,0x80,0x4A,0xA0,0x6A,0xA0,0xCB,0xE0,0x48,0x80,0x4A,0xA0,0x4A,0xA0,0xD3,0xE0,0x00,0x00}},
  {0x63A0, {0x21,0x00,0x2F,0xE0,0xF0,0x00,0x27,0xC0,0x24,0x40,0x34,0x40,0xE7,0xC0,0x21,0x00,0x25,0x40,0x29,0x20,0x63,0x00,0x00,0x00}},
  {0x63A2, {0x2F,0xE0,0x28,0x20,0xF2,0x80,0x24,0x40,0x21,0x00,0x2F,0xE0,0x31,0x00,0xE3,0x80,0x25,0x40,0x29,0x20,0x61,0x00,0x00,0x00}},
  {0x63A5, {0x21,0x00,0x2F,0xE0,0xF4,0x40,0x22,0x80,0x2F,0xE0,0x31,0x00,0xEF,0xE0,0x22,0x40,0x26,0x40,0x21,0x80,0x6E,0x60,0x00,0x00}},
  {0x63A7, {0x41,0x00,0x4F,0xE0,0xE8,0x20,0x42,0x80,0x44,0x40,0x68,0x20,0xC7,0xC0,0x41,0x00,0x41,0x00,0x41,0x00,0xCF,0xE0,0x00,0x00}},
  {0x63A8, {0x22,0x40,0x27,0xE0,0xF4,0x80,0x2C,0x80,0x27,0xE0,0x34,0x80,0xE4,0x80,0x27,0xE0,0x24,0x80,0x24,0x80,0x67,0xE0,0x00,0x00}},
  {0x63A9, {0x2F,0xE0,0x22,0x80,0xF4,0x40,0x29,0x20,0x27,0xC0,0x35,0x40,0xE7,0xC0,0x25,0x40,0x27,0xC0,0x25,0x20,0x60,0xE0,0x00,0x00}},
  {0x63AA, {0x22,0x40,0x27,0xE0,0xF2,0x40,0x2F,0xE0,0x20,0x00,0x37,0xE0,0xE4,0x20,0x27,0xE0,0x24,0x20,0x27,0xE0,0x64,0x20,0x00,0x00}},
  {0x63B0, {0xCA,0xC0,0x4A,0x40,0x51,0x40,0xE0,0xE0,0x5E,0x40,0x4A,0x40,0xEA,0xE0,0x4A,0x40,0x4A,0x40,0x4A,0x40,0x96,0xC0,0x00,0x00}},
  {0x63B7, {0x44,0xE0,0x40,0xA0,0xEE,0xA0,0x44,0xC0,0x44,0xC0,0x5F,0xA0,0x64,0xA0,0xC4,0xA0,0x4A,0xC0,0x4A,0x80,0xD0,0x80,0x00,0x00}},
  {0x63B8, {0x22,0x80,0x2F,0xE0,0xF9,0x20,0x2F,0xE0,0x29,0x20,0x3F,0xE0,0xE1,0x00,0x2F,0xE0,0x21,0x00,0x21,0x00,0x61,0x00,0x00,0x00}},
  {0x63BA, {0x44,0x80,0x4F,0xC0,0xE2,0x00,0x5F,0xE0,0x45,0x00,0x6A,0x80,0xD5,0x60,0x42,0x00,0x4C,0x80,0x43,0x00,0xDC,0x00,0x00,0x00}},
  {0x63C9, {0x42,0x40,0x41,0x80,0xEF,0xE0,0x42,0xA0,0x44,0x80,0x69,0x80,0xC1,0x00,0x4F,0xE0,0x43,0x80,0x45,0x40,0xC9,0x20,0x00,0x00}},
  {0x63CD, {0x2F,0xE0,0x21,0x00,0xF7,0xC0,0x22,0x00,0x2F,0xE0,0x34,0x40,0xEB,0xA0,0x21,0x00,0x2F,0xE0,0x22,0x80,0x64,0x40,0x00,0x00}},
  {0x63CF, {0x2F,0xE0,0x24,0x40,0xF0,0x00,0x2F,0xE0,0x29,0x20,0x39,0x20,0xEF,0xE0,0x29,0x20,0x29,0x20,0x2F,0xE0,0x68,0x20,0x00,0x00}},
  {0x63D0, {0x24,0x40,0x27,0xC0,0xFC,0x40,0x27,0xC0,0x20,0x00,0x37,0xE0,0xE1,0x00,0x25,0xC0,0x25,0x00,0x25,0x00,0x6B,0xE0,0x00,0x00}},
  {0x63D2, {0x47,0x00,0x41,0x00,0xEF,0xE0,0x41,0x00,0x45,0x00,0x69,0x60,0xC9,0x20,0x4D,0x60,0x49,0x20,0x4F,0xE0,0xC8,0x20,0x00,0x00}},
  {0x63D6, {0x24,0x40,0x27,0xC0,0xF0,0x00,0x2F,0xE0,0x24,0x40,0x37,0xC0,0xE4,0x40,0x27,0xC0,0x24,0x60,0x2F,0xC0,0x60,0x40,0x00,0x00}},
  {0x63E1, {0x48,0x20,0x4F,0xE0,0xE8,0x00,0x4B,0xE0,0x48,0x80,0x69,0x20,0xCB,0xE0,0x48,0x80,0x4B,0xE0,0x48,0x80,0xD7,0xE0,0x00,0x00}},
  {0x63E3, {0x49,0x20,0x49,0x20,0xEF,0xE0,0x40,0x00,0x4F,0xE0,0x61,0x00,0xCF,0xE0,0x4A,0xA0,0x4A,0xA0,0x4A,0xA0,0xC8,0x60,0x00,0x00}},
  {0x63E9, {0x2E,0xC0,0x28,0x80,0xFA,0xA0,0x2C,0x60,0x21,0x00,0x3F,0xE0,0xE8,0x20,0x2F,0xE0,0x28,0x20,0x2F,0xE0,0x68,0x20,0x00,0x00}},
  {0x63EA, {0x2C,0x80,0x24,0xA0,0xF5,0xA0,0x2E,0xC0,0x24,0x80,0x36,0x80,0xEC,0x80,0x35,0x40,0x25,0x40,0x25,0x40,0x66,0x20,0x00,0x00}},
  {0x63ED, {0x48,0x40,0x4F,0xC0,0xE8,0x40,0x4F,0xC0,0x44,0x00,0x6F,0xE0,0xD1,0x20,0x42,0xA0,0x48,0x20,0x4F,0x20,0xC0,0x60,0x00,0x00}},
  {0x63F4, {0x4F,0x80,0x4A,0x20,0xE5,0x40,0x4F,0xE0,0x41,0x00,0x6F,0xE0,0xC2,0x00,0x47,0xC0,0x4A,0x40,0x51,0x80,0xCE,0x60,0x00,0x00}},
  {0x63FD, {0x4A,0xE0,0x4B,0x40,0xEA,0x20,0x42,0x00,0x4F,0xC0,0x68,0x40,0xCA,0x40,0x4A,0x40,0x45,0x00,0x49,0x20,0xD0,0xE0,0x00,0x00}},
  {0x6400, {0x27,0x80,0x28,0x80,0xF7,0xC0,0x25,0x40,0x27,0xC0,0x32,0x80,0xE4,0xA0,0x2B,0x60,0x20,0x80,0x26,0x00,0x61,0x80,0x00,0x00}},
  {0x6401, {0x25,0xE0,0x2A,0x20,0xFB,0xA0,0x2A,0xA0,0x2D,0x20,0x3A,0xA0,0xEC,0x60,0x2B,0xA0,0x2A,0xA0,0x2B,0xA0,0x68,0x60,0x00,0x00}},
  {0x6402, {0x29,0x20,0x25,0x40,0xFF,0xE0,0x25,0x40,0x29,0x20,0x32,0x00,0xEF,0xE0,0x22,0x40,0x24,0x40,0x23,0x80,0x6C,0x60,0x00,0x00}},
  {0x6405, {0x25,0x40,0x2F,0xE0,0xF8,0x20,0x27,0xC0,0x24,0x40,0x35,0x40,0xE5,0x40,0x25,0x40,0x22,0xA0,0x24,0xA0,0x68,0x60,0x00,0x00}},
  {0x640F, {0x4F,0xE0,0x41,0x00,0xEF,0xE0,0x49,0x20,0x4F,0xE0,0x69,0x20,0xC9,0x20,0x40,0x40,0x4F,0xE0,0x44,0x40,0xC2,0xC0,0x00,0x00}},
  {0x6413, {0x42,0x80,0x4F,0xE0,0xE1,0x00,0x47,0xC0,0x42,0x00,0x6F,0xE0,0xC4,0x00,0x47,0xC0,0x49,0x00,0x51,0x00,0xCF,0xE0,0x00,0x00}},
  {0x6414, {0x2F,0xE0,0x25,0x20,0xF4,0x40,0x23,0x80,0x2C,0x60,0x31,0x00,0xE7,0xC0,0x25,0x40,0x27,0xC0,0x21,0x20,0x6F,0xE0,0x00,0x00}},
  {0x641C, {0x25,0x60,0x29,0x20,0xFD,0x60,0x29,0x20,0x2F,0xE0,0x31,0x00,0xEF,0xE0,0x24,0x20,0x22,0x40,0x21,0x80,0x6E,0x60,0x00,0x00}},
  {0x641E, {0x2F,0xE0,0x20,0x00,0xF7,0xC0,0x24,0x40,0x27,0xC0,0x30,0x00,0xEF,0xE0,0x28,0x20,0x2B,0xA0,0x2A,0xA0,0x6B,0xA0,0x00,0x00}},
  {0x642A, {0x5F,0xE0,0x51,0x00,0xF7,0xC0,0x51,0x40,0x5F,0xE0,0x71,0x40,0xD7,0xC0,0x51,0x00,0x57,0xC0,0x54,0x40,0xE7,0xC0,0x00,0x00}},
  {0x642C, {0x49,0xC0,0x5D,0x40,0xF5,0x40,0x5E,0x60,0x54,0x00,0x7D,0xC0,0xD5,0x40,0x5D,0x40,0x54,0x80,0x55,0x40,0xEE,0x20,0x00,0x00}},
  {0x642D, {0x2F,0xE0,0x24,0x40,0xF1,0x00,0x22,0x80,0x24,0x40,0x3B,0xA0,0xE0,0x00,0x27,0xC0,0x24,0x40,0x27,0xC0,0x64,0x40,0x00,0x00}},
  {0x643A, {0x27,0xE0,0x2C,0x80,0xF7,0xE0,0x24,0x80,0x27,0xE0,0x34,0x80,0xEF,0xE0,0x22,0x40,0x22,0xE0,0x24,0x20,0x68,0xC0,0x00,0x00}},
  {0x6444, {0x24,0x40,0x27,0xC0,0xF4,0x40,0x27,0xC0,0x24,0x60,0x3F,0xC0,0xE0,0x40,0x2E,0xE0,0x2A,0xA0,0x24,0x40,0x6A,0xA0,0x00,0x00}},
  {0x6446, {0x2A,0xA0,0xFA,0xA0,0x2F,0xE0,0x21,0x00,0x27,0xC0,0x31,0x00,0xEF,0xE0,0x22,0x00,0x24,0x40,0x2F,0xE0,0x60,0x20,0x00,0x00}},
  {0x6447, {0x2F,0x00,0x22,0x20,0xF9,0x40,0x24,0x00,0x27,0xC0,0x39,0x00,0xE1,0x00,0x2F,0xE0,0x21,0x00,0x29,0x20,0x6F,0xE0,0x00,0x00}},
  {0x644A, {0x5C,0x80,0x45,0xE0,0xE5,0x40,0x57,0x40,0x55,0xE0,0x69,0x40,0xC9,0x40,0x55,0xE0,0x55,0x40,0x65,0x40,0xC1,0xE0,0x00,0x00}},
  {0x6454, {0x2F,0xE0,0x21,0x00,0xF2,0x80,0x2B,0xA0,0x25,0x40,0x3A,0xA0,0xE3,0x80,0x21,0x00,0x2F,0xE0,0x21,0x00,0x61,0x00,0x00,0x00}},
  {0x6458, {0x2F,0xE0,0x24,0x40,0xF2,0x80,0x2F,0xE0,0x29,0x20,0x3B,0xA0,0xE9,0x20,0x2B,0xA0,0x2A,0xA0,0x2B,0xA0,0x68,0x60,0x00,0x00}},
  {0x6467, {0x29,0x20,0x2F,0xE0,0xF2,0x80,0x24,0x40,0x2F,0xE0,0x34,0x80,0xE7,0xE0,0x24,0x80,0x27,0xE0,0x24,0x80,0x67,0xE0,0x00,0x00}},
  {0x6469, {0x7F,0xE0,0x48,0x80,0x7D,0xE0,0x5A,0xC0,0x68,0xA0,0x5F,0xC0,0x42,0x00,0x5F,0xC0,0x42,0x00,0x7F,0xE0,0x86,0x00,0x00,0x00}},
  {0x6478, {0x5F,0xE0,0x44,0x80,0xEF,0xC0,0x48,0x40,0x4F,0xC0,0x68,0x40,0xCF,0xC0,0x42,0x00,0x5F,0xE0,0x44,0x80,0xD8,0x60,0x00,0x00}},
  {0x6479, {0xFF,0xE0,0x11,0x00,0x3F,0x80,0x28,0x80,0x24,0x80,0xFF,0xE0,0x24,0x80,0x5F,0x40,0x84,0x20,0x7F,0xC0,0x0C,0x00,0x00,0x00}},
  {0x6487, {0x55,0x80,0x4E,0x80,0xE5,0xE0,0x5F,0x40,0x55,0x40,0x77,0x40,0xDD,0x40,0x55,0x40,0x54,0x80,0x55,0x40,0xD2,0x20,0x00,0x00}},
  {0x6491, {0x2F,0xE0,0x2B,0xA0,0xF2,0x80,0x23,0x80,0x20,0x00,0x37,0xC0,0xE1,0x00,0x27,0xC0,0x21,0x00,0x2F,0xE0,0x63,0x00,0x00,0x00}},
  {0x6492, {0x7E,0x80,0x55,0x00,0xFF,0xE0,0x42,0x40,0x5D,0x40,0x75,0x40,0xDD,0x40,0x54,0x80,0x5C,0x80,0x55,0x40,0xD6,0x20,0x00,0x00}},
  {0x6495, {0x55,0xC0,0xFF,0x00,0x55,0x00,0x5D,0xE0,0x55,0x40,0x7D,0x40,0xD5,0x40,0x7F,0x40,0x41,0x40,0x55,0x40,0xE2,0x40,0x00,0x00}},
  {0x649E, {0x27,0xC0,0xF2,0x80,0x2F,0xE0,0x25,0x40,0x27,0xC0,0x35,0x40,0xE7,0xC0,0x21,0x00,0x27,0xC0,0x21,0x00,0x6F,0xE0,0x00,0x00}},
  {0x64A4, {0x7E,0x80,0x55,0x00,0xFD,0xE0,0x42,0x40,0x5D,0x40,0x75,0x40,0xDD,0x40,0x54,0x80,0x5C,0x80,0x55,0x40,0xD6,0x20,0x00,0x00}},
  {0x64A9, {0x2F,0xE0,0x21,0x00,0xFA,0xA0,0x24,0x40,0x2F,0xE0,0x34,0x40,0xE7,0xC0,0x24,0x40,0x27,0xC0,0x25,0x40,0x6B,0x20,0x00,0x00}},
  {0x64AC, {0x4E,0x00,0x43,0x80,0xEE,0x00,0x43,0xC0,0x5E,0x20,0x61,0xE0,0xC4,0x40,0x59,0x80,0x4C,0xC0,0x59,0xA0,0xCC,0xE0,0x00,0x00}},
  {0x64AD, {0x5E,0x00,0x52,0x40,0xEA,0x80,0x5F,0xE0,0x4A,0x80,0x70,0x40,0xDF,0xE0,0x52,0x40,0x5F,0xC0,0x52,0x40,0xDF,0xC0,0x00,0x00}},
  {0x64AE, {0x44,0x40,0x47,0xC0,0xE4,0x40,0x5F,0xE0,0x4A,0x00,0x6E,0xE0,0xCA,0xA0,0x4E,0xA0,0x4B,0x40,0x5E,0xA0,0xC3,0x20,0x00,0x00}},
  {0x64B0, {0x4A,0xA0,0x4E,0xE0,0xE8,0x80,0x4A,0xA0,0x46,0x60,0x64,0x40,0xCF,0xE0,0x44,0x40,0x5F,0xE0,0x44,0x40,0xC8,0x20,0x00,0x00}},
  {0x64B5, {0x4E,0xE0,0x44,0x40,0xEE,0xE0,0x44,0x40,0x4A,0xA0,0x6F,0xE0,0xC5,0x00,0x4F,0xC0,0x41,0x00,0x4F,0xE0,0xC1,0x00,0x00,0x00}},
  {0x64BC, {0x4F,0xE0,0x48,0x80,0xEE,0xA0,0x48,0xA0,0x4E,0xC0,0x6A,0xA0,0xCF,0x60,0x4A,0x20,0x51,0x00,0x44,0x40,0xCB,0xA0,0x00,0x00}},
  {0x64C2, {0x21,0x00,0x2F,0xE0,0xF9,0x20,0x25,0x40,0x20,0x00,0x3F,0xE0,0xE9,0x20,0x2F,0xE0,0x29,0x20,0x2F,0xE0,0x68,0x20,0x00,0x00}},
  {0x64C5, {0x4F,0xE0,0x40,0x00,0xEF,0xE0,0x4A,0xA0,0x4B,0xA0,0x68,0x20,0xCF,0xE0,0x44,0x40,0x47,0xC0,0x44,0x40,0xCF,0xE0,0x00,0x00}},
  {0x64CD, {0x24,0x40,0x27,0xC0,0xF0,0x00,0x2E,0xE0,0x2A,0xA0,0x3E,0xE0,0xE1,0x00,0x2F,0xE0,0x23,0x80,0x25,0x40,0x69,0x20,0x00,0x00}},
  {0x64CE, {0xFD,0xE0,0x4A,0x40,0x7D,0x40,0xD4,0x80,0x75,0x40,0x0A,0x20,0x7F,0x80,0x04,0x00,0xFF,0xE0,0x04,0x00,0x1C,0x00,0x00,0x00}},
  {0x64D2, {0x2D,0x60,0x27,0xC0,0xF2,0x80,0x29,0x20,0x2A,0xA0,0x3F,0xE0,0xE1,0x00,0x2F,0xE0,0x2A,0xA0,0x2B,0xA0,0x68,0xA0,0x00,0x00}},
  {0x64E6, {0x4F,0xE0,0x48,0x20,0xE6,0xE0,0x4A,0xA0,0x54,0x40,0x6B,0xA0,0xC0,0x00,0x4F,0xE0,0x41,0x00,0x45,0x40,0xCB,0x20,0x00,0x00}},
  {0x6500, {0xF5,0xE0,0x6A,0xC0,0xB5,0xA0,0x2A,0x80,0xFF,0xE0,0x20,0x80,0x5F,0x40,0x84,0x20,0x3F,0x80,0x04,0x00,0x0C,0x00,0x00,0x00}},
  {0x6512, {0x5F,0xE0,0xE4,0x40,0x5F,0xE0,0x4A,0xC0,0x53,0x60,0x60,0x00,0xDF,0xC0,0x52,0x40,0x52,0x40,0x45,0x80,0xD8,0x40,0x00,0x00}},
  {0x6518, {0x4F,0xE0,0x40,0x00,0xEE,0xE0,0x4A,0xA0,0x4E,0xE0,0x62,0x80,0xCF,0xE0,0x42,0x80,0x4F,0xE0,0x46,0x40,0xCB,0x20,0x00,0x00}},
  {0x652F, {0x04,0x00,0xFF,0xE0,0x04,0x00,0x04,0x00,0x7F,0xC0,0x20,0x40,0x10,0x80,0x09,0x00,0x06,0x00,0x19,0x80,0xE0,0x60,0x00,0x00}},
  {0x6536, {0x92,0x00,0x92,0x00,0x93,0xE0,0x94,0x40,0x9A,0x40,0x92,0x40,0xB2,0x80,0xD1,0x00,0x92,0x80,0x14,0x40,0x18,0x20,0x00,0x00}},
  {0x6539, {0xF2,0x00,0x12,0x00,0x13,0xE0,0x14,0x40,0xFA,0x40,0x82,0x40,0x82,0x80,0x91,0x00,0xA2,0x80,0xC4,0x40,0x88,0x20,0x00,0x00}},
  {0x653B, {0x02,0x00,0xFA,0x00,0x23,0xE0,0x24,0x40,0x2A,0x40,0x22,0x40,0x22,0x80,0x39,0x00,0xC2,0x80,0x04,0x40,0x08,0x20,0x00,0x00}},
  {0x653E, {0x21,0x00,0x01,0x00,0xF9,0xE0,0x42,0x40,0x45,0x40,0x79,0x40,0x49,0x40,0x49,0x40,0x48,0x80,0x49,0x40,0x9A,0x20,0x00,0x00}},
  {0x653F, {0xFD,0x00,0x11,0x00,0x11,0xE0,0x52,0x40,0x5D,0x40,0x51,0x40,0x51,0x40,0x51,0x40,0x5C,0x80,0xE1,0x40,0x02,0x20,0x00,0x00}},
  {0x6545, {0x22,0x00,0x22,0x00,0xFB,0xE0,0x24,0x40,0x22,0x40,0xFA,0x40,0x8A,0x40,0x8A,0x80,0x89,0x00,0xFA,0x80,0x8C,0x60,0x00,0x00}},
  {0x6548, {0x11,0x00,0xFD,0x00,0x01,0xE0,0x4A,0x40,0x45,0x40,0x81,0x40,0x29,0x40,0x10,0x80,0x28,0x80,0x45,0x40,0x82,0x20,0x00,0x00}},
  {0x654C, {0xE1,0x00,0x21,0x00,0x21,0xE0,0xFA,0x40,0x25,0x40,0x21,0x40,0xF9,0x40,0x89,0x40,0x88,0x80,0xF9,0x40,0x8A,0x20,0x00,0x00}},
  {0x654F, {0x7D,0x00,0x81,0x00,0x7D,0xE0,0x46,0x40,0x55,0x40,0xFF,0x40,0x45,0x40,0x55,0x40,0x7E,0x80,0x05,0x40,0x1A,0x20,0x00,0x00}},
  {0x6551, {0x2A,0x00,0x22,0x00,0xFB,0xE0,0x24,0x40,0xAA,0x40,0x72,0x40,0x22,0x80,0x71,0x00,0xAA,0x80,0x24,0x40,0x68,0x20,0x00,0x00}},
  {0x6559, {0x75,0x00,0x29,0x00,0xFD,0xE0,0x22,0x40,0xF9,0x40,0x49,0x40,0x91,0x40,0x1D,0x40,0xF0,0x80,0x11,0x40,0x32,0x20,0x00,0x00}},
  {0x655B, {0x11,0x00,0x29,0x00,0x45,0xE0,0x82,0x40,0x7D,0x40,0x21,0x40,0x95,0x40,0x55,0x40,0x48,0x80,0x1D,0x40,0xE2,0x20,0x00,0x00}},
  {0x655E, {0x95,0x00,0x59,0x00,0x11,0xE0,0xFE,0x40,0x85,0x40,0xBD,0x40,0xAD,0x40,0xAD,0x40,0xBC,0x80,0x85,0x40,0x8E,0x20,0x00,0x00}},
  {0x6562, {0x71,0x00,0x11,0x00,0xFD,0xE0,0x4A,0x40,0x7D,0x40,0x49,0x40,0x79,0x40,0x4D,0x40,0xF8,0x80,0x09,0x40,0x0A,0x20,0x00,0x00}},
  {0x6563, {0xFD,0x00,0x49,0x00,0xFD,0xE0,0x02,0x40,0x79,0x40,0x49,0x40,0x79,0x40,0x49,0x40,0x78,0x80,0x49,0x40,0x5A,0x20,0x00,0x00}},
  {0x6566, {0xFD,0x00,0x01,0x00,0x7D,0xE0,0x46,0x40,0x7D,0x40,0x01,0x40,0x79,0x40,0x09,0x40,0xFC,0x80,0x11,0x40,0x32,0x20,0x00,0x00}},
  {0x656C, {0xFD,0x00,0x49,0x00,0x21,0xE0,0x7E,0x40,0x85,0x40,0x75,0x40,0x55,0x40,0x55,0x40,0x74,0x80,0x45,0x40,0x1A,0x20,0x00,0x00}},
  {0x6570, {0x55,0x00,0x11,0x00,0xFD,0xE0,0x32,0x40,0x59,0x40,0x95,0x40,0x21,0x40,0xF9,0x40,0x48,0x80,0x31,0x40,0xCA,0x20,0x00,0x00}},
  {0x6572, {0xFE,0x40,0x00,0x60,0x7C,0x40,0x44,0x40,0x7D,0xE0,0x00,0xA0,0xFE,0xA0,0x82,0xA0,0xBA,0x40,0xAA,0xA0,0xBB,0x20,0x00,0x00}},
  {0x6574, {0xFD,0xE0,0x56,0x40,0x7D,0x40,0x38,0x80,0x55,0x40,0x92,0x20,0xFF,0xE0,0x04,0x00,0x27,0xC0,0x24,0x00,0xFF,0xE0,0x00,0x00}},
  {0x6577, {0xFF,0x00,0x11,0x00,0x7D,0xE0,0x56,0x40,0x7D,0x40,0x55,0x40,0xFF,0x40,0x21,0x40,0x3C,0x80,0x45,0x40,0x9A,0x20,0x00,0x00}},
  {0x6587, {0x04,0x00,0xFF,0xE0,0x20,0x80,0x20,0x80,0x11,0x00,0x11,0x00,0x0A,0x00,0x04,0x00,0x0A,0x00,0x31,0x80,0xC0,0x60,0x00,0x00}},
  {0x658B, {0xFF,0xE0,0x11,0x00,0x0E,0x00,0xF1,0xE0,0x00,0x00,0x7F,0xC0,0x04,0x00,0x7F,0xC0,0x4A,0x40,0x4A,0x40,0x40,0xC0,0x00,0x00}},
  {0x6591, {0xE4,0xE0,0x40,0x40,0x5F,0x40,0x42,0x40,0xEA,0x40,0x4A,0xE0,0x44,0x40,0x44,0x40,0x6A,0x40,0xD2,0x40,0x00,0xE0,0x00,0x00}},
  {0x6597, {0x11,0x00,0x09,0x00,0x05,0x00,0x41,0x00,0x21,0x00,0x11,0x00,0x01,0xE0,0xFF,0x00,0x01,0x00,0x01,0x00,0x01,0x00,0x00,0x00}},
  {0x6599, {0x22,0x40,0xA9,0x40,0x70,0x40,0x22,0x40,0xF9,0x40,0x20,0x60,0x77,0xC0,0xA8,0x40,0x20,0x40,0x20,0x40,0x20,0x40,0x00,0x00}},
  {0x659C, {0x2A,0x40,0x45,0x40,0xB8,0x40,0x12,0x40,0x11,0x40,0x7C,0x60,0x13,0xC0,0x58,0x40,0x94,0x40,0x10,0x40,0x30,0x40,0x00,0x00}},
  {0x659F, {0x7F,0x40,0x24,0xC0,0x3C,0x40,0x25,0x40,0x3C,0xC0,0x24,0x40,0xFE,0x60,0x55,0xC0,0x62,0x40,0x40,0x40,0x7E,0x40,0x00,0x00}},
  {0x65A4, {0x7E,0x00,0x40,0x00,0x40,0x00,0x40,0x00,0x7F,0xE0,0x41,0x00,0x41,0x00,0x41,0x00,0x41,0x00,0x41,0x00,0x81,0x00,0x00,0x00}},
  {0x65A5, {0x3E,0x00,0x20,0x00,0x20,0x00,0x3F,0xE0,0x21,0x00,0x21,0x00,0x27,0x00,0x21,0x80,0x41,0x40,0x41,0x00,0x81,0x00,0x00,0x00}},
  {0x65A7, {0x20,0x80,0x51,0x40,0x0E,0x00,0x31,0x80,0xC3,0x60,0x3C,0x00,0x20,0x00,0x3F,0xC0,0x22,0x00,0x42,0x00,0x82,0x00,0x00,0x00}},
  {0x65A9, {0x27,0x00,0xF4,0x00,0x44,0x00,0x67,0xE0,0xA4,0x80,0xF4,0x80,0x24,0x80,0x34,0x80,0xE4,0x80,0x24,0x80,0x28,0x80,0x00,0x00}},
  {0x65AD, {0x55,0xC0,0xB9,0x00,0x91,0x00,0xFD,0xE0,0x91,0x40,0xB9,0x40,0xD5,0x40,0x91,0x40,0x91,0x40,0xFD,0x40,0x02,0x40,0x00,0x00}},
  {0x65AF, {0x4B,0x80,0xFE,0x00,0x4A,0x00,0x7B,0xE0,0x4A,0x40,0x7A,0x40,0x4A,0x40,0xFE,0x40,0x02,0x40,0x4A,0x40,0x84,0x40,0x00,0x00}},
  {0x65B0, {0x7D,0xC0,0x01,0x00,0x45,0x00,0x29,0xE0,0xFD,0x40,0x11,0x40,0x7D,0x40,0x11,0x40,0x55,0x40,0x92,0x40,0x34,0x40,0x00,0x00}},
  {0x65B9, {0x04,0x00,0xFF,0xE0,0x10,0x00,0x10,0x00,0x1F,0xC0,0x10,0x40,0x10,0x40,0x20,0x40,0x20,0x40,0x40,0x40,0x83,0x80,0x00,0x00}},
  {0x65BD, {0x27,0xE0,0xF9,0x00,0x41,0x00,0x45,0x60,0x75,0xA0,0x5F,0x20,0x55,0x20,0x55,0x60,0x55,0x00,0x54,0x20,0xB3,0xE0,0x00,0x00}},
  {0x65C1, {0x7F,0xC0,0x20,0x80,0x11,0x00,0xFF,0xE0,0x88,0x20,0x04,0x00,0xFF,0xE0,0x10,0x00,0x1F,0xC0,0x20,0x40,0xC1,0x80,0x00,0x00}},
  {0x65C5, {0x22,0x00,0xF7,0xE0,0x44,0x00,0x48,0x60,0x77,0x80,0x55,0x20,0x55,0x40,0x54,0x80,0x54,0x80,0x56,0x40,0xB4,0x20,0x00,0x00}},
  {0x65CB, {0x12,0x00,0x03,0xE0,0xF4,0x00,0x4B,0xE0,0x40,0xA0,0x7A,0x80,0x4A,0x80,0x4A,0xE0,0x4A,0x80,0x4A,0x80,0xB5,0xE0,0x00,0x00}},
  {0x65CF, {0x12,0x00,0x03,0xE0,0xF4,0x00,0x49,0x00,0x41,0xE0,0x7A,0x80,0x48,0x80,0x4B,0xE0,0x48,0x80,0x49,0x40,0xB2,0x20,0x00,0x00}},
  {0x65D7, {0x27,0xE0,0xFA,0x40,0x47,0xE0,0x42,0x40,0x73,0xC0,0x52,0x40,0x53,0xC0,0x52,0x40,0x57,0xE0,0x52,0x40,0xB4,0x20,0x00,0x00}},
  {0x65E0, {0x7F,0xC0,0x04,0x00,0x04,0x00,0x04,0x00,0xFF,0xE0,0x0A,0x00,0x0A,0x00,0x12,0x00,0x22,0x20,0x42,0x20,0x81,0xE0,0x00,0x00}},
  {0x65E2, {0xF7,0xC0,0x91,0x00,0xF5,0x00,0x95,0x00,0xF7,0xE0,0x81,0x00,0xA1,0x00,0x92,0x80,0xAA,0x80,0xC4,0xA0,0x88,0x60,0x00,0x00}},
  {0x65E5, {0x7F,0xC0,0x40,0x40,0x40,0x40,0x40,0x40,0x7F,0xC0,0x40,0x40,0x40,0x40,0x40,0x40,0x40,0x40,0x7F,0xC0,0x40,0x40,0x00,0x00}},
  {0x65E6, {0x3F,0xC0,0x20,0x40,0x20,0x40,0x20,0x40,0x3F,0xC0,0x20,0x40,0x20,0x40,0x20,0x40,0x3F,0xC0,0x00,0x00,0x7F,0xE0,0x00,0x00}},
  {0x65E7, {0x4F,0xE0,0x48,0x20,0x48,0x20,0x48,0x20,0x4F,0xE0,0x48,0x20,0x48,0x20,0x48,0x20,0x48,0x20,0x4F,0xE0,0x48,0x20,0x00,0x00}},
  {0x65E8, {0x4E,0x00,0x70,0x40,0x40,0x40,0x3F,0xC0,0x00,0x00,0x7F,0xC0,0x40,0x40,0x7F,0xC0,0x40,0x40,0x7F,0xC0,0x40,0x40,0x00,0x00}},
  {0x65E9, {0x40,0x40,0x7F,0xC0,0x40,0x40,0x40,0x40,0x7F,0xC0,0x04,0x00,0x04,0x00,0xFF,0xE0,0x04,0x00,0x04,0x00,0x04,0x00,0x00,0x00}},
  {0x65EC, {0x3F,0xE0,0x40,0x20,0xBF,0x20,0x21,0x20,0x21,0x20,0x3F,0x20,0x21,0x20,0x21,0x20,0x3F,0x20,0x20,0x20,0x01,0xC0,0x00,0x00}},
  {0x65ED, {0x44,0x40,0x44,0x40,0xF4,0x40,0x57,0xC0,0x54,0x40,0x54,0x40,0x54,0x40,0x57,0xC0,0x50,0x00,0x50,0x20,0x8F,0xE0,0x00,0x00}},
  {0x65F1, {0x40,0x40,0x7F,0xC0,0x40,0x40,0x7F,0xC0,0x00,0x00,0x7F,0xC0,0x04,0x00,0xFF,0xE0,0x04,0x00,0x04,0x00,0x04,0x00,0x00,0x00}},
  {0x65F6, {0xF0,0x40,0x90,0x40,0x97,0xE0,0x90,0x40,0xF0,0x40,0x92,0x40,0x91,0x40,0x91,0x40,0xF0,0x40,0x90,0x40,0x01,0xC0,0x00,0x00}},
  {0x65F7, {0xF0,0x80,0x97,0xE0,0x94,0x00,0x94,0x00,0xF4,0x00,0x94,0x00,0x94,0x00,0x94,0x00,0xF4,0x00,0x84,0x00,0x08,0x00,0x00,0x00}},
  {0x65FA, {0xF7,0xC0,0x91,0x00,0x91,0x00,0x91,0x00,0xF1,0x00,0x97,0xC0,0x91,0x00,0x91,0x00,0xF1,0x00,0x81,0x00,0x0F,0xE0,0x00,0x00}},
  {0x6602, {0x40,0x40,0x7F,0xC0,0x40,0x40,0x7F,0xC0,0x10,0x00,0xE3,0xE0,0x82,0x20,0x82,0x20,0x9A,0x20,0xE2,0x60,0x02,0x00,0x00,0x00}},
  {0x6606, {0x40,0x40,0x7F,0xC0,0x40,0x40,0x7F,0xC0,0x00,0x00,0x42,0x20,0x7A,0x40,0x43,0x80,0x42,0x20,0x5A,0x20,0x61,0xE0,0x00,0x00}},
  {0x660C, {0x20,0x80,0x3F,0x80,0x20,0x80,0x3F,0x80,0x00,0x00,0x7F,0xC0,0x40,0x40,0x7F,0xC0,0x40,0x40,0x7F,0xC0,0x40,0x40,0x00,0x00}},
  {0x660E, {0x8A,0x20,0x8A,0x20,0x8B,0xE0,0xFA,0x20,0x8A,0x20,0x8B,0xE0,0x8A,0x20,0xFA,0x20,0x82,0x20,0x04,0x20,0x08,0xE0,0x00,0x00}},
  {0x660F, {0x7E,0x00,0x42,0x00,0x7F,0xE0,0x41,0x00,0x50,0xA0,0x60,0x60,0x3F,0xC0,0x20,0x40,0x3F,0xC0,0x20,0x40,0x3F,0xC0,0x00,0x00}},
  {0x6613, {0x40,0x40,0x7F,0xC0,0x40,0x40,0x7F,0xC0,0x20,0x00,0x3F,0xE0,0x49,0x20,0x89,0x20,0x12,0x20,0x24,0x20,0x49,0xC0,0x00,0x00}},
  {0x6614, {0x7F,0xC0,0x11,0x00,0x11,0x00,0xFF,0xE0,0x00,0x00,0x3F,0x80,0x20,0x80,0x3F,0x80,0x20,0x80,0x3F,0x80,0x20,0x80,0x00,0x00}},
  {0x6619, {0x40,0x40,0x7F,0xC0,0x40,0x40,0x7F,0xC0,0x00,0x00,0x7F,0xC0,0x00,0x00,0xFF,0xE0,0x10,0x00,0x20,0x80,0x7F,0xC0,0x00,0x00}},
  {0x661F, {0x40,0x40,0x7F,0xC0,0x40,0x40,0x7F,0xC0,0x04,0x00,0x44,0x00,0x7F,0xC0,0x84,0x00,0x3F,0x80,0x04,0x00,0xFF,0xE0,0x00,0x00}},
  {0x6620, {0xF1,0x00,0x97,0xC0,0x95,0x40,0x95,0x40,0xF5,0x40,0x95,0x40,0x9F,0xE0,0x91,0x00,0xF2,0x80,0x94,0x40,0x08,0x20,0x00,0x00}},
  {0x6625, {0x7F,0xC0,0x08,0x00,0x3F,0x80,0x10,0x00,0xFF,0xE0,0x20,0x80,0x7F,0xC0,0xA0,0xA0,0x3F,0x80,0x20,0x80,0x3F,0x80,0x00,0x00}},
  {0x6627, {0xF1,0x00,0x97,0xC0,0x91,0x00,0x91,0x00,0xFF,0xE0,0x91,0x00,0x93,0x80,0x95,0x40,0xF9,0x20,0x91,0x00,0x01,0x00,0x00,0x00}},
  {0x6628, {0xF4,0x00,0x97,0xE0,0x9A,0x00,0x92,0x00,0xF3,0xC0,0x92,0x00,0x92,0x00,0x93,0xE0,0xF2,0x00,0x92,0x00,0x02,0x00,0x00,0x00}},
  {0x662D, {0xF7,0xE0,0x92,0x20,0x92,0x20,0x94,0x20,0xF8,0xC0,0x90,0x00,0x97,0xE0,0x94,0x20,0xF4,0x20,0x97,0xE0,0x04,0x20,0x00,0x00}},
  {0x662F, {0x20,0x80,0x3F,0x80,0x20,0x80,0x3F,0x80,0x00,0x00,0xFF,0xE0,0x04,0x00,0x27,0xC0,0x24,0x00,0x54,0x00,0x8F,0xE0,0x00,0x00}},
  {0x6635, {0xF7,0xE0,0x94,0x20,0x94,0x20,0x97,0xE0,0xF4,0x00,0x95,0x20,0x95,0x40,0x95,0x80,0xF5,0x20,0x95,0x20,0x08,0xE0,0x00,0x00}},
  {0x663C, {0x40,0x40,0x7F,0xC0,0x41,0x00,0x40,0x80,0x7F,0xC0,0xA0,0xA0,0x3F,0x80,0x20,0x80,0x3F,0x80,0x00,0x00,0x7F,0xC0,0x00,0x00}},
  {0x663E, {0x7F,0xC0,0x40,0x40,0x7F,0xC0,0x40,0x40,0x7F,0xC0,0x11,0x00,0x91,0x20,0x51,0x40,0x31,0x80,0x11,0x00,0xFF,0xE0,0x00,0x00}},
  {0x6643, {0x40,0x40,0x7F,0xC0,0x40,0x40,0x7F,0xC0,0x04,0x00,0x44,0x40,0x24,0x80,0xFF,0xE0,0x12,0x00,0x22,0x20,0xC1,0xE0,0x00,0x00}},
  {0x664B, {0x0A,0x00,0x4A,0x40,0x2A,0x80,0xFF,0xE0,0x00,0x00,0x7F,0xC0,0x40,0x40,0x7F,0xC0,0x40,0x40,0x7F,0xC0,0x40,0x40,0x00,0x00}},
  {0x664C, {0xE2,0x00,0xAF,0xE0,0xA8,0x20,0xA8,0x20,0xEB,0xA0,0xAA,0xA0,0xAA,0xA0,0xAB,0xA0,0xE8,0x20,0xA8,0x20,0x08,0x60,0x00,0x00}},
  {0x6652, {0xEF,0xE0,0xA2,0x80,0xA2,0x80,0xAF,0xE0,0xEA,0xA0,0xAA,0xA0,0xAA,0xE0,0xAC,0x20,0xE8,0x20,0xAF,0xE0,0x08,0x20,0x00,0x00}},
  {0x6653, {0xE3,0xE0,0xBE,0x40,0xA2,0x80,0xA1,0x20,0xEE,0xE0,0xA0,0x00,0xBF,0xE0,0xA4,0x80,0xE4,0x80,0xA8,0xA0,0x10,0x60,0x00,0x00}},
  {0x6655, {0x20,0x80,0x3F,0x80,0x20,0x80,0xFF,0xE0,0x88,0x20,0x7F,0xC0,0x14,0x00,0x3F,0x80,0x04,0x00,0xFF,0xE0,0x04,0x00,0x00,0x00}},
  {0x665A, {0xE3,0xC0,0xA4,0x40,0xA8,0x80,0xAF,0xE0,0xE9,0x20,0xA9,0x20,0xAF,0xE0,0xA2,0x80,0xE2,0x80,0xA4,0xA0,0x08,0x60,0x00,0x00}},
  {0x6664, {0xE2,0x00,0xAF,0xC0,0xA4,0x40,0xA4,0x40,0xFF,0xE0,0xA0,0x00,0xAF,0xC0,0xA8,0x40,0xE8,0x40,0xAF,0xC0,0x08,0x40,0x00,0x00}},
  {0x6666, {0xE7,0xE0,0xA8,0x00,0xB7,0xC0,0xA4,0x40,0xE5,0x40,0xBF,0xE0,0xA8,0x40,0xA9,0x40,0xEF,0xE0,0xA0,0x40,0x01,0x80,0x00,0x00}},
  {0x6668, {0x20,0x40,0x3F,0xC0,0x20,0x40,0x7F,0xE0,0x40,0x00,0x5F,0xC0,0x40,0x00,0x7F,0xE0,0x52,0x40,0x51,0x80,0x98,0x60,0x00,0x00}},
  {0x666E, {0x7F,0xE0,0x09,0x00,0x29,0x40,0x19,0x80,0xFF,0xE0,0x00,0x00,0x3F,0xC0,0x20,0x40,0x3F,0xC0,0x20,0x40,0x3F,0xC0,0x00,0x00}},
  {0x666F, {0x20,0x80,0x3F,0x80,0x20,0x80,0x3F,0x80,0x04,0x00,0xFF,0xE0,0x20,0x80,0x3F,0x80,0x04,0x00,0x24,0x80,0x4C,0x40,0x00,0x00}},
  {0x6670, {0xE5,0xC0,0xA5,0x00,0xBF,0x00,0xA5,0xE0,0xED,0x40,0xAF,0x40,0xB5,0x40,0xA5,0x40,0xE5,0x40,0xA6,0x40,0x04,0x40,0x00,0x00}},
  {0x6674, {0xEF,0xE0,0xA1,0x00,0xA7,0xC0,0xA1,0x00,0xEF,0xE0,0xA4,0x40,0xA7,0xC0,0xA4,0x40,0xE7,0xC0,0xA4,0x40,0x04,0xC0,0x00,0x00}},
  {0x6676, {0x20,0x80,0x3F,0x80,0x20,0x80,0x3F,0x80,0x00,0x00,0xFB,0xE0,0x8A,0x20,0xFB,0xE0,0x8A,0x20,0xFB,0xE0,0x8A,0x20,0x00,0x00}},
  {0x667A, {0x7D,0xE0,0x91,0x20,0x11,0x20,0xFD,0x20,0x29,0xE0,0x44,0x00,0xBF,0xC0,0x20,0x40,0x3F,0xC0,0x20,0x40,0x3F,0xC0,0x00,0x00}},
  {0x667E, {0xE1,0x00,0xAF,0xE0,0xA0,0x00,0xA7,0xC0,0xE4,0x40,0xA4,0x40,0xA7,0xC0,0xA1,0x00,0xE5,0x40,0xA9,0x20,0x03,0x00,0x00,0x00}},
  {0x6682, {0xFB,0x00,0x52,0x00,0x7B,0xE0,0x12,0x40,0xFA,0x40,0x14,0x40,0x3F,0x80,0x20,0x80,0x3F,0x80,0x20,0x80,0x3F,0x80,0x00,0x00}},
  {0x6687, {0xEA,0x20,0xAA,0x20,0xAE,0xE0,0xA8,0x00,0xE8,0x00,0xAE,0xE0,0xA8,0xA0,0xA8,0xA0,0xEE,0x40,0xA8,0xA0,0x09,0x20,0x00,0x00}},
  {0x6691, {0x44,0x40,0x42,0x40,0x7F,0xC0,0x08,0x80,0x3D,0x00,0x0A,0x00,0xFF,0xE0,0x10,0x80,0x3F,0x80,0xD0,0x80,0x1F,0x80,0x00,0x00}},
  {0x6696, {0xEF,0x80,0xAA,0x20,0xA5,0x40,0xAF,0xE0,0xE1,0x00,0xAF,0xE0,0xA2,0x00,0xA7,0xC0,0xEA,0x40,0xB1,0x80,0x0E,0x60,0x00,0x00}},
  {0x6697, {0xE1,0x00,0xBF,0xE0,0xA8,0x40,0xA4,0x80,0xFF,0xE0,0xA0,0x00,0xAF,0xC0,0xA8,0x40,0xEF,0xC0,0xA8,0x40,0x0F,0xC0,0x00,0x00}},
  {0x66AE, {0xFF,0xE0,0x11,0x00,0x7F,0xC0,0x44,0x40,0x7F,0xC0,0x10,0x00,0xFF,0xE0,0x20,0x80,0x7F,0xC0,0xA0,0xA0,0x3F,0x80,0x00,0x00}},
  {0x66B4, {0x40,0x40,0x7F,0xC0,0x40,0x40,0x7F,0xC0,0x11,0x00,0x7F,0xC0,0x11,0x00,0xFF,0xE0,0x24,0x80,0xD5,0x60,0x2C,0x80,0x00,0x00}},
  {0x66D9, {0xEA,0xA0,0xAF,0xE0,0xA2,0x00,0xA7,0x40,0xE2,0x80,0xBF,0xE0,0xA4,0x40,0xAF,0xC0,0xF4,0x40,0xA7,0xC0,0x04,0x40,0x00,0x00}},
  {0x66F2, {0x09,0x00,0x7F,0xE0,0x49,0x20,0x49,0x20,0x49,0x20,0x7F,0xE0,0x49,0x20,0x49,0x20,0x49,0x20,0x7F,0xE0,0x40,0x20,0x00,0x00}},
  {0x66F4, {0xFF,0xE0,0x04,0x00,0x7F,0xC0,0x44,0x40,0x7F,0xC0,0x44,0x40,0x7F,0xC0,0x44,0x00,0x24,0x00,0x18,0x00,0xE7,0xE0,0x00,0x00}},
  {0x66F9, {0xFF,0xE0,0x0A,0x00,0x7F,0xC0,0x4A,0x40,0x7F,0xC0,0x4A,0x40,0x7F,0xC0,0x20,0x80,0x3F,0x80,0x20,0x80,0x3F,0x80,0x00,0x00}},
  {0x66FC, {0x40,0x40,0x7F,0xC0,0x40,0x40,0xFF,0xE0,0x91,0x20,0xFF,0xE0,0x00,0x00,0x7F,0xC0,0x20,0x80,0x1F,0x00,0xE0,0xE0,0x00,0x00}},
  {0x66FE, {0x11,0x00,0xFF,0xE0,0xA4,0xA0,0x95,0x20,0xFF,0xE0,0x00,0x00,0x7F,0xC0,0x40,0x40,0x7F,0xC0,0x40,0x40,0x7F,0xC0,0x00,0x00}},
  {0x66FF, {0x7B,0xC0,0x11,0x00,0xFF,0xE0,0x2A,0x80,0x44,0x40,0xBF,0xA0,0x20,0x80,0x3F,0x80,0x20,0x80,0x3F,0x80,0x20,0x80,0x00,0x00}},
  {0x6700, {0x20,0x80,0x3F,0x80,0x20,0x80,0xFF,0xE0,0x48,0x00,0x7B,0xC0,0x49,0x40,0x79,0x40,0x4C,0x80,0xF9,0x40,0x0A,0x20,0x00,0x00}},
  {0x6708, {0x3F,0xC0,0x20,0x40,0x20,0x40,0x3F,0xC0,0x20,0x40,0x20,0x40,0x3F,0xC0,0x20,0x40,0x40,0x40,0x40,0x40,0x81,0xC0,0x00,0x00}},
  {0x6709, {0x08,0x00,0xFF,0xE0,0x10,0x00,0x3F,0xC0,0x60,0x40,0xBF,0xC0,0x20,0x40,0x3F,0xC0,0x20,0x40,0x20,0x40,0x20,0xC0,0x00,0x00}},
  {0x670B, {0x79,0xE0,0x49,0x20,0x49,0x20,0x79,0xE0,0x49,0x20,0x49,0x20,0x79,0xE0,0x49,0x20,0x49,0x20,0x49,0x20,0x9A,0x60,0x00,0x00}},
  {0x670D, {0x7B,0xE0,0x4A,0x20,0x4A,0x20,0x7A,0xC0,0x4A,0x00,0x4B,0xE0,0x7A,0xA0,0x4A,0xA0,0x4A,0x40,0x4A,0xA0,0x9B,0x20,0x00,0x00}},
  {0x6717, {0x11,0xE0,0x7D,0x20,0x45,0x20,0x7D,0xE0,0x45,0x20,0x7D,0x20,0x51,0xE0,0x49,0x20,0x55,0x20,0x65,0x20,0x42,0x60,0x00,0x00}},
  {0x671B, {0x12,0x20,0xFB,0xE0,0x42,0x20,0x43,0xE0,0x7A,0x20,0x04,0x60,0x7F,0xC0,0x04,0x00,0x3F,0x80,0x04,0x00,0xFF,0xE0,0x00,0x00}},
  {0x671D, {0x7D,0xE0,0x11,0x20,0x7D,0x20,0x45,0xE0,0x7D,0x20,0x45,0x20,0x7D,0xE0,0x11,0x20,0xFF,0x20,0x11,0x20,0x12,0x60,0x00,0x00}},
  {0x671F, {0x49,0xE0,0xFD,0x20,0x49,0x20,0x79,0xE0,0x49,0x20,0x79,0x20,0x49,0xE0,0xFD,0x20,0x01,0x20,0x49,0x20,0x86,0x60,0x00,0x00}},
  {0x6726, {0xEF,0xE0,0xA4,0x40,0xAF,0xE0,0xE8,0x20,0xA7,0xC0,0xA2,0x20,0xED,0x40,0xA2,0x80,0xAD,0xC0,0xA2,0xA0,0x6D,0x80,0x00,0x00}},
  {0x6728, {0x04,0x00,0x04,0x00,0xFF,0xE0,0x0E,0x00,0x15,0x00,0x15,0x00,0x24,0x80,0x44,0x40,0x84,0x20,0x04,0x00,0x04,0x00,0x00,0x00}},
  {0x672A, {0x04,0x00,0x7F,0xC0,0x04,0x00,0x04,0x00,0xFF,0xE0,0x0E,0x00,0x15,0x00,0x24,0x80,0xC4,0x60,0x04,0x00,0x04,0x00,0x00,0x00}},
  {0x672B, {0x04,0x00,0xFF,0xE0,0x04,0x00,0x04,0x00,0x7F,0xC0,0x0E,0x00,0x15,0x00,0x24,0x80,0xC4,0x60,0x04,0x00,0x04,0x00,0x00,0x00}},
  {0x672C, {0x04,0x00,0xFF,0xE0,0x04,0x00,0x0E,0x00,0x15,0x00,0x15,0x00,0x24,0x80,0x44,0x40,0xBF,0xA0,0x04,0x00,0x04,0x00,0x00,0x00}},
  {0x672F, {0x04,0x40,0x04,0x00,0xFF,0xE0,0x0E,0x00,0x15,0x00,0x15,0x00,0x24,0x80,0x44,0x40,0x84,0x20,0x04,0x00,0x04,0x00,0x00,0x00}},
  {0x6731, {0x24,0x00,0x3F,0x80,0x44,0x00,0x04,0x00,0xFF,0xE0,0x0E,0x00,0x15,0x00,0x24,0x80,0xC4,0x60,0x04,0x00,0x04,0x00,0x00,0x00}},
  {0x6734, {0x11,0x00,0x11,0x00,0xFD,0x00,0x11,0x80,0x39,0x40,0x35,0x20,0x51,0x20,0x91,0x00,0x11,0x00,0x11,0x00,0x11,0x00,0x00,0x00}},
  {0x6735, {0x20,0x80,0x20,0x80,0x40,0x60,0x84,0x00,0x04,0x00,0xFF,0xE0,0x0E,0x00,0x15,0x00,0x24,0x80,0xC4,0x60,0x04,0x00,0x00,0x00}},
  {0x673A, {0x27,0x80,0x24,0x80,0xF4,0x80,0x24,0x80,0x74,0x80,0x6C,0x80,0xA4,0x80,0x24,0x80,0x24,0xA0,0x28,0xA0,0x30,0x60,0x00,0x00}},
  {0x673D, {0x2F,0xE0,0x21,0x00,0xFA,0x00,0x22,0x00,0x64,0x00,0x77,0xE0,0xA8,0x20,0x20,0x20,0x20,0x20,0x20,0x20,0x20,0xC0,0x00,0x00}},
  {0x6740, {0x11,0x00,0x0E,0x00,0x11,0x80,0x64,0x40,0x04,0x00,0xFF,0xE0,0x04,0x00,0x24,0x80,0x44,0x40,0x84,0x20,0x0C,0x00,0x00,0x00}},
  {0x6742, {0x08,0x00,0x7F,0x00,0x11,0x00,0x21,0x20,0x44,0xE0,0x04,0x00,0xFF,0xE0,0x04,0x00,0x24,0x80,0x44,0x40,0x8C,0x20,0x00,0x00}},
  {0x6743, {0x2F,0xC0,0x24,0x40,0xF4,0x40,0x24,0x40,0x64,0x40,0x72,0x80,0xA2,0x80,0x21,0x00,0x22,0x80,0x24,0x40,0x28,0x20,0x00,0x00}},
  {0x6746, {0x27,0xC0,0x21,0x00,0xF1,0x00,0x21,0x00,0x71,0x00,0x6F,0xE0,0xA1,0x00,0x21,0x00,0x21,0x00,0x21,0x00,0x21,0x00,0x00,0x00}},
  {0x6748, {0x2F,0xC0,0x24,0x40,0xF5,0x40,0x24,0xC0,0x74,0x40,0x6A,0x80,0xA2,0x80,0x21,0x00,0x22,0x80,0x24,0x40,0x28,0x20,0x00,0x00}},
  {0x6749, {0x20,0x80,0x21,0x00,0xFA,0x20,0x20,0x40,0x60,0x80,0x71,0x00,0xAA,0x20,0x20,0x40,0x20,0x80,0x21,0x00,0x26,0x00,0x00,0x00}},
  {0x674E, {0xFF,0xE0,0x15,0x00,0x24,0x80,0xC4,0x60,0x3F,0x00,0x02,0x00,0x04,0x00,0xFF,0xE0,0x04,0x00,0x04,0x00,0x1C,0x00,0x00,0x00}},
  {0x674F, {0x04,0x00,0xFF,0xE0,0x0E,0x00,0x15,0x00,0x24,0x80,0xC4,0x60,0x3F,0x80,0x20,0x80,0x20,0x80,0x3F,0x80,0x20,0x80,0x00,0x00}},
  {0x6750, {0x10,0x40,0x10,0x40,0xFD,0xE0,0x10,0x40,0x38,0xC0,0x35,0x40,0x52,0x40,0x94,0x40,0x10,0x40,0x10,0x40,0x10,0xC0,0x00,0x00}},
  {0x6751, {0x20,0x40,0x20,0x40,0xFB,0xE0,0x20,0x40,0x60,0x40,0x72,0x40,0xA9,0x40,0x21,0x40,0x20,0x40,0x20,0x40,0x21,0xC0,0x00,0x00}},
  {0x6756, {0x20,0x80,0x20,0x80,0xF7,0xE0,0x20,0x80,0x64,0x80,0x74,0x80,0xA2,0x80,0x22,0x80,0x21,0x00,0x22,0x80,0x2C,0x60,0x00,0x00}},
  {0x675C, {0x21,0x00,0x21,0x00,0xF9,0x00,0x27,0xC0,0x61,0x00,0x71,0x00,0xA9,0x00,0x21,0x00,0x21,0x00,0x21,0x00,0x2F,0xE0,0x00,0x00}},
  {0x675F, {0xFF,0xE0,0x04,0x00,0x7F,0xC0,0x44,0x40,0x44,0x40,0x7F,0xC0,0x0E,0x00,0x15,0x00,0x24,0x80,0xC4,0x60,0x04,0x00,0x00,0x00}},
  {0x6760, {0x27,0xC0,0x21,0x00,0xF9,0x00,0x21,0x00,0x61,0x00,0x71,0x00,0xA9,0x00,0x21,0x00,0x21,0x00,0x21,0x00,0x2F,0xE0,0x00,0x00}},
  {0x6761, {0x3F,0x80,0x51,0x00,0x0E,0x00,0x31,0x80,0xC4,0x60,0x04,0x00,0x7F,0xC0,0x04,0x00,0x24,0x80,0x44,0x40,0x8C,0x20,0x00,0x00}},
  {0x6765, {0x04,0x00,0x7F,0xC0,0x04,0x00,0x24,0x80,0x15,0x00,0xFF,0xE0,0x0E,0x00,0x15,0x00,0x24,0x80,0xC4,0x60,0x04,0x00,0x00,0x00}},
  {0x6768, {0x27,0xC0,0x20,0x80,0xF9,0x00,0x22,0x00,0x67,0xE0,0x72,0xA0,0xAA,0xA0,0x25,0x20,0x29,0x20,0x22,0x20,0x24,0xC0,0x00,0x00}},
  {0x676D, {0x21,0x00,0x2F,0xE0,0xF0,0x00,0x20,0x00,0x67,0x80,0x74,0x80,0xA4,0x80,0x24,0x80,0x24,0xA0,0x28,0xA0,0x30,0x60,0x00,0x00}},
  {0x676F, {0x27,0xE0,0x20,0x80,0xF9,0x00,0x21,0x00,0x63,0x40,0x75,0x20,0xA9,0x20,0x21,0x00,0x21,0x00,0x21,0x00,0x21,0x00,0x00,0x00}},
  {0x6770, {0x04,0x00,0xFF,0xE0,0x04,0x00,0x0E,0x00,0x15,0x00,0x24,0x80,0xC4,0x60,0x04,0x00,0x00,0x00,0x52,0x40,0x89,0x20,0x00,0x00}},
  {0x677E, {0x22,0x80,0x22,0x80,0xF4,0x40,0x24,0x40,0x69,0x20,0x71,0x00,0xA2,0x00,0x22,0x80,0x24,0x40,0x27,0xC0,0x20,0x40,0x00,0x00}},
  {0x677F, {0x27,0x80,0x24,0x00,0xF4,0x00,0x27,0xE0,0x75,0x20,0x6D,0x20,0xA5,0x40,0x25,0x40,0x24,0x80,0x29,0x40,0x32,0x20,0x00,0x00}},
  {0x6781, {0x2F,0xC0,0x24,0x40,0xF4,0x40,0x24,0x80,0x64,0xE0,0x74,0x20,0xA6,0x20,0x25,0x40,0x28,0x80,0x29,0x40,0x32,0x20,0x00,0x00}},
  {0x6784, {0x22,0x00,0x27,0xE0,0xF4,0x20,0x29,0x20,0x61,0x20,0x72,0x20,0xA4,0xA0,0x27,0xA0,0x20,0xA0,0x20,0x20,0x20,0xC0,0x00,0x00}},
  {0x6789, {0x27,0xE0,0x21,0x00,0xF9,0x00,0x21,0x00,0x61,0x00,0x77,0xC0,0xA9,0x00,0x21,0x00,0x21,0x00,0x21,0x00,0x2F,0xE0,0x00,0x00}},
  {0x6790, {0x27,0x00,0x24,0x00,0xF4,0x00,0x27,0xE0,0x64,0x80,0x74,0x80,0xA4,0x80,0x24,0x80,0x28,0x80,0x28,0x80,0x30,0x80,0x00,0x00}},
  {0x6795, {0x21,0x00,0x2F,0xE0,0xF9,0x20,0x29,0x20,0x61,0x00,0x72,0x80,0xAA,0x80,0x22,0x80,0x24,0x80,0x24,0xA0,0x28,0x60,0x00,0x00}},
  {0x6797, {0x11,0x00,0x11,0x00,0xFB,0xE0,0x11,0x00,0x33,0x80,0x3B,0x80,0x55,0x40,0x55,0x40,0x99,0x20,0x11,0x00,0x11,0x00,0x00,0x00}},
  {0x679A, {0x21,0x00,0x22,0x00,0xFB,0xE0,0x24,0x40,0x62,0x40,0x72,0x40,0xAA,0x80,0x21,0x00,0x22,0x80,0x24,0x40,0x28,0x20,0x00,0x00}},
  {0x679C, {0x7F,0xC0,0x44,0x40,0x7F,0xC0,0x44,0x40,0x7F,0xC0,0x04,0x00,0xFF,0xE0,0x15,0x00,0x24,0x80,0xC4,0x60,0x04,0x00,0x00,0x00}},
  {0x679D, {0x21,0x00,0x2F,0xE0,0xF1,0x00,0x21,0x00,0x6F,0xC0,0x74,0x40,0xA4,0x40,0x22,0x80,0x21,0x00,0x22,0x80,0x2C,0x60,0x00,0x00}},
  {0x67A2, {0x2F,0xE0,0x28,0x00,0xFA,0x40,0x29,0x40,0x69,0x40,0x78,0x80,0xA8,0x80,0x29,0x40,0x2A,0x40,0x28,0x00,0x2F,0xE0,0x00,0x00}},
  {0x67A3, {0xFF,0xE0,0x04,0x00,0x7F,0xC0,0x4E,0x40,0x55,0x40,0x20,0x80,0xCC,0x60,0x02,0x00,0x18,0x00,0x06,0x00,0x01,0x00,0x00,0x00}},
  {0x67AA, {0x21,0x00,0x22,0x80,0xF4,0x40,0x28,0x20,0x67,0xC0,0x74,0x40,0xA4,0x40,0x24,0xC0,0x24,0x00,0x24,0x20,0x23,0xE0,0x00,0x00}},
  {0x67AB, {0x27,0xC0,0x24,0x40,0xFC,0x40,0x26,0xC0,0x65,0x40,0x75,0x40,0xAE,0xC0,0x24,0x40,0x24,0x40,0x24,0x60,0x28,0x20,0x00,0x00}},
  {0x67AF, {0x21,0x00,0x21,0x00,0xF7,0xE0,0x21,0x00,0x61,0x00,0x77,0xC0,0xA4,0x40,0x24,0x40,0x24,0x40,0x27,0xC0,0x24,0x40,0x00,0x00}},
  {0x67B6, {0xFD,0xE0,0x25,0x20,0x25,0x20,0x45,0x20,0x99,0xE0,0x04,0x00,0xFF,0xE0,0x15,0x00,0x24,0x80,0xC4,0x60,0x04,0x00,0x00,0x00}},
  {0x67B7, {0x48,0x00,0x48,0xE0,0xFE,0xA0,0x4A,0xA0,0x4A,0xA0,0xEA,0xA0,0xCA,0xA0,0x4A,0xA0,0x4A,0xA0,0x52,0xE0,0x66,0xA0,0x00,0x00}},
  {0x67C4, {0x2F,0xE0,0x21,0x00,0xF1,0x00,0x2F,0xE0,0x69,0x20,0x79,0x20,0xAA,0xA0,0x2C,0x60,0x28,0x20,0x28,0x20,0x28,0x60,0x00,0x00}},
  {0x67CF, {0x21,0x00,0x27,0xE0,0xF4,0x20,0x24,0x20,0x74,0x20,0x6F,0xE0,0xA4,0x20,0x24,0x20,0x24,0x20,0x27,0xE0,0x24,0x20,0x00,0x00}},
  {0x67D0, {0xFF,0xE0,0x20,0x80,0x3F,0x80,0x20,0x80,0x3F,0x80,0x04,0x00,0xFF,0xE0,0x15,0x00,0x24,0x80,0xC4,0x60,0x04,0x00,0x00,0x00}},
  {0x67D1, {0x24,0x40,0x2F,0xE0,0xF4,0x40,0x24,0x40,0x74,0x40,0x6F,0xC0,0xA4,0x40,0x24,0x40,0x24,0x40,0x27,0xC0,0x24,0x40,0x00,0x00}},
  {0x67D2, {0x22,0x00,0x83,0xE0,0x5E,0x00,0x02,0x20,0x21,0xE0,0x44,0x00,0xFF,0xE0,0x15,0x00,0x24,0x80,0xC4,0x60,0x04,0x00,0x00,0x00}},
  {0x67D3, {0x2F,0x80,0x84,0x80,0x04,0x80,0x48,0xA0,0x90,0x60,0x04,0x00,0xFF,0xE0,0x15,0x00,0x24,0x80,0xC4,0x60,0x04,0x00,0x00,0x00}},
  {0x67D4, {0x09,0x00,0x06,0x00,0xFF,0xE0,0x12,0x20,0xE6,0x00,0x00,0x00,0x04,0x00,0xFF,0xE0,0x15,0x00,0x24,0x80,0xC4,0x60,0x00,0x00}},
  {0x67DC, {0x27,0xE0,0x24,0x00,0xFC,0x00,0x27,0xE0,0x64,0x20,0x74,0x20,0xAC,0x20,0x27,0xE0,0x24,0x00,0x24,0x00,0x27,0xE0,0x00,0x00}},
  {0x67E0, {0x20,0x80,0x27,0xE0,0xF4,0x20,0x20,0x00,0x77,0xE0,0x68,0x80,0xA0,0x80,0x20,0x80,0x20,0x80,0x20,0x80,0x23,0x80,0x00,0x00}},
  {0x67E5, {0xFF,0xE0,0x15,0x00,0x24,0x80,0xC4,0x60,0x3F,0x80,0x20,0x80,0x3F,0x80,0x20,0x80,0x3F,0x80,0x00,0x00,0xFF,0xE0,0x00,0x00}},
  {0x67EC, {0xFF,0xE0,0x04,0x00,0x7F,0xC0,0x44,0x40,0x55,0x40,0x4E,0x40,0x7F,0xC0,0x15,0x00,0x24,0x80,0xC4,0x60,0x04,0x00,0x00,0x00}},
  {0x67F1, {0x21,0x00,0x20,0x00,0xF7,0xE0,0x21,0x00,0x61,0x00,0x71,0x00,0xA7,0xC0,0x21,0x00,0x21,0x00,0x21,0x00,0x2F,0xE0,0x00,0x00}},
  {0x67F3, {0x2C,0xE0,0x2A,0xA0,0xFA,0xA0,0x2A,0xA0,0x6A,0xA0,0x7A,0xA0,0xAE,0xA0,0x2A,0xE0,0x22,0x80,0x24,0x80,0x28,0x80,0x00,0x00}},
  {0x67F4, {0x51,0x20,0x5D,0x40,0x51,0x80,0x5D,0x20,0xE0,0xE0,0x04,0x00,0xFF,0xE0,0x15,0x00,0x24,0x80,0xC4,0x60,0x04,0x00,0x00,0x00}},
  {0x67FF, {0x21,0x00,0x2F,0xE0,0xF1,0x00,0x21,0x00,0x6F,0xE0,0x79,0x20,0xA9,0x20,0x29,0x20,0x29,0x20,0x29,0x60,0x21,0x00,0x00,0x00}},
  {0x6805, {0x2E,0xE0,0x2A,0xA0,0xFA,0xA0,0x2A,0xA0,0x7F,0xE0,0x6A,0xA0,0xAA,0xA0,0x2A,0xA0,0x2A,0xA0,0x2A,0xA0,0x37,0x60,0x00,0x00}},
  {0x6807, {0x27,0xC0,0x20,0x00,0xF0,0x00,0x2F,0xE0,0x61,0x00,0x71,0x00,0xA5,0x40,0x25,0x20,0x29,0x20,0x21,0x00,0x23,0x00,0x00,0x00}},
  {0x6808, {0x21,0x20,0x21,0xE0,0xF7,0x00,0x21,0x00,0x61,0xE0,0x77,0x00,0xA1,0x40,0x21,0x80,0x21,0x20,0x22,0xA0,0x2C,0x60,0x00,0x00}},
  {0x680B, {0x21,0x00,0x27,0xE0,0xFA,0x00,0x23,0x00,0x65,0x00,0x77,0xE0,0xA9,0x00,0x25,0x40,0x25,0x20,0x29,0x20,0x23,0x00,0x00,0x00}},
  {0x680F, {0x22,0x40,0x22,0x80,0xF7,0xC0,0x20,0x00,0x60,0x00,0x70,0x00,0xA7,0xC0,0x20,0x00,0x20,0x00,0x20,0x00,0x2F,0xE0,0x00,0x00}},
  {0x6811, {0x20,0x40,0x2E,0x40,0xF3,0xE0,0x2A,0x40,0x6A,0x40,0x75,0x40,0xA4,0xC0,0x2A,0x40,0x32,0x40,0x20,0x40,0x20,0xC0,0x00,0x00}},
  {0x6813, {0x21,0x00,0x22,0x80,0xF4,0x40,0x28,0x20,0x67,0xC0,0x71,0x00,0xA1,0x00,0x27,0xC0,0x21,0x00,0x21,0x00,0x2F,0xE0,0x00,0x00}},
  {0x6816, {0x2F,0xE0,0x22,0x80,0xF2,0x80,0x2F,0xE0,0x6A,0xA0,0x7A,0xA0,0xAA,0xE0,0x2C,0x20,0x28,0x20,0x2F,0xE0,0x28,0x20,0x00,0x00}},
  {0x6817, {0x0A,0x00,0x7F,0xC0,0x4A,0x40,0x4A,0x40,0x7F,0xC0,0x04,0x00,0xFF,0xE0,0x15,0x00,0x24,0x80,0xC4,0x60,0x04,0x00,0x00,0x00}},
  {0x6821, {0x21,0x00,0x2F,0xE0,0xF0,0x00,0x22,0x80,0x74,0x40,0x6A,0xA0,0xA2,0x80,0x22,0x80,0x21,0x00,0x22,0x80,0x2C,0x60,0x00,0x00}},
  {0x682A, {0x25,0x00,0x27,0xC0,0xF9,0x00,0x21,0x00,0x6F,0xE0,0x71,0x00,0xA3,0x80,0x25,0x40,0x29,0x20,0x21,0x00,0x21,0x00,0x00,0x00}},
  {0x6837, {0x22,0x80,0x2F,0xE0,0xF1,0x00,0x21,0x00,0x67,0xC0,0x71,0x00,0xA1,0x00,0x2F,0xE0,0x21,0x00,0x21,0x00,0x21,0x00,0x00,0x00}},
  {0x6838, {0x21,0x00,0x2F,0xE0,0xF2,0x00,0x24,0x40,0x6F,0x80,0x71,0x20,0xA2,0x40,0x2C,0x80,0x21,0x80,0x22,0x40,0x2C,0x20,0x00,0x00}},
  {0x6839, {0x24,0x40,0x24,0x40,0xF7,0xC0,0x24,0x40,0x64,0x40,0x77,0xC0,0xA5,0x20,0x25,0x40,0x24,0x80,0x26,0x40,0x24,0x20,0x00,0x00}},
  {0x683C, {0x23,0xC0,0x24,0x40,0xFA,0x80,0x21,0x00,0x72,0x80,0x6C,0x60,0xA7,0xC0,0x24,0x40,0x24,0x40,0x27,0xC0,0x24,0x40,0x00,0x00}},
  {0x683D, {0x7D,0x20,0x11,0x00,0xFF,0xE0,0x01,0x00,0x11,0x40,0xFD,0x40,0x11,0x40,0x38,0x80,0x54,0xA0,0x91,0x60,0x12,0x20,0x00,0x00}},
  {0x6842, {0x21,0x00,0x27,0xC0,0xF1,0x00,0x21,0x00,0x6F,0xE0,0x70,0x00,0xA1,0x00,0x27,0xC0,0x21,0x00,0x21,0x00,0x2F,0xE0,0x00,0x00}},
  {0x6843, {0x22,0x80,0x2A,0xA0,0xF6,0xC0,0x22,0x80,0x62,0x80,0x76,0xC0,0xAA,0xA0,0x22,0x80,0x22,0xA0,0x24,0xA0,0x28,0x60,0x00,0x00}},
  {0x6845, {0x23,0xC0,0x24,0x40,0xF8,0x80,0x27,0xE0,0x64,0x00,0x75,0xE0,0xA5,0x20,0x25,0x60,0x25,0x00,0x25,0x20,0x28,0xE0,0x00,0x00}},
  {0x6846, {0x2F,0xE0,0x28,0x00,0xFB,0xE0,0x28,0x80,0x68,0x80,0x7B,0xE0,0xA8,0x80,0x28,0x80,0x2B,0xE0,0x28,0x00,0x2F,0xE0,0x00,0x00}},
  {0x6848, {0xFF,0xE0,0x88,0x20,0x7F,0xC0,0x11,0x00,0x0E,0x00,0xF1,0xC0,0x04,0x00,0xFF,0xE0,0x15,0x00,0x24,0x80,0xC4,0x60,0x00,0x00}},
  {0x684C, {0x07,0xC0,0x04,0x00,0x7F,0xC0,0x40,0x40,0x7F,0xC0,0x40,0x40,0x7F,0xC0,0x04,0x00,0xFF,0xE0,0x24,0x80,0xC4,0x60,0x00,0x00}},
  {0x6850, {0x2F,0xE0,0x28,0x20,0xFB,0xA0,0x28,0x20,0x6B,0xA0,0x7A,0xA0,0xAA,0xA0,0x2B,0xA0,0x28,0x20,0x28,0x20,0x28,0x60,0x00,0x00}},
  {0x6851, {0x21,0x00,0x1E,0x00,0x21,0x00,0x7B,0xC0,0x4A,0x40,0x31,0x80,0x4A,0x40,0x04,0x00,0xFF,0xE0,0x24,0x80,0xC4,0x60,0x00,0x00}},
  {0x6863, {0x29,0x20,0x25,0x40,0xF1,0x00,0x2F,0xE0,0x60,0x20,0x70,0x20,0xA7,0xE0,0x20,0x20,0x20,0x20,0x2F,0xE0,0x20,0x20,0x00,0x00}},
  {0x6865, {0x27,0x00,0xF1,0x00,0x2F,0xE0,0x22,0x80,0x74,0x40,0x68,0x20,0xA4,0x40,0x24,0x40,0x24,0x40,0x24,0x40,0x28,0x40,0x00,0x00}},
  {0x6866, {0x24,0xA0,0x2C,0xC0,0xF4,0x80,0x25,0xA0,0x66,0xA0,0x74,0x60,0xA1,0x00,0x2F,0xE0,0x21,0x00,0x21,0x00,0x21,0x00,0x00,0x00}},
  {0x6868, {0x91,0xE0,0x52,0x20,0x15,0x40,0x50,0x80,0x93,0x00,0x04,0x00,0xFF,0xE0,0x15,0x00,0x24,0x80,0xC4,0x60,0x04,0x00,0x00,0x00}},
  {0x6869, {0x20,0x80,0x27,0xE0,0xF4,0x00,0x24,0x80,0x64,0x80,0x77,0xE0,0xA4,0x80,0x24,0x80,0x24,0x80,0x24,0x80,0x2B,0xE0,0x00,0x00}},
  {0x6876, {0x20,0x40,0x22,0x80,0xF1,0x00,0x2F,0xE0,0x69,0x20,0x7F,0xE0,0xA9,0x20,0x2F,0xE0,0x29,0x20,0x29,0x20,0x28,0x60,0x00,0x00}},
  {0x6881, {0x22,0x80,0x8A,0xC0,0x52,0xA0,0x04,0x80,0x49,0x80,0x84,0x00,0xFF,0xE0,0x15,0x00,0x24,0x80,0xC4,0x60,0x04,0x00,0x00,0x00}},
  {0x6885, {0x27,0xE0,0x28,0x00,0xF7,0xC0,0x24,0x40,0x65,0x40,0x7F,0xE0,0xA8,0x40,0x29,0x40,0x2F,0xE0,0x20,0x40,0x21,0x80,0x00,0x00}},
  {0x6886, {0x2E,0xE0,0x24,0xA0,0xF4,0xA0,0x2E,0xC0,0x64,0xC0,0x74,0xA0,0xAE,0xA0,0x24,0xA0,0x24,0xC0,0x24,0x80,0x28,0x80,0x00,0x00}},
  {0x6897, {0x2F,0xE0,0x21,0x00,0xFF,0xE0,0x29,0x20,0x6F,0xE0,0x79,0x20,0xAF,0xE0,0x25,0x00,0x22,0x00,0x25,0x00,0x28,0xE0,0x00,0x00}},
  {0x68A2, {0x29,0x20,0x25,0x40,0xF1,0x00,0x27,0xE0,0x64,0x20,0x77,0xE0,0xA4,0x20,0x27,0xE0,0x24,0x20,0x24,0x20,0x24,0x60,0x00,0x00}},
  {0x68A6, {0xFB,0xE0,0x20,0x80,0x71,0xC0,0xAA,0xA0,0x20,0x80,0x08,0x00,0x1F,0xC0,0x60,0x40,0x11,0x80,0x0E,0x00,0xF0,0x00,0x00,0x00}},
  {0x68A7, {0x21,0x00,0x27,0xC0,0xF2,0x40,0x22,0x40,0x6F,0xE0,0x70,0x00,0xA7,0xC0,0x24,0x40,0x24,0x40,0x27,0xC0,0x24,0x40,0x00,0x00}},
  {0x68A8, {0x71,0x20,0x11,0x20,0xFD,0x20,0x39,0x20,0x54,0x20,0x90,0x60,0x04,0x00,0xFF,0xE0,0x15,0x00,0x24,0x80,0xC4,0x60,0x00,0x00}},
  {0x68AD, {0x24,0x40,0x2F,0xE0,0xF0,0x20,0x24,0x40,0x6A,0x20,0x73,0xC0,0xA4,0x40,0x2A,0x80,0x21,0x00,0x22,0x80,0x2C,0x60,0x00,0x00}},
  {0x68AF, {0x22,0x80,0x27,0xC0,0xF1,0x40,0x27,0xC0,0x65,0x00,0x77,0xE0,0xA1,0x20,0x23,0x20,0x25,0x60,0x29,0x00,0x21,0x00,0x00,0x00}},
  {0x68B0, {0x20,0x80,0x2F,0xE0,0xF0,0x80,0x2A,0x80,0x6A,0xA0,0x7F,0xA0,0xAA,0xC0,0x2A,0xC0,0x2A,0xA0,0x31,0x60,0x22,0x20,0x00,0x00}},
  {0x68B3, {0x21,0x00,0x2F,0xE0,0xF2,0x00,0x24,0x40,0x6F,0xE0,0x70,0x20,0xAA,0x80,0x2A,0x80,0x2A,0x80,0x2A,0xA0,0x30,0x60,0x00,0x00}},
  {0x68C0, {0x21,0x00,0x22,0x80,0xF4,0x40,0x28,0x20,0x67,0xC0,0x70,0x00,0xA2,0x40,0x29,0x40,0x25,0x40,0x24,0x80,0x2F,0xE0,0x00,0x00}},
  {0x68C9, {0x27,0xC0,0x24,0x40,0xF7,0xC0,0x24,0x40,0x67,0xC0,0x71,0x00,0xAF,0xE0,0x29,0x20,0x29,0x20,0x29,0x60,0x21,0x00,0x00,0x00}},
  {0x68CB, {0x24,0x40,0x2F,0xE0,0xF4,0x40,0x27,0xC0,0x64,0x40,0x77,0xC0,0xA4,0x40,0x2F,0xE0,0x20,0x00,0x24,0x40,0x28,0x20,0x00,0x00}},
  {0x68CD, {0x24,0x20,0x27,0xE0,0xF4,0x20,0x27,0xE0,0x60,0x00,0x74,0x80,0xA6,0xA0,0x24,0xC0,0x24,0x80,0x26,0xA0,0x24,0x60,0x00,0x00}},
  {0x68D2, {0x2F,0xE0,0x21,0x00,0xF7,0xC0,0x22,0x00,0x6F,0xE0,0x74,0x40,0xA9,0x20,0x27,0xC0,0x21,0x00,0x2F,0xE0,0x21,0x00,0x00,0x00}},
  {0x68D5, {0x2F,0xE0,0x28,0x20,0xF0,0x00,0x27,0xC0,0x60,0x00,0x70,0x00,0xA7,0xE0,0x21,0x00,0x25,0x40,0x29,0x20,0x23,0x00,0x00,0x00}},
  {0x68D8, {0x20,0x80,0xFB,0xE0,0x20,0x80,0xFB,0xE0,0xAA,0xA0,0xBA,0xE0,0x20,0x80,0x71,0xC0,0xAA,0xA0,0x20,0x80,0x20,0x80,0x00,0x00}},
  {0x68DA, {0x2E,0xE0,0x2A,0xA0,0xFA,0xA0,0x2E,0xE0,0x6A,0xA0,0x7A,0xA0,0xAE,0xE0,0x2A,0xA0,0x2A,0xA0,0x2A,0xA0,0x37,0x60,0x00,0x00}},
  {0x68E0, {0x15,0x00,0xFF,0xE0,0x80,0x20,0x3F,0x80,0x20,0x80,0x3F,0x80,0x04,0x00,0xFF,0xE0,0x15,0x00,0x24,0x80,0xC4,0x60,0x00,0x00}},
  {0x68EE, {0xFF,0xE0,0x15,0x00,0x24,0x80,0xC4,0x60,0x11,0x00,0x11,0x00,0xFB,0xE0,0x31,0x80,0x5B,0x40,0x95,0x20,0x11,0x00,0x00,0x00}},
  {0x68F1, {0x27,0xC0,0xF1,0x00,0x2F,0xE0,0x24,0x40,0x7A,0x20,0x63,0xC0,0xA4,0x40,0x2A,0x80,0x21,0x00,0x22,0x80,0x2C,0x60,0x00,0x00}},
  {0x68F5, {0x25,0x40,0x27,0xC0,0xF5,0x40,0x27,0xC0,0x71,0x00,0x6F,0xE0,0xA1,0x00,0x23,0x80,0x25,0x40,0x29,0x20,0x21,0x00,0x00,0x00}},
  {0x68FA, {0x20,0x80,0x2F,0xE0,0xF8,0x20,0x27,0xC0,0x64,0x40,0x77,0xC0,0xA4,0x00,0x27,0xE0,0x24,0x20,0x27,0xE0,0x24,0x20,0x00,0x00}},
  {0x6905, {0x27,0xC0,0x22,0x80,0xF4,0x40,0x2F,0xE0,0x60,0x40,0x77,0x40,0xA5,0x40,0x25,0x40,0x27,0x40,0x24,0x40,0x20,0xC0,0x00,0x00}},
  {0x690D, {0x27,0xE0,0x21,0x00,0xF7,0xC0,0x24,0x40,0x67,0xC0,0x74,0x40,0xA7,0xC0,0x24,0x40,0x27,0xC0,0x24,0x40,0x2F,0xE0,0x00,0x00}},
  {0x690E, {0x22,0x40,0x27,0xE0,0xF4,0x80,0x2C,0x80,0x77,0xE0,0x6C,0x80,0xA4,0x80,0x27,0xE0,0x24,0x80,0x24,0x80,0x27,0xE0,0x00,0x00}},
  {0x6912, {0x25,0xE0,0x26,0xA0,0xF4,0xA0,0x2F,0xA0,0x60,0xA0,0x74,0xA0,0xA4,0xA0,0x2E,0x40,0x35,0x40,0x24,0xA0,0x2D,0x20,0x00,0x00}},
  {0x692D, {0x5C,0x80,0x57,0xE0,0xF5,0x00,0x59,0xE0,0x5B,0x20,0xF5,0xE0,0xD5,0x20,0x55,0xE0,0x59,0x20,0x51,0x20,0x51,0x60,0x00,0x00}},
  {0x6930, {0x3F,0xE0,0x2A,0xA0,0xFA,0xA0,0x2E,0xC0,0x6A,0xC0,0x7E,0xA0,0xAA,0xA0,0x2B,0xA0,0x3E,0xC0,0x22,0x80,0x22,0x80,0x00,0x00}},
  {0x693F, {0x2F,0xE0,0x21,0x00,0xF7,0xC0,0x22,0x00,0x6F,0xE0,0x74,0x40,0xAF,0xE0,0x24,0x40,0x27,0xC0,0x24,0x40,0x27,0xC0,0x00,0x00}},
  {0x6954, {0x2F,0xE0,0xF4,0xA0,0x2E,0xA0,0x24,0xA0,0x7E,0xA0,0x65,0x60,0xA1,0x00,0x2F,0xE0,0x22,0x80,0x24,0x40,0x28,0x20,0x00,0x00}},
  {0x695A, {0xFB,0xE0,0x20,0x80,0x71,0xC0,0xAA,0xA0,0x20,0x80,0xFF,0xE0,0x04,0x20,0x24,0x00,0x27,0xC0,0x54,0x00,0x8F,0xE0,0x00,0x00}},
  {0x695E, {0x2A,0xA0,0x2A,0xA0,0xFF,0xE0,0x21,0x00,0x6F,0xE0,0x72,0x00,0xAB,0xE0,0x22,0x20,0x24,0x20,0x24,0x20,0x28,0xC0,0x00,0x00}},
  {0x6963, {0x29,0x20,0xF9,0x20,0x2F,0xE0,0x28,0x00,0x7B,0xE0,0x6A,0x20,0xAB,0xE0,0x2A,0x20,0x2B,0xE0,0x2A,0x20,0x33,0xE0,0x00,0x00}},
  {0x6977, {0x27,0xC0,0x24,0x80,0xF5,0xA0,0x26,0x60,0x71,0x00,0x6F,0xE0,0xA4,0x20,0x27,0xE0,0x24,0x20,0x27,0xE0,0x24,0x20,0x00,0x00}},
  {0x697C, {0x29,0x20,0x25,0x40,0xFF,0xE0,0x25,0x40,0x69,0x20,0x72,0x00,0xAF,0xE0,0x22,0x40,0x24,0x40,0x23,0x80,0x2C,0x60,0x00,0x00}},
  {0x6982, {0x5D,0xE0,0x54,0x40,0xF5,0x40,0x5D,0x40,0x55,0xE0,0xF4,0x40,0xDC,0x80,0x50,0xC0,0x59,0x40,0x55,0x40,0x5A,0x60,0x00,0x00}},
  {0x6984, {0x2A,0xE0,0x2B,0x40,0xFA,0x20,0x22,0x00,0x6F,0xC0,0x78,0x40,0xAA,0x40,0x2A,0x40,0x25,0x00,0x29,0x20,0x30,0xE0,0x00,0x00}},
  {0x6986, {0x22,0x80,0x24,0x40,0xFB,0xA0,0x20,0x00,0x6E,0x20,0x7A,0xA0,0xAE,0xA0,0x2A,0xA0,0x2E,0xA0,0x2A,0x20,0x2A,0x60,0x00,0x00}},
  {0x6994, {0x24,0xE0,0x2E,0xA0,0xFA,0xA0,0x2E,0xC0,0x6A,0xC0,0x7E,0xA0,0xA8,0xA0,0x2C,0xA0,0x2A,0xC0,0x2D,0x80,0x28,0x80,0x00,0x00}},
  {0x6995, {0x2F,0xE0,0x28,0x20,0xF4,0x40,0x29,0x20,0x62,0x80,0x74,0x40,0xA8,0x20,0x27,0xC0,0x24,0x40,0x27,0xC0,0x24,0x40,0x00,0x00}},
  {0x699B, {0x2F,0xE0,0x21,0x00,0xF7,0xC0,0x22,0x00,0x6F,0xE0,0x74,0x40,0xAB,0xA0,0x21,0x00,0x2F,0xE0,0x25,0x40,0x29,0x20,0x00,0x00}},
  {0x699C, {0x2F,0xE0,0x24,0x40,0xF2,0x80,0x2F,0xE0,0x68,0x20,0x71,0x00,0xAF,0xE0,0x22,0x00,0x23,0xE0,0x24,0x20,0x28,0xC0,0x00,0x00}},
  {0x69A8, {0x2F,0xE0,0x2A,0xA0,0xF4,0x40,0x2A,0x20,0x63,0xC0,0x76,0x00,0xAB,0xC0,0x22,0x00,0x23,0xE0,0x22,0x00,0x22,0x00,0x00,0x00}},
  {0x69B4, {0x2D,0xE0,0x28,0xA0,0xFA,0xA0,0x2D,0x60,0x72,0x00,0x6F,0xE0,0xA9,0x20,0x2F,0xE0,0x29,0x20,0x2F,0xE0,0x28,0x20,0x00,0x00}},
  {0x69D0, {0x22,0x00,0x2F,0xC0,0xF9,0x40,0x2F,0xC0,0x6A,0x40,0x7F,0xC0,0xAA,0x80,0x25,0x40,0x25,0xC0,0x29,0x20,0x30,0xE0,0x00,0x00}},
  {0x69FD, {0x2F,0xE0,0x22,0x80,0xFF,0xE0,0x2A,0xA0,0x6F,0xE0,0x7A,0xA0,0xAF,0xE0,0x24,0x40,0x27,0xC0,0x24,0x40,0x27,0xC0,0x00,0x00}},
  {0x6A0A, {0x24,0x80,0xFB,0xE0,0x2A,0x80,0x75,0xC0,0xAA,0xA0,0x20,0x80,0x04,0x00,0xFF,0xE0,0x0A,0x00,0x31,0x80,0xC0,0x60,0x00,0x00}},
  {0x6A1F, {0x27,0xC0,0xF2,0x80,0x2F,0xE0,0x24,0x40,0x77,0xC0,0x64,0x40,0xA7,0xC0,0x21,0x00,0x2F,0xE0,0x21,0x00,0x21,0x00,0x00,0x00}},
  {0x6A21, {0x2F,0xE0,0x22,0x80,0xF7,0xC0,0x24,0x40,0x67,0xC0,0x74,0x40,0xA7,0xC0,0x21,0x00,0x2F,0xE0,0x22,0x80,0x2C,0x60,0x00,0x00}},
  {0x6A2A, {0x2F,0xE0,0xF4,0x40,0x2F,0xE0,0x21,0x00,0x7F,0xE0,0x69,0x20,0xAF,0xE0,0x29,0x20,0x2F,0xE0,0x24,0x40,0x28,0x20,0x00,0x00}},
  {0x6A31, {0x4A,0xA0,0x4A,0xA0,0xEA,0xA0,0x44,0x40,0x4A,0xA0,0xE2,0x00,0xDF,0xE0,0x44,0x80,0x4C,0x80,0x43,0x00,0x5C,0xC0,0x00,0x00}},
  {0x6A44, {0x44,0x80,0x49,0x00,0xFD,0xE0,0x56,0x40,0x5D,0x40,0xF5,0x40,0xDD,0x40,0x56,0x80,0x7C,0x80,0x45,0x40,0x46,0x20,0x00,0x00}},
  {0x6A58, {0x22,0x40,0xF1,0x80,0x2F,0xE0,0x25,0x20,0x7B,0x00,0x6F,0xE0,0xAA,0xA0,0x2C,0x60,0x2B,0xA0,0x2A,0xA0,0x2B,0xA0,0x00,0x00}},
  {0x6A59, {0x22,0xC0,0x2A,0xA0,0xF4,0x40,0x27,0xC0,0x68,0x20,0x77,0xC0,0xA4,0x40,0x27,0xC0,0x24,0x40,0x22,0x80,0x2F,0xE0,0x00,0x00}},
  {0x6A61, {0x27,0xC0,0x28,0x40,0xFF,0xE0,0x29,0x20,0x6F,0xE0,0x72,0x20,0xAD,0x40,0x22,0x80,0x2D,0xC0,0x22,0xA0,0x2D,0x80,0x00,0x00}},
  {0x6A71, {0x2F,0xE0,0x28,0x40,0xFF,0x40,0x28,0xE0,0x6F,0x40,0x79,0xC0,0xAF,0x40,0x2D,0x40,0x2A,0x40,0x2F,0x40,0x30,0xC0,0x00,0x00}},
  {0x6A80, {0x2F,0xE0,0x20,0x00,0xFF,0xE0,0x2A,0xA0,0x6B,0xA0,0x78,0x20,0xAF,0xE0,0x24,0x40,0x27,0xC0,0x24,0x40,0x2F,0xE0,0x00,0x00}},
  {0x6A90, {0x28,0x80,0x2F,0xE0,0xFA,0x40,0x2D,0x20,0x6B,0xC0,0x78,0x00,0xAB,0xC0,0x28,0x00,0x2B,0xC0,0x2A,0x40,0x33,0xC0,0x00,0x00}},
  {0x6AA9, {0x2F,0xE0,0xF0,0x00,0x2F,0xE0,0x28,0x20,0x7B,0xA0,0x6A,0xA0,0xAF,0xE0,0x20,0x00,0x2F,0xE0,0x25,0x40,0x2B,0x20,0x00,0x00}},
  {0x6AAC, {0x2F,0xE0,0x24,0x40,0xFF,0xE0,0x28,0x20,0x67,0xC0,0x72,0x20,0xAD,0x40,0x22,0x80,0x2D,0xC0,0x22,0xA0,0x2D,0x80,0x00,0x00}},
  {0x6B20, {0x20,0x00,0x3F,0xC0,0x40,0x40,0x44,0x40,0x84,0x80,0x04,0x00,0x0A,0x00,0x0A,0x00,0x11,0x00,0x20,0x80,0xC0,0x60,0x00,0x00}},
  {0x6B21, {0x84,0x00,0x47,0xE0,0x08,0x20,0x0A,0x40,0x12,0x00,0x02,0x00,0x25,0x00,0x45,0x00,0x88,0x80,0x10,0x40,0x20,0x20,0x00,0x00}},
  {0x6B22, {0xFA,0x00,0x0B,0xE0,0x8C,0x20,0x58,0x40,0x51,0x00,0x21,0x00,0x21,0x00,0x52,0x80,0x52,0x80,0x84,0x40,0x08,0x20,0x00,0x00}},
  {0x6B23, {0x71,0x00,0x41,0xE0,0x41,0x20,0x7E,0x40,0x48,0x00,0x48,0x80,0x48,0x80,0x48,0x80,0x49,0x40,0x49,0x40,0x8A,0x20,0x00,0x00}},
  {0x6B27, {0xF9,0x00,0x81,0xE0,0xA9,0x20,0xAA,0x40,0x90,0x00,0x90,0x80,0xA8,0x80,0xA8,0x80,0x81,0x40,0xF9,0x40,0x02,0x20,0x00,0x00}},
  {0x6B32, {0x45,0x00,0x93,0xE0,0x11,0x20,0x2A,0x40,0x44,0x00,0x82,0x80,0x7C,0x80,0x44,0x80,0x45,0x40,0x7D,0x40,0x46,0x20,0x00,0x00}},
  {0x6B3A, {0x49,0x00,0xFD,0xE0,0x49,0x20,0x7A,0x40,0x48,0x00,0x78,0x80,0x48,0x80,0xFC,0x80,0x01,0x40,0x49,0x40,0x86,0x20,0x00,0x00}},
  {0x6B3E, {0xFF,0x00,0x11,0xE0,0x7D,0x20,0x02,0x40,0x7C,0x00,0x00,0x80,0xFE,0x80,0x10,0x80,0x55,0x40,0x93,0x40,0x32,0x20,0x00,0x00}},
  {0x6B47, {0x89,0x00,0xF9,0xE0,0x89,0x20,0xFA,0x40,0x40,0x00,0x7C,0x80,0xA4,0x80,0x54,0x80,0x85,0x40,0xF5,0x40,0x1A,0x20,0x00,0x00}},
  {0x6B49, {0x28,0x80,0xFE,0xE0,0x28,0xA0,0x7F,0x20,0x2A,0x00,0xFF,0x40,0x2A,0x40,0xFE,0x40,0x6C,0xA0,0xAA,0xA0,0x29,0x20,0x00,0x00}},
  {0x6B4C, {0x09,0x00,0xE9,0xE0,0xA9,0x20,0xEA,0x40,0x00,0x00,0xFC,0x80,0x08,0x80,0xE8,0x80,0xA9,0x40,0xE9,0x40,0x1A,0x20,0x00,0x00}},
  {0x6B62, {0x02,0x00,0x02,0x00,0x22,0x00,0x23,0xC0,0x22,0x00,0x22,0x00,0x22,0x00,0x22,0x00,0x22,0x00,0x22,0x00,0xFF,0xE0,0x00,0x00}},
  {0x6B63, {0x7F,0xC0,0x04,0x00,0x04,0x00,0x04,0x00,0x24,0x00,0x27,0xC0,0x24,0x00,0x24,0x00,0x24,0x00,0x24,0x00,0xFF,0xE0,0x00,0x00}},
  {0x6B64, {0x11,0x00,0x11,0x20,0x51,0x20,0x51,0x40,0x5D,0x80,0x51,0x00,0x51,0x00,0x51,0x00,0x51,0x20,0x5D,0x20,0xE0,0xE0,0x00,0x00}},
  {0x6B65, {0x24,0x00,0x27,0xC0,0x24,0x00,0x24,0x00,0xFF,0xE0,0x00,0x00,0x14,0x40,0x24,0x80,0x47,0x00,0x0C,0x00,0x70,0x00,0x00,0x00}},
  {0x6B66, {0x7D,0x40,0x01,0x20,0x01,0x00,0xFF,0xE0,0x11,0x00,0x11,0x00,0x5D,0x00,0x50,0x80,0x50,0xA0,0x5C,0x60,0xE0,0x20,0x00,0x00}},
  {0x6B67, {0x10,0x80,0x13,0xE0,0x58,0x80,0x50,0x80,0x57,0xE0,0x52,0x20,0x52,0x20,0x51,0x40,0x58,0x80,0xE1,0x40,0x06,0x20,0x00,0x00}},
  {0x6B6A, {0x04,0x00,0x0D,0x80,0x34,0x40,0xC4,0x20,0x00,0x00,0xFF,0xE0,0x04,0x00,0x27,0xC0,0x24,0x00,0x24,0x00,0xFF,0xE0,0x00,0x00}},
  {0x6B79, {0xFF,0xE0,0x08,0x00,0x10,0x00,0x1F,0xC0,0x20,0x40,0x50,0x80,0x88,0x80,0x09,0x00,0x06,0x00,0x18,0x00,0xE0,0x00,0x00,0x00}},
  {0x6B7B, {0xFF,0xE0,0x22,0x00,0x22,0x00,0x3A,0x20,0x4A,0x40,0xAA,0x80,0x13,0x00,0x12,0x00,0x22,0x20,0x42,0x20,0x81,0xE0,0x00,0x00}},
  {0x6B7C, {0xFB,0x80,0x20,0x80,0x20,0x80,0x38,0x80,0x4F,0xE0,0x48,0x80,0xA8,0x80,0x10,0x80,0x20,0x80,0x40,0x80,0x80,0x80,0x00,0x00}},
  {0x6B83, {0xF1,0x00,0x47,0xC0,0x45,0x40,0x75,0x40,0x55,0x40,0x55,0x40,0xBF,0xE0,0x11,0x00,0x22,0x80,0x44,0x40,0x88,0x20,0x00,0x00}},
  {0x6B89, {0xF7,0xE0,0x48,0x20,0x47,0xA0,0x74,0xA0,0x54,0xA0,0x57,0xA0,0xB4,0xA0,0x14,0xA0,0x27,0xA0,0x44,0x20,0x80,0xC0,0x00,0x00}},
  {0x6B8A, {0xF5,0x00,0x47,0xC0,0x49,0x00,0x71,0x00,0x5F,0xE0,0x51,0x00,0xB3,0x80,0x15,0x40,0x29,0x20,0x41,0x00,0x81,0x00,0x00,0x00}},
  {0x6B8B, {0xF9,0x20,0x21,0xE0,0x27,0x00,0x39,0x00,0x49,0xE0,0x4F,0x00,0xA9,0x40,0x11,0x80,0x21,0x20,0x42,0xA0,0x8C,0x60,0x00,0x00}},
  {0x6B96, {0xEF,0xE0,0x42,0x00,0x4F,0xC0,0x68,0x40,0xAF,0xC0,0xA8,0x40,0x6F,0xC0,0x28,0x40,0x4F,0xC0,0x48,0x40,0x9F,0xE0,0x00,0x00}},
  {0x6BB4, {0xFB,0xC0,0x82,0x40,0xAA,0x40,0xAC,0x60,0x90,0x00,0x93,0xC0,0xAA,0x40,0xAA,0x40,0x81,0x80,0xFA,0x40,0x04,0x20,0x00,0x00}},
  {0x6BB5, {0x62,0x40,0x42,0x40,0x74,0x60,0x40,0x00,0x77,0xC0,0x42,0x40,0x52,0x40,0x62,0x80,0xC1,0x00,0x42,0x80,0x4C,0x60,0x00,0x00}},
  {0x6BB7, {0x43,0xC0,0x7A,0x40,0x4A,0x40,0x7C,0x60,0x48,0x00,0x7B,0xC0,0x42,0x40,0x7A,0x40,0x49,0x80,0x4A,0x40,0x9C,0x20,0x00,0x00}},
  {0x6BBF, {0x7D,0xC0,0x45,0x40,0x7D,0x40,0x42,0x60,0x54,0x00,0x7F,0xC0,0x55,0x40,0x7F,0x40,0x40,0x80,0x55,0x40,0xA2,0x20,0x00,0x00}},
  {0x6BC1, {0x9B,0xC0,0x8A,0x40,0xDA,0x40,0x8C,0x60,0xF8,0x00,0x03,0xC0,0xFA,0x40,0x22,0x40,0x21,0x80,0x3A,0x40,0xE4,0x20,0x00,0x00}},
  {0x6BC5, {0xF9,0x40,0x89,0x40,0x52,0x60,0xFC,0x00,0x21,0xC0,0xD5,0x40,0x29,0x40,0xDD,0x40,0x28,0x80,0xC9,0x40,0x32,0x20,0x00,0x00}},
  {0x6BCD, {0x7F,0xC0,0x40,0x40,0x44,0x40,0x42,0x40,0xFF,0xE0,0x40,0x40,0x48,0x40,0x44,0x40,0x7F,0xE0,0x00,0x40,0x03,0x80,0x00,0x00}},
  {0x6BCF, {0x3F,0xE0,0x40,0x00,0xBF,0xC0,0x24,0x40,0x22,0x40,0xFF,0xE0,0x48,0x40,0x44,0x40,0x7F,0xE0,0x00,0x40,0x03,0x80,0x00,0x00}},
  {0x6BD2, {0xFF,0xE0,0x04,0x00,0x7F,0xC0,0x04,0x00,0xFF,0xE0,0x28,0x80,0xFF,0xE0,0x44,0x80,0x7F,0xC0,0x00,0x80,0x07,0x00,0x00,0x00}},
  {0x6BD4, {0x42,0x00,0x42,0x20,0x42,0x40,0x7A,0x80,0x43,0x00,0x42,0x00,0x42,0x00,0x4A,0x00,0x52,0x20,0x62,0x20,0x41,0xE0,0x00,0x00}},
  {0x6BD5, {0x42,0x80,0x7B,0x00,0x42,0x20,0x5A,0x20,0x61,0xE0,0x04,0x00,0x04,0x00,0xFF,0xE0,0x04,0x00,0x04,0x00,0x04,0x00,0x00,0x00}},
  {0x6BD9, {0x7A,0x80,0x43,0x00,0x5A,0x20,0x61,0xE0,0x00,0x00,0xFF,0xE0,0x22,0x00,0x7A,0x40,0xCB,0x80,0x32,0x20,0xC1,0xE0,0x00,0x00}},
  {0x6BDB, {0x7C,0x00,0x04,0x00,0x07,0x80,0x3C,0x00,0x04,0x00,0x07,0xE0,0xFC,0x00,0x04,0x00,0x04,0x20,0x04,0x20,0x03,0xE0,0x00,0x00}},
  {0x6BE1, {0xE1,0x00,0x21,0xE0,0x31,0x00,0xE1,0x00,0x27,0xC0,0x24,0x40,0x34,0x40,0xE4,0x40,0x27,0xC0,0x20,0x20,0x1F,0xE0,0x00,0x00}},
  {0x6BEB, {0xFF,0xE0,0x00,0x00,0x3F,0x80,0x20,0x80,0xFF,0xE0,0x83,0x20,0x3C,0x00,0x07,0x80,0x3C,0x00,0x07,0x20,0x7B,0xE0,0x00,0x00}},
  {0x6BEF, {0xE5,0x40,0x29,0x00,0x32,0x80,0xE4,0x40,0x21,0x00,0x25,0x40,0x35,0x80,0xE9,0x00,0x22,0x80,0x24,0x60,0x1F,0xE0,0x00,0x00}},
  {0x6C0F, {0x7E,0x00,0x42,0x00,0x42,0x00,0x42,0x00,0x7F,0xE0,0x42,0x00,0x41,0x00,0x41,0x20,0x50,0xA0,0x60,0x60,0x40,0x20,0x00,0x00}},
  {0x6C11, {0x40,0x40,0x40,0x40,0x7F,0xC0,0x42,0x00,0x42,0x00,0x7F,0xE0,0x42,0x00,0x41,0x00,0x50,0xA0,0x60,0x60,0x40,0x20,0x00,0x00}},
  {0x6C13, {0x24,0x20,0x04,0x20,0xF7,0xE0,0x44,0x80,0x44,0x80,0x47,0xE0,0x44,0x80,0x44,0x80,0x44,0xA0,0x76,0x60,0x04,0x20,0x00,0x00}},
  {0x6C14, {0x3F,0xE0,0x40,0x00,0xBF,0xC0,0x00,0x00,0x7F,0x80,0x00,0x80,0x00,0x80,0x00,0x80,0x00,0xA0,0x00,0x60,0x00,0x20,0x00,0x00}},
  {0x6C1B, {0x3F,0xE0,0x40,0x00,0xBF,0xC0,0x00,0x00,0x7F,0x80,0x24,0x80,0x42,0x80,0xBD,0x80,0x14,0xA0,0x24,0x60,0x4C,0x20,0x00,0x00}},
  {0x6C22, {0x40,0x00,0xBF,0x80,0x00,0x00,0x7F,0x80,0x00,0x80,0x7C,0x80,0x18,0x80,0xE6,0x80,0x7C,0xA0,0x10,0x60,0xFE,0x20,0x00,0x00}},
  {0x6C27, {0x3F,0xE0,0x40,0x00,0xBF,0x80,0x14,0x80,0x7F,0x80,0x08,0x80,0x3E,0x80,0x08,0x80,0xFF,0xA0,0x08,0x60,0x08,0x20,0x00,0x00}},
  {0x6C28, {0x40,0x00,0xBF,0x80,0x00,0x00,0x7F,0x80,0x08,0x80,0xFF,0x80,0x91,0x80,0x7E,0x80,0x24,0xA0,0x18,0x60,0x66,0x20,0x00,0x00}},
  {0x6C2E, {0x40,0x00,0xBF,0x80,0x00,0x00,0x7F,0x80,0x2A,0x80,0x4C,0x80,0x12,0x80,0x68,0x80,0x2A,0xA0,0x14,0x60,0x62,0x20,0x00,0x00}},
  {0x6C2F, {0x40,0x00,0xBF,0x80,0x00,0x00,0x7F,0x80,0x02,0x80,0x7E,0x80,0x02,0x80,0xFF,0x80,0x49,0xA0,0x2A,0x60,0x59,0x20,0x00,0x00}},
  {0x6C34, {0x04,0x00,0x04,0x20,0x76,0x40,0x16,0x80,0x15,0x00,0x15,0x00,0x24,0x80,0x24,0x80,0x44,0x40,0x84,0x20,0x1C,0x00,0x00,0x00}},
  {0x6C38, {0x03,0x00,0x3C,0x00,0x04,0x00,0x06,0x20,0xF6,0x40,0x15,0x80,0x25,0x00,0x24,0x80,0x44,0x40,0x84,0x20,0x0C,0x00,0x00,0x00}},
  {0x6C41, {0x22,0x00,0x02,0x00,0x02,0x00,0x82,0x00,0x5F,0xE0,0x02,0x00,0x02,0x00,0x22,0x00,0x42,0x00,0x82,0x00,0x02,0x00,0x00,0x00}},
  {0x6C42, {0x04,0x40,0xFF,0xE0,0x04,0x00,0x46,0x40,0x26,0x80,0x0D,0x00,0x15,0x00,0x24,0x80,0xC4,0x40,0x04,0x20,0x0C,0x00,0x00,0x00}},
  {0x6C47, {0x5F,0xE0,0x10,0x00,0x10,0x00,0x90,0x00,0x50,0x00,0x10,0x00,0x10,0x00,0x30,0x00,0x50,0x00,0x90,0x00,0x1F,0xE0,0x00,0x00}},
  {0x6C49, {0x5F,0xC0,0x08,0x40,0x08,0x40,0x88,0x40,0x48,0x80,0x04,0x80,0x05,0x00,0x22,0x00,0x45,0x00,0x88,0x80,0x30,0x60,0x00,0x00}},
  {0x6C57, {0x5F,0xC0,0x02,0x00,0x02,0x00,0x82,0x00,0x42,0x00,0x3F,0xE0,0x02,0x00,0x22,0x00,0x42,0x00,0x82,0x00,0x02,0x00,0x00,0x00}},
  {0x6C5B, {0xBF,0x80,0x48,0x80,0x08,0x80,0x08,0x80,0xBF,0x80,0x48,0x80,0x08,0xA0,0x28,0xA0,0x48,0xA0,0x88,0x60,0x08,0x20,0x00,0x00}},
  {0x6C5E, {0x04,0x00,0x04,0x00,0xFF,0xE0,0x00,0x00,0x04,0x00,0x04,0x40,0xF6,0x80,0x15,0x00,0x24,0x80,0xC4,0x60,0x0C,0x00,0x00,0x00}},
  {0x6C5F, {0x9F,0xC0,0x42,0x00,0x02,0x00,0x02,0x00,0x82,0x00,0x42,0x00,0x02,0x00,0x22,0x00,0x42,0x00,0x82,0x00,0x3F,0xE0,0x00,0x00}},
  {0x6C60, {0x82,0x00,0x52,0xC0,0x13,0x40,0x16,0x40,0x9A,0x40,0x72,0x40,0x12,0x40,0x12,0xC0,0x52,0x00,0x90,0x20,0x0F,0xE0,0x00,0x00}},
  {0x6C61, {0x5F,0xC0,0x00,0x00,0x00,0x00,0xBF,0xE0,0x44,0x00,0x08,0x00,0x0F,0xC0,0x20,0x40,0x40,0x40,0x80,0x40,0x01,0x80,0x00,0x00}},
  {0x6C64, {0x9F,0xC0,0x40,0x80,0x03,0x00,0x0C,0x00,0x9F,0xE0,0x44,0xA0,0x04,0xA0,0x09,0x20,0x49,0x20,0x92,0x20,0x04,0xC0,0x00,0x00}},
  {0x6C6A, {0x9F,0xC0,0x42,0x00,0x02,0x00,0x02,0x00,0x82,0x00,0x5F,0xC0,0x02,0x00,0x22,0x00,0x42,0x00,0x82,0x00,0x3F,0xE0,0x00,0x00}},
  {0x6C70, {0x22,0x00,0x02,0x00,0x3F,0xE0,0x82,0x00,0x45,0x00,0x05,0x00,0x05,0x00,0x28,0x80,0x4C,0x80,0x92,0x40,0x20,0x20,0x00,0x00}},
  {0x6C79, {0x48,0x80,0x05,0x00,0x25,0x20,0xA2,0x20,0x62,0x20,0x25,0x20,0x24,0xA0,0x28,0xA0,0x60,0x20,0xBF,0xE0,0x00,0x20,0x00,0x00}},
  {0x6C7D, {0x8F,0xC0,0x50,0x00,0x2F,0x80,0x00,0x00,0x9F,0x80,0x40,0x80,0x00,0x80,0x00,0xA0,0x40,0xA0,0x80,0x60,0x00,0x20,0x00,0x00}},
  {0x6C83, {0x5E,0x00,0x02,0x00,0x02,0x00,0x82,0x00,0x5F,0xE0,0x05,0x00,0x05,0x00,0x28,0x80,0x48,0x80,0x90,0x40,0x20,0x20,0x00,0x00}},
  {0x6C88, {0x82,0x00,0x5F,0xE0,0x12,0x20,0x12,0x20,0x82,0x00,0x45,0x00,0x05,0x00,0x09,0x00,0x49,0x20,0x91,0x20,0x20,0xE0,0x00,0x00}},
  {0x6C89, {0x4F,0xE0,0x28,0x20,0x00,0x00,0x87,0x80,0x44,0x80,0x04,0x80,0x04,0x80,0x24,0x80,0x44,0xA0,0x88,0xA0,0x10,0x60,0x00,0x00}},
  {0x6C90, {0x82,0x00,0x42,0x00,0x1F,0xC0,0x02,0x00,0x87,0x00,0x47,0x00,0x0A,0x80,0x0A,0x80,0x52,0x40,0xA2,0x20,0x02,0x00,0x00,0x00}},
  {0x6C99, {0x21,0x00,0x05,0x40,0x05,0x20,0x89,0x20,0x49,0x20,0x11,0x00,0x01,0x20,0x20,0x40,0x41,0x80,0x86,0x00,0x38,0x00,0x00,0x00}},
  {0x6C9B, {0x42,0x00,0x3F,0xE0,0x02,0x00,0x82,0x00,0x5F,0xC0,0x12,0x40,0x12,0x40,0x12,0x40,0x52,0x40,0x92,0xC0,0x02,0x00,0x00,0x00}},
  {0x6C9F, {0x24,0x00,0x07,0xE0,0x08,0x20,0x92,0x20,0x42,0x20,0x04,0x20,0x09,0x20,0x2F,0xA0,0x40,0xA0,0x80,0x20,0x00,0xC0,0x00,0x00}},
  {0x6CA1, {0x28,0x80,0x08,0x80,0x10,0x60,0x80,0x00,0x5F,0xC0,0x08,0x40,0x08,0x80,0x25,0x00,0x42,0x00,0x8D,0x80,0x30,0x60,0x00,0x00}},
  {0x6CA5, {0x9F,0xE0,0x50,0x00,0x11,0x00,0x11,0x00,0x97,0xE0,0x51,0x20,0x11,0x20,0x12,0x20,0x52,0x20,0xA4,0x20,0x48,0xC0,0x00,0x00}},
  {0x6CA6, {0x22,0x00,0x05,0x00,0x08,0x80,0x90,0x60,0x48,0x00,0x08,0x80,0x0B,0x00,0x2C,0x00,0x48,0x40,0x88,0x40,0x07,0xC0,0x00,0x00}},
  {0x6CA7, {0x22,0x00,0x05,0x00,0x08,0x80,0x90,0x60,0x4F,0x80,0x08,0x80,0x08,0x80,0x2B,0x00,0x48,0x20,0x88,0x20,0x07,0xE0,0x00,0x00}},
  {0x6CAA, {0x21,0x00,0x0F,0xE0,0x08,0x20,0x88,0x20,0x48,0x20,0x0F,0xE0,0x08,0x20,0x28,0x00,0x50,0x00,0x90,0x00,0x20,0x00,0x00,0x00}},
  {0x6CAB, {0x82,0x00,0x5F,0xE0,0x02,0x00,0x02,0x00,0x8F,0xC0,0x42,0x00,0x07,0x00,0x0A,0x80,0x52,0x40,0xA2,0x20,0x02,0x00,0x00,0x00}},
  {0x6CAE, {0x4F,0xC0,0x28,0x40,0x08,0x40,0x8F,0xC0,0x48,0x40,0x08,0x40,0x0F,0xC0,0x28,0x40,0x48,0x40,0x88,0x40,0x3F,0xE0,0x00,0x00}},
  {0x6CB3, {0x4F,0xE0,0x20,0x40,0x00,0x40,0x8F,0x40,0x49,0x40,0x09,0x40,0x09,0x40,0x2F,0x40,0x48,0x40,0x80,0x40,0x01,0xC0,0x00,0x00}},
  {0x6CB8, {0x9F,0xC0,0x45,0x40,0x05,0x40,0x1F,0xC0,0x95,0x00,0x55,0x00,0x1F,0xE0,0x05,0x20,0x45,0x20,0x89,0xC0,0x11,0x00,0x00,0x00}},
  {0x6CB9, {0x41,0x00,0x2F,0xE0,0x09,0x20,0x89,0x20,0x49,0x20,0x0F,0xE0,0x09,0x20,0x29,0x20,0x49,0x20,0x8F,0xE0,0x08,0x20,0x00,0x00}},
  {0x6CBB, {0x42,0x00,0x24,0x00,0x08,0x40,0x9F,0xE0,0x40,0x20,0x0F,0xC0,0x08,0x40,0x28,0x40,0x48,0x40,0x8F,0xC0,0x08,0x40,0x00,0x00}},
  {0x6CBC, {0x9F,0xE0,0x44,0x20,0x04,0x20,0x08,0x20,0x88,0xC0,0x50,0x00,0x0F,0xE0,0x28,0x20,0x48,0x20,0x8F,0xE0,0x08,0x20,0x00,0x00}},
  {0x6CBD, {0x22,0x00,0x02,0x00,0x3F,0xE0,0x82,0x00,0x42,0x00,0x1F,0xC0,0x10,0x40,0x30,0x40,0x50,0x40,0x9F,0xC0,0x10,0x40,0x00,0x00}},
  {0x6CBE, {0x22,0x00,0x02,0x00,0x03,0xE0,0x82,0x00,0x42,0x00,0x1F,0xC0,0x10,0x40,0x30,0x40,0x50,0x40,0x9F,0xC0,0x10,0x40,0x00,0x00}},
  {0x6CBF, {0x28,0x80,0x08,0x80,0x08,0x80,0x90,0x60,0x40,0x00,0x1F,0xC0,0x10,0x40,0x30,0x40,0x50,0x40,0x9F,0xC0,0x10,0x40,0x00,0x00}},
  {0x6CC4, {0x52,0x40,0x12,0x40,0x12,0x40,0xBF,0xE0,0x52,0x40,0x12,0x40,0x12,0x40,0x13,0xC0,0x50,0x00,0x90,0x00,0x1F,0xE0,0x00,0x00}},
  {0x6CC9, {0x7F,0xC0,0x40,0x40,0x7F,0xC0,0x40,0x40,0x7F,0xC0,0x04,0x40,0xF6,0x80,0x15,0x00,0x24,0x80,0xC4,0x60,0x0C,0x00,0x00,0x00}},
  {0x6CCA, {0x84,0x00,0x5F,0xE0,0x10,0x20,0x10,0x20,0x90,0x20,0x5F,0xE0,0x10,0x20,0x10,0x20,0x50,0x20,0x9F,0xE0,0x10,0x20,0x00,0x00}},
  {0x6CCC, {0x42,0x00,0x21,0x40,0x04,0x40,0x04,0x80,0x94,0x80,0x55,0x40,0x15,0x20,0x26,0x20,0x04,0x00,0x4C,0x40,0x93,0xC0,0x00,0x00}},
  {0x6CD5, {0x22,0x00,0x02,0x00,0x1F,0xC0,0x82,0x00,0x42,0x00,0x3F,0xE0,0x04,0x00,0x24,0x80,0x48,0x40,0x9F,0xE0,0x00,0x20,0x00,0x00}},
  {0x6CDB, {0x4E,0x00,0x20,0x00,0x02,0x00,0x81,0x00,0x4F,0xC0,0x00,0x80,0x01,0x00,0x22,0x00,0x44,0x00,0x8A,0x00,0x11,0xE0,0x00,0x00}},
  {0x6CDE, {0x81,0x00,0x5F,0xE0,0x10,0x20,0x00,0x00,0x9F,0xE0,0x41,0x00,0x01,0x00,0x21,0x00,0x41,0x00,0x81,0x00,0x07,0x00,0x00,0x00}},
  {0x6CE1, {0x88,0x00,0x4F,0xC0,0x10,0x40,0x2F,0x40,0x89,0x40,0x49,0x40,0x0F,0x40,0x28,0xC0,0x48,0x20,0x88,0x20,0x07,0xE0,0x00,0x00}},
  {0x6CE2, {0x81,0x00,0x5F,0xE0,0x11,0x20,0x11,0x00,0x9F,0xC0,0x54,0x40,0x14,0x40,0x12,0x80,0x51,0x00,0x92,0x80,0x2C,0x60,0x00,0x00}},
  {0x6CE3, {0x81,0x00,0x40,0x00,0x1F,0xE0,0x00,0x00,0x80,0x40,0x48,0x40,0x04,0x40,0x24,0x80,0x44,0x80,0x81,0x00,0x3F,0xE0,0x00,0x00}},
  {0x6CE5, {0x2F,0xE0,0x08,0x20,0x08,0x20,0x8F,0xE0,0x48,0x00,0x0A,0x40,0x0A,0x80,0x2B,0x00,0x4A,0x20,0x92,0x20,0x21,0xE0,0x00,0x00}},
  {0x6CE8, {0x82,0x00,0x40,0x00,0x1F,0xC0,0x02,0x00,0x82,0x00,0x42,0x00,0x1F,0xC0,0x02,0x00,0x42,0x00,0x82,0x00,0x3F,0xE0,0x00,0x00}},
  {0x6CEA, {0x4F,0xE0,0x28,0x20,0x08,0x20,0x8F,0xE0,0x48,0x20,0x08,0x20,0x0F,0xE0,0x28,0x20,0x48,0x20,0x8F,0xE0,0x08,0x20,0x00,0x00}},
  {0x6CF0, {0x7F,0xC0,0x08,0x00,0x3F,0x80,0x10,0x00,0xFF,0xE0,0x24,0x80,0x44,0x40,0xAE,0xA0,0x15,0x00,0x24,0x80,0xCC,0x60,0x00,0x00}},
  {0x6CF3, {0x81,0x80,0x40,0x00,0x1E,0x00,0x03,0x00,0xBB,0x20,0x4B,0x40,0x0A,0x80,0x12,0x80,0x52,0x40,0xA2,0x20,0x06,0x00,0x00,0x00}},
  {0x6CF5, {0x10,0x00,0x3F,0xC0,0x60,0x40,0xA0,0x40,0x3F,0xC0,0x04,0x40,0xF6,0x80,0x15,0x00,0x24,0x80,0xC4,0x60,0x0C,0x00,0x00,0x00}},
  {0x6CFB, {0x54,0x20,0x04,0x00,0x07,0xE0,0x84,0x00,0x48,0x00,0x0F,0xE0,0x00,0x20,0x20,0x20,0x5F,0xA0,0x80,0x20,0x01,0xC0,0x00,0x00}},
  {0x6CFC, {0x92,0x20,0x52,0x00,0x1F,0xE0,0x04,0x00,0x84,0x00,0x47,0xE0,0x0A,0x20,0x09,0x40,0x50,0x80,0x91,0x40,0x26,0x20,0x00,0x00}},
  {0x6CFD, {0x48,0x80,0x05,0x00,0x02,0x00,0x0D,0x80,0xB2,0x60,0x42,0x00,0x1F,0xC0,0x02,0x00,0x3F,0xE0,0x42,0x00,0x82,0x00,0x00,0x00}},
  {0x6D01, {0x82,0x00,0x5F,0xE0,0x02,0x00,0x02,0x00,0x9F,0xC0,0x40,0x00,0x1F,0xC0,0x10,0x40,0x50,0x40,0x9F,0xC0,0x10,0x40,0x00,0x00}},
  {0x6D0B, {0x85,0x00,0x5F,0xC0,0x02,0x00,0x02,0x00,0x9F,0xC0,0x42,0x00,0x02,0x00,0x3F,0xE0,0x42,0x00,0x82,0x00,0x02,0x00,0x00,0x00}},
  {0x6D12, {0x9F,0xE0,0x44,0x80,0x04,0x80,0x1F,0xE0,0x94,0xA0,0x54,0xA0,0x14,0xE0,0x18,0x20,0x50,0x20,0x9F,0xE0,0x10,0x20,0x00,0x00}},
  {0x6D17, {0x8A,0x00,0x4A,0x00,0x0F,0xC0,0x12,0x00,0x82,0x00,0x5F,0xE0,0x09,0x00,0x09,0x00,0x49,0x00,0x91,0x20,0x20,0xE0,0x00,0x00}},
  {0x6D1B, {0x27,0xC0,0x08,0x40,0x14,0x80,0x83,0x00,0x5C,0xE0,0x00,0x00,0x0F,0xC0,0x28,0x40,0x48,0x40,0x8F,0xC0,0x08,0x40,0x00,0x00}},
  {0x6D1E, {0x9F,0xE0,0x50,0x20,0x17,0xA0,0x10,0x20,0x97,0xA0,0x54,0xA0,0x14,0xA0,0x17,0xA0,0x50,0x20,0x90,0x20,0x10,0x60,0x00,0x00}},
  {0x6D25, {0x8F,0xC0,0x42,0x40,0x1F,0xE0,0x02,0x40,0x8F,0xC0,0x42,0x00,0x0F,0xC0,0x22,0x00,0x5F,0xE0,0x82,0x00,0x02,0x00,0x00,0x00}},
  {0x6D2A, {0x24,0x80,0x04,0x80,0x0F,0xC0,0x84,0x80,0x44,0x80,0x04,0x80,0x1F,0xE0,0x20,0x00,0x44,0x80,0x88,0x40,0x10,0x20,0x00,0x00}},
  {0x6D32, {0x89,0x20,0x49,0x20,0x09,0x20,0x1D,0xA0,0xAB,0x60,0x49,0x20,0x09,0x20,0x29,0x20,0x49,0x20,0x91,0x20,0x20,0x20,0x00,0x00}},
  {0x6D3B, {0x9E,0x00,0x42,0x00,0x02,0x00,0x3F,0xE0,0x82,0x00,0x42,0x00,0x1F,0xC0,0x30,0x40,0x50,0x40,0x9F,0xC0,0x10,0x40,0x00,0x00}},
  {0x6D3C, {0x82,0x00,0x5F,0xC0,0x02,0x00,0x02,0x00,0xBF,0xE0,0x40,0x00,0x02,0x00,0x3F,0xC0,0x42,0x00,0x82,0x00,0x3F,0xE0,0x00,0x00}},
  {0x6D3D, {0x82,0x00,0x45,0x00,0x08,0x80,0x10,0x40,0xAF,0xA0,0x40,0x00,0x1F,0xC0,0x10,0x40,0x50,0x40,0x9F,0xC0,0x10,0x40,0x00,0x00}},
  {0x6D3E, {0x4F,0x00,0x28,0x40,0x0B,0x80,0x8A,0x80,0x4A,0xA0,0x0A,0xC0,0x0A,0x80,0x2A,0x80,0x4A,0x40,0x8B,0x40,0x12,0x20,0x00,0x00}},
  {0x6D41, {0x81,0x00,0x5F,0xE0,0x04,0x00,0x08,0x40,0x9F,0xE0,0x40,0x20,0x0A,0x80,0x0A,0x80,0x4A,0xA0,0x92,0xA0,0x22,0x60,0x00,0x00}},
  {0x6D45, {0x42,0x40,0x22,0xE0,0x0F,0x00,0x82,0x00,0x42,0xE0,0x1F,0x00,0x02,0x40,0x21,0x80,0x41,0x20,0x86,0xA0,0x18,0x60,0x00,0x00}},
  {0x6D46, {0x91,0xE0,0x52,0x20,0x15,0x40,0x50,0x80,0x97,0x00,0x04,0x40,0xF6,0x80,0x15,0x00,0x24,0x80,0xC4,0x60,0x0C,0x00,0x00,0x00}},
  {0x6D47, {0x83,0xE0,0x5E,0x40,0x02,0x80,0x01,0x20,0x8E,0xE0,0x40,0x00,0x1F,0xE0,0x04,0x80,0x44,0x80,0x88,0xA0,0x10,0x60,0x00,0x00}},
  {0x6D4A, {0x22,0x00,0x02,0x00,0x1F,0xC0,0x92,0x40,0x52,0x40,0x12,0x40,0x1F,0xC0,0x22,0x00,0x42,0x40,0xBF,0xE0,0x00,0x20,0x00,0x00}},
  {0x6D4B, {0xBE,0x20,0x62,0xA0,0x2A,0xA0,0x2A,0xA0,0xAA,0xA0,0x6A,0xA0,0x2A,0xA0,0x2A,0xA0,0x48,0x20,0x94,0x20,0x22,0x60,0x00,0x00}},
  {0x6D4E, {0x81,0x00,0x5F,0xE0,0x04,0x80,0x03,0x00,0x84,0x80,0x58,0x60,0x04,0x80,0x04,0x80,0x44,0x80,0x88,0x80,0x10,0x80,0x00,0x00}},
  {0x6D51, {0x52,0x20,0x02,0x00,0x1F,0xE0,0x84,0x00,0x49,0x00,0x0F,0xC0,0x01,0x00,0x21,0x00,0x5F,0xE0,0x81,0x00,0x01,0x00,0x00,0x00}},
  {0x6D53, {0x81,0x00,0x5F,0xE0,0x12,0x20,0x02,0x00,0x85,0x20,0x4D,0x40,0x14,0x80,0x04,0x80,0x44,0x40,0x86,0x20,0x04,0x00,0x00,0x00}},
  {0x6D59, {0x49,0xC0,0x09,0x00,0x3D,0x00,0x89,0xE0,0x49,0x40,0x0D,0x40,0x39,0x40,0x09,0x40,0x49,0x40,0x89,0x40,0x1A,0x40,0x00,0x00}},
  {0x6D66, {0x42,0x40,0x3F,0xE0,0x02,0x00,0x9F,0xC0,0x52,0x40,0x1F,0xC0,0x12,0x40,0x3F,0xC0,0x52,0x40,0x92,0x40,0x10,0xC0,0x00,0x00}},
  {0x6D69, {0x89,0x00,0x4F,0xC0,0x11,0x00,0x01,0x00,0x9F,0xE0,0x40,0x00,0x0F,0xC0,0x28,0x40,0x48,0x40,0x8F,0xC0,0x08,0x40,0x00,0x00}},
  {0x6D6A, {0x82,0x00,0x5F,0xC0,0x10,0x40,0x1F,0xC0,0x90,0x40,0x5F,0xC0,0x12,0x00,0x32,0x20,0x51,0x40,0x94,0x80,0x18,0x60,0x00,0x00}},
  {0x6D6E, {0x2F,0x00,0x02,0x20,0x09,0x40,0x84,0x00,0x4F,0xC0,0x00,0x80,0x01,0x00,0x2F,0xE0,0x41,0x00,0x81,0x00,0x03,0x00,0x00,0x00}},
  {0x6D74, {0x50,0x40,0x22,0x20,0x05,0x00,0x88,0x80,0x50,0x60,0x00,0x00,0x1F,0xC0,0x10,0x40,0x50,0x40,0x9F,0xC0,0x10,0x40,0x00,0x00}},
  {0x6D77, {0x4F,0xE0,0x10,0x00,0x2F,0xC0,0x88,0x40,0x4A,0x40,0x3F,0xE0,0x10,0x40,0x12,0x40,0x5F,0xE0,0x80,0x40,0x01,0x80,0x00,0x00}},
  {0x6D78, {0x40,0x40,0x07,0xC0,0x00,0x40,0x8F,0xC0,0x40,0x00,0x1F,0xE0,0x10,0x20,0x0F,0xC0,0x44,0x40,0x83,0x80,0x1C,0x60,0x00,0x00}},
  {0x6D82, {0x85,0x00,0x48,0x80,0x10,0x60,0x0F,0x80,0x82,0x00,0x5F,0xC0,0x02,0x00,0x0A,0x80,0x52,0x40,0xA2,0x40,0x06,0x00,0x00,0x00}},
  {0x6D88, {0x49,0x20,0x25,0x40,0x01,0x00,0x8F,0xE0,0x48,0x20,0x0F,0xE0,0x08,0x20,0x2F,0xE0,0x48,0x20,0x88,0x20,0x08,0x60,0x00,0x00}},
  {0x6D89, {0x49,0xC0,0x29,0x00,0x09,0x00,0x9F,0xE0,0x40,0x00,0x01,0x00,0x09,0x20,0x29,0x40,0x50,0x80,0x83,0x00,0x1C,0x00,0x00,0x00}},
  {0x6D8C, {0x20,0x40,0x02,0x80,0x01,0x00,0x8F,0xE0,0x49,0x20,0x0F,0xE0,0x09,0x20,0x2F,0xE0,0x49,0x20,0x89,0x20,0x08,0x60,0x00,0x00}},
  {0x6D8E, {0x5B,0x80,0x08,0x80,0x08,0x80,0x92,0xE0,0x52,0x80,0x1A,0x80,0x0A,0x80,0x0B,0xE0,0x68,0x00,0x90,0x00,0x2F,0xE0,0x00,0x00}},
  {0x6D95, {0x85,0x00,0x5F,0xC0,0x02,0x40,0x1F,0xC0,0x92,0x00,0x5F,0xE0,0x06,0x20,0x0A,0x20,0x52,0xC0,0xA2,0x00,0x02,0x00,0x00,0x00}},
  {0x6D9B, {0x9F,0xE0,0x42,0x00,0x0F,0xC0,0x04,0x00,0x9F,0xE0,0x44,0x40,0x0F,0xE0,0x0A,0x40,0x51,0x40,0x90,0x40,0x20,0xC0,0x00,0x00}},
  {0x6D9D, {0x9F,0xE0,0x44,0x80,0x00,0x00,0x1F,0xE0,0x92,0x20,0x42,0x00,0x1F,0xE0,0x02,0x20,0x44,0x20,0x88,0x20,0x10,0xC0,0x00,0x00}},
  {0x6DA1, {0x90,0x40,0x50,0x40,0x1F,0xC0,0x02,0x00,0xBF,0xE0,0x62,0x20,0x25,0x20,0x28,0xA0,0x60,0x20,0xA0,0x20,0x20,0x60,0x00,0x00}},
  {0x6DA3, {0x8F,0x80,0x50,0x80,0x21,0x00,0x1F,0xC0,0x92,0x40,0x52,0x40,0x12,0x40,0x3F,0xE0,0x45,0x00,0x88,0x80,0x30,0x60,0x00,0x00}},
  {0x6DA4, {0x8F,0x80,0x58,0x80,0x07,0x00,0x08,0x80,0xB2,0x60,0x42,0x00,0x1F,0xC0,0x02,0x00,0x4A,0x80,0x92,0x40,0x26,0x20,0x00,0x00}},
  {0x6DA6, {0x90,0x20,0x40,0x20,0x2F,0xA0,0x22,0x20,0xA2,0x20,0x6F,0xA0,0x22,0x20,0x22,0x20,0x6F,0xA0,0xA0,0x20,0x20,0xE0,0x00,0x00}},
  {0x6DA7, {0x8B,0xE0,0x40,0x20,0x17,0xA0,0x14,0xA0,0x94,0xA0,0x57,0xA0,0x14,0xA0,0x14,0xA0,0x57,0xA0,0x90,0x20,0x10,0xE0,0x00,0x00}},
  {0x6DA8, {0xBA,0x40,0x4A,0x80,0x0B,0x00,0x3A,0x00,0xA7,0xE0,0x62,0x80,0x3A,0x80,0x0A,0x40,0x4A,0x40,0x8B,0x20,0x32,0x00,0x00,0x00}},
  {0x6DA9, {0x9F,0xC0,0x44,0x40,0x14,0x40,0x24,0x40,0x89,0x80,0x52,0x00,0x02,0x00,0x13,0xC0,0x52,0x00,0x92,0x00,0x3F,0xE0,0x00,0x00}},
  {0x6DAE, {0xA2,0x20,0x62,0xA0,0x3E,0xA0,0x28,0xA0,0xBE,0xA0,0x6A,0xA0,0x2A,0xA0,0x2A,0xA0,0x6E,0x20,0xA8,0x20,0x48,0xE0,0x00,0x00}},
  {0x6DAF, {0x9F,0xE0,0x51,0x00,0x11,0x00,0x17,0xC0,0x91,0x00,0x5F,0xE0,0x10,0x00,0x11,0x00,0x57,0xC0,0x91,0x00,0x2F,0xE0,0x00,0x00}},
  {0x6DB2, {0x82,0x00,0x5F,0xE0,0x0A,0x00,0x0B,0xC0,0x92,0x40,0x55,0x40,0x34,0x80,0x1A,0x80,0x51,0x00,0x92,0x80,0x14,0x60,0x00,0x00}},
  {0x6DB5, {0x40,0x80,0x01,0x00,0x22,0x20,0xAA,0xA0,0x67,0x20,0x22,0x20,0x27,0x20,0x2A,0xA0,0x62,0x20,0xA6,0x20,0x3F,0xE0,0x00,0x00}},
  {0x6DC0, {0x81,0x00,0x5F,0xE0,0x10,0x20,0x00,0x00,0x9F,0xE0,0x41,0x00,0x09,0x00,0x09,0xC0,0x49,0x00,0x95,0x00,0x23,0xE0,0x00,0x00}},
  {0x6DC6, {0x47,0x80,0x0A,0x40,0x1F,0xE0,0x84,0x00,0x4F,0xC0,0x18,0x40,0x2F,0xC0,0x08,0x40,0x4F,0xC0,0x88,0x40,0x08,0xC0,0x00,0x00}},
  {0x6DCB, {0x48,0x80,0x08,0x80,0x3D,0xE0,0x88,0x80,0x58,0x80,0x1D,0xC0,0x29,0xA0,0x0A,0x80,0x48,0x80,0x88,0x80,0x08,0x80,0x00,0x00}},
  {0x6DCC, {0x49,0x20,0x25,0x40,0x01,0x00,0x8F,0xE0,0x48,0x20,0x0B,0xA0,0x0A,0xA0,0x2A,0xA0,0x4B,0xA0,0x88,0x20,0x08,0x60,0x00,0x00}},
  {0x6DD1, {0x8B,0xC0,0x4D,0x40,0x09,0x40,0x3F,0x40,0x81,0x40,0x49,0x40,0x09,0x40,0x1C,0x80,0x6A,0x80,0x89,0x40,0x1A,0x20,0x00,0x00}},
  {0x6DD8, {0x8F,0xE0,0x54,0x20,0x27,0xA0,0x0A,0x20,0x82,0x20,0x5F,0xA0,0x02,0x20,0x2A,0xA0,0x4F,0xA0,0x80,0x20,0x00,0xC0,0x00,0x00}},
  {0x6DE1, {0x45,0x20,0x25,0x40,0x09,0x00,0x82,0xC0,0x4C,0x20,0x01,0x00,0x05,0x20,0x29,0x40,0x42,0x80,0x84,0x40,0x18,0x20,0x00,0x00}},
  {0x6DE4, {0x88,0x80,0x41,0x40,0x3D,0x40,0x12,0x20,0x90,0x80,0x5C,0x40,0x14,0x40,0x15,0x00,0x54,0x80,0x94,0x40,0x2C,0x40,0x00,0x00}},
  {0x6DEB, {0xBE,0x00,0x44,0x40,0x12,0x80,0x09,0xC0,0x9E,0x00,0x42,0x00,0x02,0x00,0x3F,0xE0,0x42,0x00,0x82,0x00,0x1F,0xC0,0x00,0x00}},
  {0x6DEE, {0x24,0x80,0x0F,0xE0,0x09,0x00,0x99,0x00,0x4F,0xC0,0x09,0x00,0x09,0x00,0x2F,0xC0,0x49,0x00,0x89,0x00,0x0F,0xE0,0x00,0x00}},
  {0x6DF1, {0xBF,0xE0,0x65,0x20,0x08,0x80,0x12,0x40,0x82,0x00,0x5F,0xE0,0x02,0x00,0x07,0x00,0x4A,0x80,0xB2,0x60,0x02,0x00,0x00,0x00}},
  {0x6DF3, {0x9F,0xE0,0x40,0x00,0x0F,0xC0,0x08,0x40,0x8F,0xC0,0x40,0x00,0x0F,0xC0,0x20,0x80,0x5F,0xE0,0x81,0x00,0x03,0x00,0x00,0x00}},
  {0x6DF7, {0x28,0x40,0x0F,0xC0,0x08,0x40,0x8F,0xC0,0x40,0x00,0x08,0x80,0x08,0xA0,0x2E,0xC0,0x48,0x80,0x8A,0xA0,0x0C,0x60,0x00,0x00}},
  {0x6DF9, {0xBF,0xE0,0x45,0x00,0x08,0x80,0x12,0x40,0xBF,0xE0,0x52,0x40,0x1F,0xC0,0x12,0x40,0x5F,0xC0,0x92,0x20,0x01,0xE0,0x00,0x00}},
  {0x6DFB, {0x82,0x00,0x42,0x00,0x1F,0xE0,0x04,0x80,0x88,0x40,0x52,0x20,0x02,0x00,0x23,0x40,0x4A,0xA0,0x92,0xA0,0x06,0x00,0x00,0x00}},
  {0x6E05, {0xBF,0xE0,0x42,0x00,0x1F,0xC0,0x02,0x00,0xBF,0xE0,0x50,0x40,0x1F,0xC0,0x10,0x40,0x5F,0xC0,0x90,0x40,0x10,0xC0,0x00,0x00}},
  {0x6E0A, {0x49,0x20,0x2D,0x60,0x0B,0xA0,0x89,0x20,0x4F,0xE0,0x09,0x20,0x0B,0xA0,0x2D,0x60,0x51,0x20,0x91,0x20,0x20,0x20,0x00,0x00}},
  {0x6E10, {0x89,0xC0,0x7D,0x00,0x11,0x00,0x29,0xE0,0xBD,0x40,0x49,0x40,0x0D,0x40,0x39,0x40,0x49,0x40,0x89,0x40,0x0A,0x40,0x00,0x00}},
  {0x6E14, {0x8F,0x00,0x51,0x00,0x3F,0xC0,0x12,0x40,0x92,0x40,0x5F,0xC0,0x12,0x40,0x12,0x40,0x5F,0xC0,0x80,0x00,0x3F,0xE0,0x00,0x00}},
  {0x6E17, {0x88,0x80,0x5F,0xC0,0x04,0x40,0x3F,0xE0,0x88,0x80,0x52,0x40,0x2C,0xA0,0x03,0x00,0x4C,0x40,0x81,0x80,0x1E,0x00,0x00,0x00}},
  {0x6E20, {0x28,0x00,0x8F,0xC0,0x48,0x40,0x0F,0xC0,0x28,0x00,0x4F,0xE0,0x04,0x00,0xFF,0xE0,0x15,0x00,0x24,0x80,0xC4,0x60,0x00,0x00}},
  {0x6E21, {0x9F,0xE0,0x54,0x40,0x1F,0xE0,0x14,0x40,0x97,0xC0,0x50,0x00,0x1F,0xC0,0x14,0x40,0x54,0x80,0x93,0x00,0x2C,0xE0,0x00,0x00}},
  {0x6E23, {0x82,0x00,0x5F,0xE0,0x0A,0x80,0x12,0x40,0xAF,0xA0,0x48,0x80,0x0F,0x80,0x08,0x80,0x4F,0x80,0x80,0x00,0x3F,0xE0,0x00,0x00}},
  {0x6E24, {0xBE,0x80,0x49,0xE0,0x3E,0xA0,0x22,0xA0,0x9C,0xA0,0x44,0xA0,0x08,0xA0,0x1E,0xA0,0x49,0x20,0x89,0x20,0x1A,0xC0,0x00,0x00}},
  {0x6E29, {0x88,0x80,0x4F,0x80,0x08,0x80,0x0F,0x80,0x80,0x00,0x5F,0xC0,0x15,0x40,0x35,0x40,0x55,0x40,0x95,0x40,0x3F,0xE0,0x00,0x00}},
  {0x6E2F, {0x88,0x80,0x5F,0xC0,0x08,0x80,0x3F,0xE0,0x88,0x80,0x50,0x40,0x2F,0xA0,0x08,0x80,0x2F,0x80,0x48,0x40,0x87,0xC0,0x00,0x00}},
  {0x6E34, {0x48,0x40,0x0F,0xC0,0x08,0x40,0x8F,0xC0,0x44,0x00,0x0F,0xE0,0x11,0x20,0x02,0xA0,0x48,0x20,0x8F,0x20,0x00,0x60,0x00,0x00}},
  {0x6E38, {0x89,0x00,0x7D,0xE0,0x12,0x00,0x11,0xC0,0x9C,0x40,0x54,0x80,0x17,0xE0,0x14,0x80,0x54,0x80,0x94,0x80,0x2D,0x80,0x00,0x00}},
  {0x6E3A, {0xB8,0x80,0x68,0xC0,0x2A,0xA0,0x3A,0xA0,0xAA,0xA0,0x7C,0x80,0x28,0xA0,0x28,0x40,0x78,0x80,0xA1,0x00,0x06,0x00,0x00,0x00}},
  {0x6E43, {0xB8,0x80,0x48,0x80,0x09,0xE0,0x3C,0x80,0x89,0xE0,0x48,0x80,0x3C,0x80,0x09,0xE0,0x48,0x80,0x90,0x80,0x20,0x80,0x00,0x00}},
  {0x6E56, {0x89,0xE0,0x5D,0x20,0x09,0x20,0x09,0xE0,0x9D,0x20,0x55,0x20,0x15,0xE0,0x15,0x20,0x5D,0x20,0x91,0x20,0x02,0x60,0x00,0x00}},
  {0x6E58, {0x49,0xE0,0x09,0x20,0x3F,0x20,0x89,0xE0,0x4D,0x20,0x1B,0x20,0x29,0xE0,0x09,0x20,0x49,0x20,0x89,0xE0,0x09,0x20,0x00,0x00}},
  {0x6E7E, {0x9F,0xE0,0x44,0x80,0x0C,0xC0,0x14,0xA0,0x8F,0xC0,0x40,0x40,0x0F,0xC0,0x28,0x00,0x4F,0xE0,0x80,0x20,0x01,0xC0,0x00,0x00}},
  {0x6E7F, {0x5F,0xC0,0x10,0x40,0x1F,0xC0,0x90,0x40,0x5F,0xC0,0x05,0x00,0x25,0x20,0x15,0x40,0x45,0x00,0x85,0x00,0x3F,0xE0,0x00,0x00}},
  {0x6E83, {0x9F,0xC0,0x52,0x40,0x1F,0xC0,0x02,0x00,0xBF,0xE0,0x40,0x00,0x1F,0xC0,0x12,0x40,0x52,0x40,0x85,0x80,0x18,0x40,0x00,0x00}},
  {0x6E85, {0xBE,0x80,0x62,0xE0,0x2B,0x80,0x2A,0xE0,0xAB,0x80,0x6A,0xA0,0x2A,0xA0,0x2A,0xC0,0x48,0xA0,0x95,0x60,0x22,0x20,0x00,0x00}},
  {0x6E89, {0x9D,0xE0,0x54,0x40,0x15,0x40,0x1D,0x40,0x95,0xE0,0x54,0x40,0x1C,0x80,0x10,0xC0,0x59,0x40,0x95,0x40,0x1A,0x60,0x00,0x00}},
  {0x6E90, {0x51,0x00,0x12,0x00,0x17,0xC0,0x94,0x40,0x57,0xC0,0x14,0x40,0x17,0xC0,0x11,0x00,0x55,0x40,0x99,0x20,0x23,0x00,0x00,0x00}},
  {0x6E9C, {0xB3,0xE0,0x61,0x20,0x29,0x20,0x35,0x60,0xA2,0x00,0x5F,0xC0,0x12,0x40,0x1F,0xC0,0x52,0x40,0x9F,0xC0,0x10,0x40,0x00,0x00}},
  {0x6EA2, {0x48,0x80,0x00,0x00,0x3F,0xE0,0x88,0x80,0x50,0x40,0x20,0x20,0x1F,0xC0,0x15,0x40,0x55,0x40,0x95,0x40,0x3F,0xE0,0x00,0x00}},
  {0x6EAA, {0x9F,0x00,0x4A,0x00,0x05,0x40,0x08,0x80,0x86,0x00,0x48,0x80,0x1F,0xC0,0x02,0x40,0x5F,0xE0,0x85,0x00,0x18,0xC0,0x00,0x00}},
  {0x6EAF, {0x94,0xE0,0x40,0xA0,0x3E,0xA0,0x08,0xE0,0xAA,0xA0,0x6A,0xA0,0x3E,0xE0,0x08,0xA0,0x48,0xA0,0x90,0xA0,0x21,0x60,0x00,0x00}},
  {0x6EB6, {0x4F,0xE0,0x28,0x20,0x04,0x40,0x89,0x20,0x42,0x80,0x04,0x40,0x08,0x20,0x27,0xC0,0x44,0x40,0x87,0xC0,0x04,0x40,0x00,0x00}},
  {0x6EBA, {0x84,0x20,0x44,0x20,0x3D,0xE0,0x21,0x00,0xBD,0xE0,0x44,0x20,0x14,0xA0,0x0C,0x60,0x54,0xA0,0xA5,0x20,0x18,0xC0,0x00,0x00}},
  {0x6ECB, {0x44,0x80,0x1F,0xE0,0x08,0x80,0x8A,0xA0,0x53,0x20,0x1D,0xC0,0x04,0x40,0x28,0x80,0x55,0x20,0x9D,0xE0,0x04,0x20,0x00,0x00}},
  {0x6ED1, {0x50,0x40,0x1E,0x40,0x12,0x40,0xBF,0xE0,0x60,0x20,0x1F,0xC0,0x10,0x40,0x1F,0xC0,0x50,0x40,0x9F,0xC0,0x10,0xC0,0x00,0x00}},
  {0x6ED3, {0xBF,0xE0,0x64,0x20,0x02,0x00,0x1F,0xC0,0x88,0x80,0x45,0x00,0x3F,0xE0,0x02,0x00,0x5F,0xC0,0x82,0x00,0x02,0x00,0x00,0x00}},
  {0x6ED4, {0xBE,0x00,0x42,0x20,0x11,0x40,0x0A,0x80,0x9C,0xE0,0x50,0x20,0x10,0x20,0x1C,0xE0,0x50,0x20,0x90,0x20,0x1F,0xE0,0x00,0x00}},
  {0x6EDA, {0x9F,0xE0,0x48,0x40,0x12,0x20,0x04,0x80,0x88,0x40,0x5F,0xE0,0x05,0x20,0x09,0x40,0x58,0x80,0xAA,0x40,0x0C,0x20,0x00,0x00}},
  {0x6EDE, {0xBF,0xE0,0x4A,0x80,0x00,0x00,0x3F,0xE0,0xA0,0x20,0x42,0x00,0x1F,0xC0,0x12,0x40,0x52,0x40,0x92,0xC0,0x02,0x00,0x00,0x00}},
  {0x6EE1, {0xBF,0xE0,0x48,0x80,0x00,0x00,0x3F,0xE0,0x85,0x00,0x7F,0xE0,0x25,0x20,0x25,0x20,0x6A,0xA0,0xA0,0x20,0x20,0x60,0x00,0x00}},
  {0x6EE4, {0x82,0x00,0x5F,0xE0,0x12,0x20,0x13,0x80,0x9E,0x20,0x51,0xE0,0x12,0x00,0x11,0x00,0x54,0x40,0x9A,0xA0,0x23,0x80,0x00,0x00}},
  {0x6EE5, {0x95,0x00,0x55,0xE0,0x16,0x00,0x14,0x80,0x84,0x40,0x40,0x00,0x1F,0xC0,0x15,0x40,0x55,0x40,0x95,0x40,0x3F,0xE0,0x00,0x00}},
  {0x6EE8, {0x9F,0xE0,0x50,0xA0,0x0F,0x00,0x08,0x00,0x8F,0xE0,0x48,0x80,0x08,0x80,0x1F,0xE0,0x40,0x00,0x88,0x80,0x10,0x40,0x00,0x00}},
  {0x6EE9, {0x9C,0x80,0x45,0xE0,0x05,0x40,0x17,0x40,0x95,0xE0,0x49,0x40,0x09,0x40,0x15,0xE0,0x55,0x40,0xA5,0x40,0x01,0xE0,0x00,0x00}},
  {0x6EF4, {0xBF,0xE0,0x50,0x40,0x08,0x80,0x3F,0xE0,0xA2,0x20,0x6F,0xA0,0x22,0x20,0x2F,0xA0,0x68,0xA0,0xAF,0xA0,0x20,0x60,0x00,0x00}},
  {0x6F02, {0x45,0x00,0x1F,0xC0,0x15,0x40,0x9F,0xC0,0x40,0x00,0x1F,0xC0,0x00,0x00,0x3F,0xE0,0x42,0x00,0x92,0x40,0x26,0x20,0x00,0x00}},
  {0x6F06, {0x9F,0xC0,0x4A,0x80,0x12,0x40,0x05,0x00,0x88,0x80,0x52,0x60,0x0A,0x80,0x07,0x00,0x4A,0x80,0x92,0x40,0x06,0x00,0x00,0x00}},
  {0x6F0F, {0xA0,0x20,0x7F,0xE0,0x20,0x00,0x3F,0xE0,0xA1,0x00,0x6F,0xE0,0x29,0x20,0x2D,0xA0,0x69,0x20,0xAD,0xA0,0x49,0x60,0x00,0x00}},
  {0x6F13, {0xBF,0xE0,0x45,0x00,0x12,0x40,0x15,0x40,0x9F,0xC0,0x42,0x00,0x3F,0xE0,0x24,0x20,0x69,0x20,0xAF,0xA0,0x20,0x60,0x00,0x00}},
  {0x6F14, {0x4F,0xE0,0x28,0x20,0x07,0xC0,0x81,0x00,0x4F,0xE0,0x09,0x20,0x0F,0xE0,0x29,0x20,0x4F,0xE0,0x84,0x40,0x08,0x20,0x00,0x00}},
  {0x6F20, {0xBF,0xE0,0x48,0x80,0x1F,0xC0,0x10,0x40,0x9F,0xC0,0x50,0x40,0x1F,0xC0,0x02,0x00,0x5F,0xE0,0x85,0x00,0x38,0xE0,0x00,0x00}},
  {0x6F29, {0x92,0x00,0x7B,0xE0,0x24,0x00,0x23,0xE0,0xB8,0xA0,0x6A,0x80,0x2A,0x80,0x2A,0xE0,0x6A,0x80,0xAA,0x80,0x5D,0xE0,0x00,0x00}},
  {0x6F2B, {0x28,0x40,0x0F,0xC0,0x08,0x40,0x9F,0xE0,0x54,0xA0,0x1F,0xE0,0x00,0x00,0x2F,0xC0,0x44,0x40,0x83,0x80,0x1C,0x60,0x00,0x00}},
  {0x6F31, {0x88,0x80,0x7E,0xE0,0x09,0x20,0x3E,0x20,0xAA,0x80,0x7E,0x80,0x08,0x80,0x0C,0x80,0x5B,0x40,0xA9,0x40,0x0A,0x20,0x00,0x00}},
  {0x6F3E, {0xBF,0xE0,0x42,0x00,0x1F,0xC0,0x02,0x00,0xBF,0xE0,0x44,0x00,0x0E,0x20,0x3B,0x40,0x4A,0x80,0x92,0x40,0x26,0x20,0x00,0x00}},
  {0x6F58, {0x9E,0x00,0x52,0x40,0x0A,0x80,0x3F,0xE0,0x8A,0x80,0x50,0x40,0x3F,0xE0,0x12,0x40,0x5F,0xC0,0x92,0x40,0x1F,0xC0,0x00,0x00}},
  {0x6F5C, {0x9D,0xC0,0x48,0x80,0x3D,0xE0,0x08,0x80,0x95,0x40,0x62,0x20,0x1F,0xC0,0x10,0x40,0x5F,0xC0,0x90,0x40,0x1F,0xC0,0x00,0x00}},
  {0x6F66, {0x5F,0xE0,0x05,0x00,0x28,0xA0,0x9F,0xC0,0x68,0xA0,0x0F,0x80,0x08,0x80,0x2F,0x80,0x42,0x00,0x92,0x40,0x26,0x20,0x00,0x00}},
  {0x6F6D, {0x45,0x00,0x3F,0xE0,0x25,0x20,0xBF,0xE0,0x50,0x40,0x1F,0xC0,0x10,0x40,0x1F,0xC0,0x42,0x00,0xBF,0xE0,0x02,0x00,0x00,0x00}},
  {0x6F6E, {0xBE,0xE0,0x48,0xA0,0x3E,0xA0,0x22,0xE0,0xBE,0xA0,0x62,0xA0,0x3E,0xE0,0x08,0xA0,0x7E,0xA0,0x88,0xA0,0x09,0x60,0x00,0x00}},
  {0x6F84, {0x22,0xC0,0x0A,0x80,0x04,0xA0,0x8B,0x40,0x50,0x20,0x0F,0xC0,0x08,0x40,0x2F,0xC0,0x48,0x40,0x84,0x80,0x1F,0xE0,0x00,0x00}},
  {0x6F88, {0xBE,0x80,0x55,0x00,0x3D,0xE0,0x02,0x40,0x9D,0x40,0x55,0x40,0x1D,0x40,0x14,0x80,0x5C,0x80,0x95,0x40,0x16,0x20,0x00,0x00}},
  {0x6F8E, {0xBF,0x40,0x44,0x80,0x1F,0x00,0x00,0x20,0x9F,0x40,0x51,0x80,0x1F,0x00,0x11,0x00,0x4A,0x20,0x87,0x40,0x38,0x80,0x00,0x00}},
  {0x6F9C, {0x92,0x20,0x4F,0xA0,0x22,0x20,0x2F,0xA0,0xAA,0xA0,0x6F,0xA0,0x2A,0xA0,0x2F,0xA0,0x67,0x20,0xAA,0xA0,0x22,0x60,0x00,0x00}},
  {0x6FA1, {0x28,0x80,0x0F,0x80,0x00,0x00,0xBD,0xE0,0x65,0x20,0x3D,0xE0,0x02,0x00,0x3F,0xE0,0x4A,0x80,0x92,0x40,0x22,0x20,0x00,0x00}},
  {0x6FB3, {0x7F,0xE0,0x22,0x20,0x2A,0xA0,0xBF,0xE0,0x62,0x20,0x2A,0xA0,0x20,0x20,0x02,0x00,0x7F,0xE0,0x88,0x80,0x30,0x60,0x00,0x00}},
  {0x6FC0, {0x9C,0x80,0x55,0x00,0x1D,0xE0,0x16,0x40,0x9D,0x40,0x49,0x40,0x3D,0x40,0x10,0x80,0x5C,0x80,0x95,0x40,0x2E,0x20,0x00,0x00}},
  {0x6FD2, {0x95,0xE0,0x56,0x40,0x14,0x80,0x3F,0xE0,0x81,0x20,0x45,0x20,0x15,0xA0,0x16,0x80,0x44,0x80,0x89,0x40,0x32,0x20,0x00,0x00}},
  {0x7011, {0x28,0x40,0x0F,0xC0,0x08,0x40,0x8F,0xC0,0x44,0x80,0x0F,0xC0,0x04,0x80,0x3F,0xE0,0x49,0x40,0x95,0xA0,0x0B,0x40,0x00,0x00}},
  {0x704C, {0x9F,0xE0,0x48,0x80,0x1D,0xC0,0x15,0x40,0x9D,0xC0,0x4A,0x00,0x1F,0xE0,0x29,0x00,0x4F,0xC0,0x89,0x00,0x0F,0xE0,0x00,0x00}},
  {0x706B, {0x04,0x00,0x24,0x40,0x24,0x40,0x24,0x80,0x44,0x00,0x0A,0x00,0x0A,0x00,0x11,0x00,0x11,0x00,0x20,0x80,0xC0,0x60,0x00,0x00}},
  {0x706D, {0xFF,0xE0,0x04,0x00,0x04,0x00,0x44,0x40,0x44,0x40,0x44,0x80,0x8A,0x00,0x0A,0x00,0x11,0x00,0x20,0x80,0xC0,0x60,0x00,0x00}},
  {0x706F, {0x27,0xE0,0x20,0x80,0xA8,0x80,0xB0,0x80,0xA0,0x80,0x20,0x80,0x20,0x80,0x20,0x80,0x50,0x80,0x48,0x80,0x8B,0x80,0x00,0x00}},
  {0x7070, {0x20,0x00,0xFF,0xE0,0x20,0x00,0x22,0x00,0x2A,0x40,0x2A,0x40,0x2A,0x80,0x52,0x00,0x45,0x00,0x88,0x80,0x30,0x60,0x00,0x00}},
  {0x7075, {0x7F,0xC0,0x00,0x40,0x3F,0xC0,0x00,0x40,0x7F,0xC0,0x04,0x00,0x24,0x40,0x44,0x80,0x0A,0x00,0x31,0x80,0xC0,0x60,0x00,0x00}},
  {0x7076, {0x21,0x00,0x29,0x00,0xB1,0x00,0xA7,0xC0,0xA1,0x00,0xA1,0x00,0x21,0x00,0x21,0x00,0x51,0x00,0x51,0x00,0x8F,0xE0,0x00,0x00}},
  {0x7078, {0x1F,0x80,0x21,0x00,0x46,0x00,0x19,0x80,0xE0,0x40,0x04,0x00,0x24,0x40,0x44,0x80,0x0A,0x00,0x31,0x80,0xC0,0x60,0x00,0x00}},
  {0x707C, {0x22,0x00,0x2B,0xE0,0xB4,0x20,0xA8,0x20,0xA2,0x20,0xA1,0x20,0x21,0x20,0x20,0x20,0x50,0x20,0x48,0x20,0x80,0xC0,0x00,0x00}},
  {0x707E, {0x04,0x00,0xFF,0xE0,0x80,0x20,0x04,0x00,0x24,0x40,0x24,0x40,0x4A,0x80,0x0A,0x00,0x11,0x00,0x20,0x80,0xC0,0x60,0x00,0x00}},
  {0x707F, {0x21,0x00,0x29,0x00,0xB5,0x20,0xA5,0x20,0xA5,0x20,0xA5,0x20,0x25,0x20,0x25,0x20,0x55,0x20,0x57,0xE0,0x80,0x20,0x00,0x00}},
  {0x7089, {0x20,0x80,0x2F,0xE0,0xB4,0x20,0xA4,0x20,0xA4,0x20,0xA7,0xE0,0x24,0x20,0x24,0x00,0x54,0x00,0x54,0x00,0x88,0x00,0x00,0x00}},
  {0x708A, {0x22,0x00,0x2B,0xE0,0xB4,0x20,0xA4,0x40,0xA9,0x00,0xA1,0x00,0x21,0x00,0x22,0x80,0x52,0x80,0x54,0x40,0x88,0x20,0x00,0x00}},
  {0x708E, {0x24,0x40,0x44,0x80,0x0B,0x00,0x30,0xC0,0xC0,0x20,0x04,0x00,0x24,0x40,0x44,0x80,0x0A,0x00,0x31,0x80,0xC0,0x60,0x00,0x00}},
  {0x7092, {0x21,0x00,0x29,0x40,0xB5,0x20,0xA5,0x20,0xA5,0x20,0xA9,0x00,0x21,0x20,0x20,0x40,0x50,0x80,0x53,0x00,0x8C,0x00,0x00,0x00}},
  {0x7095, {0x21,0x00,0x2F,0xE0,0xA8,0x00,0xB0,0x00,0xA7,0x80,0xA4,0x80,0x24,0x80,0x24,0x80,0x54,0xA0,0x48,0xA0,0x90,0x60,0x00,0x00}},
  {0x70AB, {0x21,0x00,0x2F,0xE0,0xB1,0x00,0xA2,0x00,0xA4,0x40,0xAF,0x80,0x21,0x00,0x22,0x00,0x54,0x40,0x4F,0xE0,0x80,0x20,0x00,0x00}},
  {0x70AC, {0x27,0xE0,0x2C,0x00,0xB4,0x00,0xA7,0xE0,0xA4,0x20,0xA4,0x20,0x24,0x20,0x27,0xE0,0x54,0x00,0x54,0x00,0x87,0xE0,0x00,0x00}},
  {0x70AD, {0x44,0x40,0x7F,0xC0,0x20,0x00,0xFF,0xE0,0x22,0x00,0x2A,0x40,0x2A,0x80,0x52,0x00,0x45,0x00,0x48,0x80,0x90,0x60,0x00,0x00}},
  {0x70AE, {0x22,0x00,0x37,0xE0,0xA8,0x20,0xA7,0xA0,0xA4,0xA0,0xA4,0xA0,0x27,0xA0,0x24,0x60,0x54,0x00,0x54,0x20,0x83,0xE0,0x00,0x00}},
  {0x70B8, {0x24,0x00,0x27,0xE0,0xAA,0x00,0xB2,0x00,0xA3,0xC0,0xA2,0x00,0x22,0x00,0x23,0xE0,0x52,0x00,0x4A,0x00,0x82,0x00,0x00,0x00}},
  {0x70B9, {0x07,0xE0,0x04,0x00,0x04,0x00,0x7F,0xC0,0x40,0x40,0x40,0x40,0x40,0x40,0x7F,0xC0,0x00,0x00,0x52,0x40,0x89,0x20,0x00,0x00}},
  {0x70BC, {0x21,0x00,0x2F,0xE0,0xB2,0x00,0xAF,0x00,0xA5,0x00,0xA7,0xE0,0x21,0x00,0x25,0x40,0x55,0x20,0x49,0x20,0x83,0x00,0x00,0x00}},
  {0x70C1, {0x27,0x00,0x2C,0x00,0xB5,0x00,0xA5,0x00,0xA7,0xE0,0xA1,0x00,0x25,0x40,0x25,0x20,0x59,0x20,0x49,0x00,0x83,0x00,0x00,0x00}},
  {0x70C2, {0x22,0x40,0x2A,0x80,0xB7,0xC0,0xA0,0x00,0xA0,0x00,0xA0,0x00,0x27,0xC0,0x20,0x00,0x50,0x00,0x50,0x00,0x8F,0xE0,0x00,0x00}},
  {0x70C8, {0xFC,0x40,0x21,0x40,0x3D,0x40,0x45,0x40,0xA9,0x40,0x11,0x40,0x20,0x40,0xC0,0xC0,0x00,0x00,0x52,0x40,0x89,0x20,0x00,0x00}},
  {0x70D8, {0x22,0x80,0x2A,0x80,0xB7,0xC0,0xA2,0x80,0xA2,0x80,0xA2,0x80,0x2F,0xE0,0x20,0x00,0x52,0x80,0x54,0x40,0x88,0x20,0x00,0x00}},
  {0x70D9, {0x23,0xC0,0x34,0x40,0xAA,0x80,0xA1,0x00,0xA2,0x80,0xAC,0x60,0x27,0xC0,0x24,0x40,0x54,0x40,0x57,0xC0,0x84,0x40,0x00,0x00}},
  {0x70DB, {0x21,0x00,0x31,0x00,0xAF,0xE0,0xA9,0x20,0xA9,0x20,0xA9,0x20,0x2F,0xE0,0x21,0x00,0x51,0x20,0x51,0xE0,0x8F,0x20,0x00,0x00}},
  {0x70DF, {0x28,0x20,0x29,0x20,0xB9,0x20,0xAF,0xE0,0xA9,0x20,0xA9,0x20,0x2A,0xA0,0x2C,0x60,0x58,0x20,0x4F,0xE0,0x88,0x20,0x00,0x00}},
  {0x70E4, {0x22,0x20,0x2F,0x40,0xB2,0x80,0xAF,0xE0,0xA2,0x00,0xA7,0xC0,0x2C,0x00,0x37,0xC0,0x50,0x40,0x48,0x40,0x81,0x80,0x00,0x00}},
  {0x70E6, {0x27,0xE0,0x29,0x00,0xB2,0x00,0xA7,0xC0,0xA4,0x40,0xA5,0x40,0x25,0x40,0x25,0x40,0x52,0x80,0x54,0x40,0x88,0x20,0x00,0x00}},
  {0x70E7, {0x23,0xC0,0x2E,0x00,0xB2,0xA0,0xA1,0x20,0xA6,0xE0,0xA0,0x00,0x2F,0xE0,0x22,0x80,0x52,0x80,0x54,0xA0,0x88,0x60,0x00,0x00}},
  {0x70EB, {0x21,0x80,0x06,0x00,0x8F,0xE0,0x42,0xA0,0x04,0xA0,0x59,0x20,0x80,0x60,0x24,0x40,0x44,0x80,0x1B,0x00,0xE0,0xE0,0x00,0x00}},
  {0x70ED, {0x22,0x00,0xF7,0x80,0x22,0x80,0x36,0x80,0xE2,0xA0,0x25,0xA0,0x24,0x60,0x68,0x20,0x00,0x00,0x52,0x40,0x89,0x20,0x00,0x00}},
  {0x70F9, {0xFF,0xE0,0x00,0x00,0x3F,0x80,0x20,0x80,0x3F,0x80,0x00,0x00,0x7F,0x80,0x01,0x00,0x02,0x00,0x56,0x40,0x89,0x20,0x00,0x00}},
  {0x710A, {0x24,0x40,0x2F,0xC0,0xB4,0x40,0xA7,0xC0,0xA0,0x00,0xA7,0xC0,0x21,0x00,0x2F,0xE0,0x51,0x00,0x49,0x00,0x81,0x00,0x00,0x00}},
  {0x7115, {0x23,0x80,0x34,0x80,0xA9,0x00,0xA7,0xC0,0xA5,0x40,0xA5,0x40,0x25,0x40,0x2F,0xE0,0x52,0x80,0x54,0x40,0x88,0x20,0x00,0x00}},
  {0x7119, {0x27,0xC0,0x30,0x00,0xA4,0x40,0xA2,0x80,0xAF,0xE0,0xA0,0x00,0x27,0xC0,0x24,0x40,0x54,0x40,0x57,0xC0,0x84,0x40,0x00,0x00}},
  {0x711A, {0xFB,0xE0,0x20,0x80,0x71,0xC0,0xAA,0xA0,0x20,0x80,0x04,0x00,0x24,0x40,0x44,0x80,0x0A,0x00,0x31,0x80,0xC0,0x60,0x00,0x00}},
  {0x7126, {0x21,0x00,0x7F,0xE0,0xA2,0x00,0x3F,0xC0,0x22,0x00,0x3F,0xC0,0x22,0x00,0x3F,0xE0,0x20,0x00,0x52,0x40,0x89,0x20,0x00,0x00}},
  {0x7130, {0x23,0xC0,0x34,0x40,0xA0,0x80,0xA2,0x00,0xA4,0x60,0xA4,0x20,0x26,0xE0,0x24,0x20,0x54,0x20,0x57,0xE0,0x84,0x20,0x00,0x00}},
  {0x7136, {0x39,0x20,0x49,0x00,0x6F,0xE0,0x91,0x00,0x52,0x80,0x22,0x80,0x44,0x40,0x88,0x20,0x00,0x00,0x52,0x40,0x89,0x20,0x00,0x00}},
  {0x714C, {0x27,0xC0,0x24,0x40,0xAF,0xC0,0xB4,0x40,0xA7,0xC0,0xA0,0x00,0x2F,0xE0,0x21,0x00,0x57,0xC0,0x41,0x00,0x8F,0xE0,0x00,0x00}},
  {0x714E, {0xFF,0xE0,0x00,0x00,0x7C,0x40,0x45,0x40,0x7D,0x40,0x45,0x40,0x7D,0x40,0x45,0x40,0x4C,0xC0,0x00,0x00,0x4A,0x40,0x00,0x00}},
  {0x715E, {0x39,0x00,0x49,0xE0,0x92,0x40,0x7D,0x40,0x09,0x40,0x78,0x80,0x09,0x40,0x7A,0x20,0x00,0x00,0x52,0x40,0x89,0x20,0x00,0x00}},
  {0x7164, {0x2F,0xE0,0x24,0x40,0xAF,0xC0,0xB4,0x40,0xA7,0xC0,0xA1,0x00,0x2F,0xE0,0x23,0x80,0x55,0x40,0x49,0x20,0x81,0x00,0x00,0x00}},
  {0x7167, {0xF7,0xE0,0x92,0x20,0x92,0x20,0xF4,0xC0,0x98,0x00,0x97,0xE0,0x94,0x20,0xF7,0xE0,0x00,0x00,0x52,0x40,0x89,0x20,0x00,0x00}},
  {0x716E, {0x3E,0x80,0x05,0x00,0xFF,0xE0,0x08,0x00,0x3F,0xC0,0xE0,0x40,0x3F,0xC0,0x20,0x40,0x3F,0xC0,0x52,0x40,0x89,0x20,0x00,0x00}},
  {0x7184, {0x27,0xC0,0x2C,0x40,0xB7,0xC0,0xA4,0x40,0xA7,0xC0,0xA4,0x40,0x27,0xC0,0x21,0x00,0x54,0x40,0x4A,0xA0,0x83,0x80,0x00,0x00}},
  {0x718A, {0x45,0x80,0x7D,0x20,0x00,0xE0,0x7C,0x00,0x45,0x20,0x7D,0x40,0x45,0x80,0x7D,0x20,0x44,0xE0,0x52,0x40,0x89,0x20,0x00,0x00}},
  {0x718F, {0x7C,0x00,0x04,0x00,0xFF,0xE0,0x44,0x40,0x55,0x40,0x7F,0xC0,0x04,0x00,0x7F,0xC0,0x04,0x00,0xFF,0xE0,0x4A,0x40,0x00,0x00}},
  {0x7194, {0x2F,0xE0,0x28,0x20,0xB4,0x40,0xA9,0x20,0xA2,0x80,0xA4,0x40,0x28,0x20,0x27,0xC0,0x54,0x40,0x57,0xC0,0x84,0x40,0x00,0x00}},
  {0x7199, {0x91,0x20,0xB9,0x20,0xA9,0x20,0xA9,0xE0,0xB9,0x00,0x91,0x20,0x91,0x20,0xFC,0xE0,0x00,0x00,0x52,0x40,0x89,0x20,0x00,0x00}},
  {0x719F, {0xFD,0x00,0x4B,0xC0,0x79,0x40,0x01,0x40,0x7B,0x40,0x09,0xC0,0xFD,0x40,0x12,0x60,0x34,0x20,0x52,0x40,0x89,0x20,0x00,0x00}},
  {0x71AC, {0xF9,0x00,0x21,0xE0,0x72,0x40,0x25,0x40,0xF9,0x40,0x40,0x80,0x79,0x40,0x4A,0x20,0x98,0x00,0x52,0x40,0x89,0x20,0x00,0x00}},
  {0x71C3, {0x24,0xA0,0x36,0x80,0xAB,0xE0,0xAE,0x80,0xB2,0x80,0xAD,0x40,0x25,0x40,0x2A,0x20,0x50,0x00,0x5A,0xA0,0x8A,0xA0,0x00,0x00}},
  {0x71CE, {0x2F,0xE0,0x21,0x00,0xAA,0xA0,0xB4,0x40,0xAF,0xE0,0xA4,0x40,0x27,0xC0,0x24,0x40,0x57,0xC0,0x45,0x40,0x8B,0x20,0x00,0x00}},
  {0x71D5, {0xFF,0xE0,0x0A,0x00,0x2E,0x80,0xE0,0xA0,0x2E,0xC0,0x2A,0x80,0x6A,0xA0,0xAE,0x60,0x00,0x00,0x52,0x40,0x89,0x20,0x00,0x00}},
  {0x71E5, {0x24,0x40,0x37,0xC0,0xA0,0x00,0xAE,0xE0,0xAA,0xA0,0xAE,0xE0,0x21,0x00,0x2F,0xE0,0x53,0x80,0x55,0x40,0x89,0x20,0x00,0x00}},
  {0x7206, {0x24,0x40,0x37,0xC0,0xA4,0x40,0xA7,0xC0,0xA2,0x80,0xA7,0xC0,0x22,0x80,0x2F,0xE0,0x55,0x40,0x5B,0xA0,0x85,0x40,0x00,0x00}},
  {0x722A, {0x7F,0x00,0x49,0x00,0x49,0x00,0x49,0x00,0x49,0x00,0x49,0x00,0x48,0x80,0x48,0x80,0x48,0x40,0x48,0x40,0x88,0x20,0x00,0x00}},
  {0x722C, {0xF3,0xE0,0xAA,0xA0,0xAA,0xA0,0xAA,0xA0,0xAB,0xE0,0xAA,0x00,0xAA,0x20,0xAA,0x20,0xA9,0xE0,0xA4,0x00,0xA3,0xE0,0x00,0x00}},
  {0x7231, {0xFC,0x00,0x48,0x40,0x24,0x80,0xFF,0xE0,0x88,0x20,0x7F,0xC0,0x10,0x00,0x1F,0x80,0x28,0x80,0x47,0x00,0xB8,0xE0,0x00,0x00}},
  {0x7235, {0xFC,0x40,0x24,0x80,0x7F,0xC0,0x4A,0x40,0x7F,0xC0,0x00,0x00,0x7C,0x40,0x57,0xE0,0x7C,0x40,0x51,0x40,0x68,0xC0,0x00,0x00}},
  {0x7236, {0x20,0x40,0x40,0x20,0xA0,0xA0,0x11,0x00,0x11,0x00,0x0A,0x00,0x04,0x00,0x0A,0x00,0x11,0x00,0x20,0x80,0xC0,0x60,0x00,0x00}},
  {0x7237, {0x20,0x80,0x51,0x40,0x0E,0x00,0x31,0x80,0xC0,0x60,0x00,0x00,0x7F,0xC0,0x08,0x40,0x08,0x40,0x08,0xC0,0x08,0x00,0x00,0x00}},
  {0x7238, {0x20,0x80,0x51,0x40,0x0E,0x00,0x31,0x80,0xC0,0x60,0x3F,0x80,0x24,0x80,0x3F,0x80,0x20,0x00,0x20,0x40,0x1F,0xC0,0x00,0x00}},
  {0x7239, {0x51,0x40,0x0E,0x00,0x31,0x80,0xCE,0x60,0x32,0x00,0x54,0x80,0x19,0x00,0x67,0xC0,0x1C,0x40,0x05,0x80,0x7E,0x00,0x00,0x00}},
  {0x723D, {0xFF,0xE0,0x55,0x40,0x24,0x80,0x55,0x40,0x04,0x00,0x55,0x40,0x24,0x80,0x55,0x40,0x0A,0x00,0x31,0x80,0xC0,0x60,0x00,0x00}},
  {0x7247, {0x21,0x00,0x21,0x00,0x21,0x00,0x3F,0xE0,0x20,0x00,0x20,0x00,0x3F,0x80,0x20,0x80,0x40,0x80,0x40,0x80,0x80,0x80,0x00,0x00}},
  {0x7248, {0x57,0x80,0x54,0x00,0x54,0x00,0x7F,0xE0,0x45,0x20,0x45,0x20,0x75,0x40,0x55,0x40,0x54,0x80,0x59,0x40,0x92,0x20,0x00,0x00}},
  {0x724C, {0x52,0x00,0x57,0xE0,0x54,0xA0,0x7F,0xE0,0x45,0x20,0x47,0xE0,0x72,0x00,0x54,0x80,0x5F,0xE0,0x50,0x80,0x90,0x80,0x00,0x00}},
  {0x724D, {0x57,0xC0,0x51,0x00,0x57,0xE0,0x78,0x20,0x42,0x80,0x45,0x80,0x72,0x80,0x5F,0xE0,0x51,0x00,0x52,0x40,0x9C,0x20,0x00,0x00}},
  {0x7259, {0x7F,0xC0,0x01,0x00,0x21,0x00,0x41,0x00,0x7F,0xE0,0x03,0x00,0x05,0x00,0x09,0x00,0x31,0x00,0xC1,0x00,0x07,0x00,0x00,0x00}},
  {0x725B, {0x24,0x00,0x24,0x00,0x3F,0xC0,0x44,0x00,0x84,0x00,0x04,0x00,0xFF,0xE0,0x04,0x00,0x04,0x00,0x04,0x00,0x04,0x00,0x00,0x00}},
  {0x7261, {0x21,0x00,0xA1,0x00,0xF1,0x00,0xA7,0xC0,0x21,0x00,0x31,0x00,0xE1,0x00,0x21,0x00,0x21,0x00,0x21,0x00,0x2F,0xE0,0x00,0x00}},
  {0x7262, {0xFF,0xE0,0x80,0x20,0x04,0x00,0x24,0x00,0x3F,0xC0,0x44,0x00,0x04,0x00,0xFF,0xE0,0x04,0x00,0x04,0x00,0x04,0x00,0x00,0x00}},
  {0x7267, {0x51,0x00,0x52,0x00,0x7B,0xE0,0x94,0x40,0x12,0x40,0x1A,0x40,0xF2,0x80,0x11,0x00,0x12,0x80,0x14,0x40,0x18,0x20,0x00,0x00}},
  {0x7269, {0x24,0x00,0xA7,0xE0,0xFA,0xA0,0xA2,0xA0,0x22,0xA0,0x34,0xA0,0xE5,0x20,0x29,0x20,0x22,0x20,0x24,0x20,0x28,0xC0,0x00,0x00}},
  {0x7272, {0x21,0x00,0xA5,0x00,0xF7,0xC0,0xA5,0x00,0x29,0x00,0x31,0x00,0xE7,0xC0,0x21,0x00,0x21,0x00,0x21,0x00,0x2F,0xE0,0x00,0x00}},
  {0x7275, {0x7F,0xC0,0x0A,0x00,0x11,0x00,0xFF,0xE0,0x80,0x20,0x24,0x00,0x3F,0xC0,0x44,0x00,0xFF,0xE0,0x04,0x00,0x04,0x00,0x00,0x00}},
  {0x7279, {0x21,0x00,0xA7,0xC0,0xF1,0x00,0xAF,0xE0,0x20,0x80,0x37,0xE0,0xE0,0x80,0x24,0x80,0x22,0x80,0x20,0x80,0x23,0x80,0x00,0x00}},
  {0x727A, {0x2F,0xE0,0xA2,0x80,0xF2,0x80,0xAF,0xE0,0x2A,0xA0,0x3A,0xA0,0xEA,0xE0,0x2C,0x20,0x28,0x20,0x2F,0xE0,0x28,0x20,0x00,0x00}},
  {0x7280, {0x40,0x20,0x7F,0xE0,0x52,0x40,0x4A,0x80,0x50,0x40,0x4A,0x00,0x4F,0xC0,0x52,0x00,0x7F,0xE0,0x42,0x00,0x82,0x00,0x00,0x00}},
  {0x7281, {0x71,0x20,0x11,0x20,0xFD,0x20,0x39,0x20,0x54,0x20,0x90,0x60,0x24,0x00,0x3F,0xC0,0x44,0x00,0xFF,0xE0,0x04,0x00,0x00,0x00}},
  {0x72AC, {0x04,0x80,0x04,0x40,0x04,0x00,0xFF,0xE0,0x04,0x00,0x0A,0x00,0x0A,0x00,0x11,0x00,0x11,0x00,0x20,0x80,0xC0,0x60,0x00,0x00}},
  {0x72AF, {0x57,0xC0,0x24,0x40,0x54,0x40,0x94,0x40,0x14,0x40,0x34,0x40,0x54,0xC0,0x94,0x00,0x14,0x20,0x14,0x20,0x63,0xE0,0x00,0x00}},
  {0x72B6, {0x21,0x40,0xA1,0x20,0x61,0x00,0x2F,0xE0,0x21,0x00,0x22,0x80,0x62,0x80,0xA2,0x80,0x24,0x40,0x24,0x40,0x28,0x20,0x00,0x00}},
  {0x72B9, {0x52,0x20,0x22,0x00,0x57,0xE0,0x92,0x80,0x12,0x80,0x32,0x80,0x52,0x80,0x92,0x80,0x14,0xA0,0x14,0xA0,0x68,0x60,0x00,0x00}},
  {0x72C2, {0xAF,0xE0,0x41,0x00,0xA1,0x00,0x21,0x00,0x21,0x00,0x6F,0xE0,0xA1,0x00,0x21,0x00,0x21,0x00,0x21,0x00,0xCF,0xE0,0x00,0x00}},
  {0x72C8, {0xAF,0xE0,0x48,0x20,0xA9,0x20,0x29,0x20,0x29,0x20,0x69,0x20,0xA9,0x20,0x29,0x20,0x22,0x80,0x24,0x40,0xC8,0x20,0x00,0x00}},
  {0x72D0, {0xAF,0x00,0x4A,0x80,0xAA,0x80,0x2A,0x80,0x2A,0x80,0x6A,0x80,0xAA,0x80,0x2A,0x40,0x2B,0x40,0x2A,0xA0,0xD3,0x80,0x00,0x00}},
  {0x72D7, {0x52,0x00,0x23,0xE0,0x54,0x20,0x98,0x20,0x17,0xA0,0x34,0xA0,0x54,0xA0,0x97,0xA0,0x14,0x20,0x10,0x20,0x60,0xC0,0x00,0x00}},
  {0x72DE, {0xA1,0x00,0x4F,0xE0,0xA8,0x20,0x20,0x00,0x2F,0xE0,0x61,0x00,0xA1,0x00,0x21,0x00,0x21,0x00,0x21,0x00,0xC7,0x00,0x00,0x00}},
  {0x72E0, {0x54,0x40,0x24,0x40,0x57,0xC0,0x94,0x40,0x14,0x40,0x37,0xC0,0x55,0x20,0x95,0x40,0x14,0x80,0x16,0x40,0x64,0x20,0x00,0x00}},
  {0x72E1, {0x51,0x00,0x2F,0xE0,0x50,0x00,0x92,0x80,0x14,0x40,0x3A,0xA0,0x52,0x80,0x92,0x80,0x11,0x00,0x12,0x80,0x6C,0x60,0x00,0x00}},
  {0x72EC, {0xA1,0x00,0x41,0x00,0xAF,0xE0,0x29,0x20,0x29,0x20,0x69,0x20,0xAF,0xE0,0x21,0x00,0x21,0x20,0x21,0xE0,0xCF,0x20,0x00,0x00}},
  {0x72ED, {0xA1,0x00,0x4F,0xE0,0xA1,0x00,0x29,0x20,0x25,0x40,0x61,0x00,0xAF,0xE0,0x21,0x00,0x22,0x80,0x24,0x40,0xC8,0x20,0x00,0x00}},
  {0x72EE, {0xAB,0xE0,0x48,0x80,0xA8,0x80,0x2B,0xE0,0x2A,0xA0,0x6A,0xA0,0xAA,0xA0,0x2A,0xA0,0x2A,0xE0,0x28,0x80,0xD0,0x80,0x00,0x00}},
  {0x72F0, {0xA7,0x80,0x48,0x80,0xB1,0x00,0x2F,0xC0,0x22,0x40,0x7F,0xE0,0xA2,0x40,0x2F,0xC0,0x22,0x40,0x22,0x00,0xCE,0x00,0x00,0x00}},
  {0x72F1, {0xA4,0xC0,0x40,0xA0,0xA0,0x80,0x3B,0xE0,0x28,0x80,0x68,0x80,0xA8,0x80,0x29,0x40,0x2D,0x40,0x29,0x40,0xC2,0x20,0x00,0x00}},
  {0x72F8, {0xA9,0x20,0x49,0x20,0xAF,0xE0,0x29,0x20,0x29,0x20,0x6F,0xE0,0xA1,0x00,0x2F,0xE0,0x21,0x00,0x21,0x00,0xDF,0xE0,0x00,0x00}},
  {0x72FC, {0x51,0x00,0x27,0xC0,0x54,0x40,0x97,0xC0,0x14,0x40,0x37,0xC0,0x55,0x20,0x95,0x40,0x14,0x80,0x16,0x40,0x64,0x20,0x00,0x00}},
  {0x730E, {0xA4,0x80,0x4F,0xC0,0xA4,0x80,0x3F,0xE0,0x20,0x00,0x6F,0xC0,0xA8,0x40,0x2F,0xC0,0x28,0x40,0x2F,0xC0,0xC8,0x40,0x00,0x00}},
  {0x7316, {0xA4,0x40,0x47,0xC0,0xA4,0x40,0x27,0xC0,0x20,0x00,0x6F,0xE0,0xA8,0x20,0x2F,0xE0,0x28,0x20,0x2F,0xE0,0xC8,0x20,0x00,0x00}},
  {0x731B, {0xA0,0x80,0x41,0x00,0xAF,0xE0,0x21,0x00,0x23,0x00,0x60,0x00,0xAF,0xE0,0x2A,0xA0,0x2A,0xA0,0x2A,0xA0,0xDF,0xE0,0x00,0x00}},
  {0x731C, {0xBF,0xE0,0x42,0x00,0xAF,0xC0,0x22,0x00,0x3F,0xE0,0x68,0x40,0xAF,0xC0,0x28,0x40,0x2F,0xC0,0x28,0x40,0xC8,0xC0,0x00,0x00}},
  {0x7329, {0x54,0x40,0x27,0xC0,0x54,0x40,0x97,0xC0,0x11,0x00,0x35,0x00,0x57,0xC0,0x99,0x00,0x17,0xC0,0x11,0x00,0x6F,0xE0,0x00,0x00}},
  {0x732A, {0xA2,0x20,0x47,0x40,0xA2,0x80,0x3F,0xE0,0x22,0x00,0x67,0xC0,0xAC,0x40,0x37,0xC0,0x24,0x40,0x27,0xC0,0xC4,0x40,0x00,0x00}},
  {0x732B, {0xAF,0xE0,0x44,0x40,0xA0,0x00,0x2F,0xE0,0x29,0x20,0x69,0x20,0xAF,0xE0,0x29,0x20,0x29,0x20,0x2F,0xE0,0xC8,0x20,0x00,0x00}},
  {0x732C, {0xA9,0x20,0x4F,0xE0,0xA9,0x20,0x2F,0xE0,0x24,0x40,0x67,0xC0,0xA4,0x40,0x27,0xC0,0x24,0x40,0x24,0x40,0xC4,0xC0,0x00,0x00}},
  {0x732E, {0xFE,0xC0,0x10,0xA0,0xFC,0x80,0xAD,0xE0,0x94,0x80,0xBC,0x80,0x94,0x80,0xFD,0x40,0x95,0x40,0x95,0x40,0x8E,0x20,0x00,0x00}},
  {0x7334, {0xA5,0xC0,0x48,0x40,0xAB,0xE0,0x39,0x00,0x29,0xE0,0x6A,0x80,0xA8,0x80,0x2B,0xE0,0x28,0x80,0x29,0x40,0xCA,0x20,0x00,0x00}},
  {0x733E, {0xA8,0x40,0x4F,0x40,0xA9,0x40,0x3F,0xE0,0x30,0x20,0x6F,0xC0,0xA8,0x40,0x2F,0xC0,0x28,0x40,0x2F,0xC0,0xC8,0xC0,0x00,0x00}},
  {0x733F, {0xAF,0xC0,0x42,0x00,0xBF,0xE0,0x20,0x00,0x2F,0xC0,0x68,0x40,0xAF,0xC0,0x25,0x20,0x2D,0x40,0x34,0x80,0xC6,0x60,0x00,0x00}},
  {0x7384, {0x04,0x00,0xFF,0xE0,0x08,0x00,0x10,0x00,0x21,0x00,0x7E,0x00,0x04,0x00,0x08,0x80,0x10,0x40,0x7F,0xC0,0x00,0x40,0x00,0x00}},
  {0x7387, {0xFF,0xE0,0x08,0x00,0x51,0x40,0x3E,0x80,0x04,0x00,0x2A,0x80,0x5F,0x40,0x04,0x00,0xFF,0xE0,0x04,0x00,0x04,0x00,0x00,0x00}},
  {0x7389, {0x7F,0xC0,0x04,0x00,0x04,0x00,0x04,0x00,0x04,0x00,0x7F,0xC0,0x04,0x00,0x05,0x00,0x04,0x80,0x04,0x00,0xFF,0xE0,0x00,0x00}},
  {0x738B, {0x7F,0xC0,0x04,0x00,0x04,0x00,0x04,0x00,0x04,0x00,0x7F,0xC0,0x04,0x00,0x04,0x00,0x04,0x00,0x04,0x00,0xFF,0xE0,0x00,0x00}},
  {0x7396, {0xF2,0x00,0x23,0xC0,0x24,0x40,0x24,0x40,0xF8,0x80,0x20,0x80,0x21,0x00,0x21,0x00,0x32,0x80,0xC4,0x40,0x08,0x20,0x00,0x00}},
  {0x739B, {0xF0,0x40,0x24,0x40,0x24,0x40,0x24,0x40,0xF7,0xE0,0x20,0x20,0x20,0x20,0x2F,0xA0,0x30,0x20,0xC0,0x20,0x00,0xC0,0x00,0x00}},
  {0x73A9, {0xF7,0xC0,0x20,0x00,0x20,0x00,0x2F,0xE0,0xF2,0x80,0x22,0x80,0x22,0x80,0x22,0x80,0x34,0xA0,0xC4,0xA0,0x08,0x60,0x00,0x00}},
  {0x73AB, {0xF9,0x00,0x22,0x00,0x23,0xE0,0x24,0x40,0xFA,0x40,0x22,0x40,0x22,0x80,0x21,0x00,0x3A,0x80,0xE4,0x40,0x08,0x20,0x00,0x00}},
  {0x73AF, {0xF7,0xE0,0x20,0x80,0x21,0x00,0x21,0x00,0xF3,0x40,0x25,0x20,0x29,0x20,0x21,0x00,0x31,0x00,0xC1,0x00,0x01,0x00,0x00,0x00}},
  {0x73B0, {0xF7,0xC0,0x24,0x40,0x25,0x40,0x25,0x40,0xF5,0x40,0x25,0x40,0x25,0x40,0x22,0x80,0x32,0x80,0xC4,0xA0,0x08,0x60,0x00,0x00}},
  {0x73B2, {0xF1,0x00,0x22,0x80,0x24,0x40,0x29,0x20,0xF0,0x80,0x27,0xC0,0x20,0x40,0x20,0x80,0x32,0x80,0xC1,0x00,0x00,0x80,0x00,0x00}},
  {0x73B7, {0xF1,0x00,0x21,0x00,0x21,0xE0,0x21,0x00,0xF1,0x00,0x27,0xE0,0x24,0x20,0x24,0x20,0x34,0x20,0xC7,0xE0,0x04,0x20,0x00,0x00}},
  {0x73BB, {0xE1,0x00,0x4F,0xE0,0x49,0x20,0x49,0x00,0xEF,0xC0,0x4A,0x40,0x4A,0x40,0x4A,0x80,0x69,0x00,0xCA,0x80,0x14,0x60,0x00,0x00}},
  {0x73CA, {0xF5,0x40,0x55,0x40,0x55,0x40,0x55,0x40,0xFF,0xE0,0x55,0x40,0x55,0x40,0x75,0x40,0xD5,0x40,0x26,0x40,0x4C,0xC0,0x00,0x00}},
  {0x73CD, {0xF1,0x00,0x22,0x80,0x24,0x40,0x29,0x20,0xF2,0x00,0x24,0x80,0x21,0x20,0x26,0x40,0x30,0x80,0xC3,0x00,0x0C,0x00,0x00,0x00}},
  {0x73E0, {0xE5,0x00,0x47,0xC0,0x49,0x00,0x41,0x00,0xEF,0xE0,0x41,0x00,0x43,0x80,0x45,0x40,0x69,0x20,0xC1,0x00,0x01,0x00,0x00,0x00}},
  {0x73ED, {0xE5,0xE0,0x44,0x80,0x54,0x80,0x54,0x80,0xF4,0x80,0x55,0xE0,0x64,0x80,0x44,0x80,0x68,0x80,0xC8,0x80,0x13,0xE0,0x00,0x00}},
  {0x7403, {0xF1,0x20,0x21,0x00,0x2F,0xE0,0x21,0x00,0xF5,0x80,0x23,0xA0,0x23,0x40,0x25,0x40,0x39,0x20,0xC1,0x00,0x03,0x00,0x00,0x00}},
  {0x7405, {0xF1,0x00,0x27,0xC0,0x24,0x40,0x27,0xC0,0xF4,0x40,0x27,0xC0,0x25,0x20,0x25,0x40,0x34,0x80,0xC6,0x40,0x04,0x20,0x00,0x00}},
  {0x7406, {0xE9,0x20,0x49,0x20,0x4F,0xE0,0x49,0x20,0xE9,0x20,0x4F,0xE0,0x41,0x00,0x4F,0xE0,0x61,0x00,0xC1,0x00,0x1F,0xE0,0x00,0x00}},
  {0x7409, {0xE1,0x00,0x4F,0xE0,0x42,0x00,0x44,0x40,0xEF,0xE0,0x40,0x20,0x4A,0x80,0x4A,0x80,0x6A,0x80,0xCA,0xA0,0x10,0x60,0x00,0x00}},
  {0x7410, {0xE9,0x20,0x45,0x40,0x41,0x00,0x4F,0xE0,0xE8,0x20,0x49,0x20,0x49,0x20,0x49,0x20,0x62,0x80,0xC4,0x40,0x18,0x20,0x00,0x00}},
  {0x7422, {0xEF,0xE0,0x42,0x00,0x45,0x00,0x49,0xA0,0xE6,0xC0,0x44,0x80,0x4B,0xC0,0x42,0xA0,0x64,0x80,0xC8,0x80,0x03,0x00,0x00,0x00}},
  {0x7433, {0xE4,0x80,0x44,0x80,0x5F,0xE0,0x44,0x80,0xE6,0x80,0x4D,0xC0,0x56,0xA0,0x44,0x80,0x64,0x80,0xC4,0x80,0x04,0x80,0x00,0x00}},
  {0x7434, {0x20,0x80,0x71,0xC0,0x20,0x80,0xFB,0xE0,0x04,0x00,0x0A,0x00,0x35,0x80,0xC2,0x60,0x3F,0x80,0x01,0x00,0x02,0x00,0x00,0x00}},
  {0x743C, {0xF1,0x00,0x2F,0xE0,0x20,0x00,0x27,0xC0,0xF4,0x40,0x24,0x40,0x27,0xC0,0x21,0x00,0x35,0x40,0xC9,0x20,0x03,0x00,0x00,0x00}},
  {0x745E, {0xE9,0x20,0x49,0x20,0x4F,0xE0,0x40,0x00,0xEF,0xE0,0x41,0x00,0x4F,0xE0,0x4A,0xA0,0x6A,0xA0,0xCA,0xA0,0x08,0x60,0x00,0x00}},
  {0x745F, {0x20,0x80,0x71,0xC0,0x20,0x80,0xFB,0xE0,0x00,0x00,0x08,0x00,0x45,0x40,0x52,0x20,0x94,0xA0,0x18,0x80,0x6F,0x80,0x00,0x00}},
  {0x7470, {0xE2,0x00,0x4F,0xC0,0x49,0x40,0x4F,0xC0,0xEA,0x40,0x4F,0xC0,0x42,0x80,0x45,0x40,0x65,0xC0,0xC9,0x20,0x10,0xE0,0x00,0x00}},
  {0x7483, {0xEF,0xE0,0x42,0x80,0x49,0x20,0x4A,0xA0,0xEF,0xE0,0x41,0x00,0x4F,0xE0,0x49,0x20,0x6A,0xA0,0xCB,0xA0,0x08,0x60,0x00,0x00}},
  {0x74A7, {0x4B,0xE0,0x79,0x40,0x43,0xE0,0x78,0x80,0xA9,0xC0,0x38,0x80,0xFF,0xE0,0x04,0x00,0x7F,0xC0,0x04,0x80,0xFF,0xE0,0x00,0x00}},
  {0x74DC, {0x7F,0x00,0x49,0x00,0x49,0x00,0x49,0x00,0x49,0x00,0x49,0x00,0x48,0x80,0x4A,0x80,0x49,0x40,0x4B,0x40,0x8D,0x20,0x00,0x00}},
  {0x74E2, {0x23,0xC0,0xFA,0xA0,0xAA,0xA0,0xFA,0xA0,0x02,0xA0,0x72,0xA0,0x02,0xA0,0xFA,0x80,0x22,0xC0,0xAA,0xA0,0x64,0xE0,0x00,0x00}},
  {0x74E3, {0x4C,0x40,0xEA,0xE0,0x0A,0x00,0xAA,0xA0,0x4B,0x40,0xEA,0xE0,0x4A,0x40,0xEA,0xE0,0x54,0x40,0x55,0x40,0xA7,0x40,0x00,0x00}},
  {0x74E4, {0xFF,0xC0,0x02,0xA0,0xEE,0xA0,0xAA,0xA0,0xEE,0xA0,0x2A,0xA0,0xFE,0xA0,0x2A,0x80,0xFE,0xC0,0x6A,0xA0,0xB4,0xE0,0x00,0x00}},
  {0x74E6, {0xFF,0xE0,0x10,0x00,0x10,0x00,0x1F,0x00,0x21,0x00,0x29,0x00,0x25,0x00,0x45,0x00,0x41,0x20,0x59,0x20,0x60,0xE0,0x00,0x00}},
  {0x74EE, {0x24,0x80,0xC8,0x60,0x11,0x00,0x3F,0x80,0x00,0x40,0xFF,0xE0,0x20,0x00,0x3F,0x00,0x29,0x20,0x45,0x20,0x78,0xE0,0x00,0x00}},
  {0x74F6, {0x57,0xC0,0x02,0x00,0xFA,0x00,0x53,0x80,0x52,0x80,0x54,0x80,0xFE,0x80,0x55,0x80,0x54,0xA0,0x56,0xA0,0x94,0x60,0x00,0x00}},
  {0x74F7, {0x27,0xE0,0x09,0x20,0x22,0x80,0xCC,0x60,0x00,0x00,0xFF,0xE0,0x20,0x00,0x3F,0x00,0x29,0x20,0x45,0x20,0x78,0xE0,0x00,0x00}},
  {0x7518, {0x20,0x80,0xFF,0xE0,0x20,0x80,0x20,0x80,0x20,0x80,0x3F,0x80,0x20,0x80,0x20,0x80,0x20,0x80,0x3F,0x80,0x20,0x80,0x00,0x00}},
  {0x751A, {0xFF,0xE0,0x20,0x80,0x3F,0x80,0x20,0x80,0x3F,0x80,0x20,0x80,0xFF,0xE0,0x49,0x00,0x50,0x80,0x40,0x00,0x7F,0xC0,0x00,0x00}},
  {0x751C, {0xE2,0x40,0x27,0xE0,0x22,0x40,0xFA,0x40,0x22,0x40,0x23,0xC0,0xFA,0x40,0x8A,0x40,0x8A,0x40,0xFB,0xC0,0x8A,0x40,0x00,0x00}},
  {0x751F, {0x24,0x00,0x24,0x00,0x3F,0xC0,0x44,0x00,0x84,0x00,0x04,0x00,0x3F,0x80,0x04,0x00,0x04,0x00,0x04,0x00,0xFF,0xE0,0x00,0x00}},
  {0x7525, {0x13,0xE0,0x52,0xA0,0x7F,0xE0,0x52,0xA0,0x93,0xE0,0x79,0x00,0x13,0xE0,0x11,0x20,0x1D,0x20,0xE1,0x20,0x02,0x60,0x00,0x00}},
  {0x7528, {0x7F,0xC0,0x44,0x40,0x44,0x40,0x7F,0xC0,0x44,0x40,0x44,0x40,0x7F,0xC0,0x44,0x40,0x44,0x40,0x44,0x40,0x81,0xC0,0x00,0x00}},
  {0x7529, {0x44,0x40,0x44,0x40,0x7F,0xC0,0x44,0x40,0x44,0x40,0x7F,0xC0,0x44,0x40,0x44,0x40,0x45,0xC0,0x84,0x20,0x03,0xE0,0x00,0x00}},
  {0x752B, {0x04,0x40,0xFF,0xE0,0x04,0x00,0x7F,0xC0,0x44,0x40,0x7F,0xC0,0x44,0x40,0x7F,0xC0,0x44,0x40,0x44,0x40,0x40,0xC0,0x00,0x00}},
  {0x7530, {0x7F,0xC0,0x44,0x40,0x44,0x40,0x44,0x40,0x7F,0xC0,0x44,0x40,0x44,0x40,0x44,0x40,0x44,0x40,0x7F,0xC0,0x40,0x40,0x00,0x00}},
  {0x7531, {0x04,0x00,0x7F,0xC0,0x44,0x40,0x44,0x40,0x44,0x40,0x7F,0xC0,0x44,0x40,0x44,0x40,0x44,0x40,0x7F,0xC0,0x40,0x40,0x00,0x00}},
  {0x7532, {0x44,0x40,0x44,0x40,0x7F,0xC0,0x44,0x40,0x44,0x40,0x44,0x40,0x7F,0xC0,0x44,0x40,0x04,0x00,0x04,0x00,0x04,0x00,0x00,0x00}},
  {0x7533, {0x04,0x00,0x7F,0xC0,0x44,0x40,0x44,0x40,0x7F,0xC0,0x44,0x40,0x44,0x40,0x7F,0xC0,0x44,0x40,0x04,0x00,0x04,0x00,0x00,0x00}},
  {0x7535, {0x08,0x00,0xFF,0x80,0x88,0x80,0x88,0x80,0xFF,0x80,0x88,0x80,0x88,0x80,0xFF,0x80,0x88,0x20,0x08,0x20,0x07,0xE0,0x00,0x00}},
  {0x7537, {0x44,0x40,0x44,0x40,0x7F,0xC0,0x44,0x40,0x44,0x40,0x7F,0xC0,0x08,0x00,0xFF,0xE0,0x10,0x20,0x20,0x20,0xC1,0xC0,0x00,0x00}},
  {0x7538, {0x3F,0xE0,0x40,0x20,0xFF,0x20,0x49,0x20,0x49,0x20,0x7F,0x20,0x49,0x20,0x49,0x20,0x7F,0x20,0x40,0x20,0x01,0xC0,0x00,0x00}},
  {0x753B, {0x00,0x00,0xBF,0xA0,0xA4,0xA0,0xA4,0xA0,0xBF,0xA0,0xA4,0xA0,0xA4,0xA0,0xBF,0xA0,0x80,0x20,0xFF,0xE0,0x00,0x20,0x00,0x00}},
  {0x7545, {0x27,0xC0,0xF8,0x80,0xA9,0x00,0xAA,0x00,0xFF,0xE0,0xAA,0xA0,0xAA,0xA0,0xFD,0x20,0xA9,0x20,0x22,0x20,0x24,0xC0,0x00,0x00}},
  {0x754C, {0x44,0x40,0x7F,0xC0,0x44,0x40,0x7F,0xC0,0x04,0x00,0x1B,0x00,0xE0,0xE0,0x11,0x00,0x11,0x00,0x21,0x00,0x41,0x00,0x00,0x00}},
  {0x754F, {0x44,0x40,0x7F,0xC0,0x44,0x40,0x7F,0xC0,0x00,0x00,0xFF,0xE0,0x48,0x40,0x44,0x80,0x43,0x00,0x59,0x80,0x60,0x60,0x00,0x00}},
  {0x7554, {0xFA,0xA0,0xA9,0xC0,0xA8,0x80,0xAB,0xE0,0xF8,0x80,0xA8,0x80,0xAF,0xE0,0xA8,0x80,0xF8,0x80,0x88,0x80,0x00,0x80,0x00,0x00}},
  {0x7559, {0xE3,0xE0,0xA1,0x20,0x91,0x20,0xEA,0x60,0x00,0x00,0x7F,0xC0,0x44,0x40,0x7F,0xC0,0x44,0x40,0x7F,0xC0,0x40,0x40,0x00,0x00}},
  {0x755C, {0xFF,0xE0,0x21,0x00,0x7E,0x00,0x08,0x40,0xFF,0xE0,0x00,0x20,0x7F,0xC0,0x44,0x40,0x7F,0xC0,0x44,0x40,0x7F,0xC0,0x00,0x00}},
  {0x7565, {0xFB,0xC0,0xAC,0x40,0xAA,0x40,0xA9,0x80,0xFA,0x40,0xAC,0x20,0xAB,0xC0,0xAA,0x40,0xFA,0x40,0x8B,0xC0,0x02,0x40,0x00,0x00}},
  {0x7566, {0xF8,0x80,0xAB,0xE0,0xA8,0x80,0xA8,0x80,0xFB,0xE0,0xA8,0x00,0xA8,0x80,0xAB,0xE0,0xF8,0x80,0x88,0x80,0x07,0xE0,0x00,0x00}},
  {0x756A, {0x7C,0x00,0x24,0x80,0x15,0x00,0xFF,0xE0,0x24,0x80,0x40,0x40,0xBF,0xA0,0x24,0x80,0x3F,0x80,0x24,0x80,0x3F,0x80,0x00,0x00}},
  {0x7574, {0xFB,0xE0,0xA8,0x80,0xAB,0xC0,0xA9,0x00,0xFF,0xE0,0xAA,0x40,0xAB,0xE0,0xAA,0x40,0xFD,0x40,0x84,0x40,0x08,0xC0,0x00,0x00}},
  {0x7578, {0xFB,0xE0,0xA9,0x40,0xAA,0x20,0xAF,0xE0,0xF8,0x20,0xAB,0xA0,0xAA,0xA0,0xAA,0xA0,0xFB,0xA0,0x8A,0x20,0x00,0x60,0x00,0x00}},
  {0x7586, {0xFF,0xE0,0x15,0x40,0xF7,0xC0,0x85,0x40,0xF7,0xC0,0x50,0x00,0xFF,0xE0,0x55,0x40,0xF7,0xC0,0x15,0x40,0x6F,0xE0,0x00,0x00}},
  {0x758F, {0xF0,0x80,0x17,0xE0,0x21,0x00,0x22,0x40,0xA7,0xE0,0xB0,0x20,0xA5,0x40,0xA5,0x40,0xB5,0x40,0xC5,0x40,0x08,0x60,0x00,0x00}},
  {0x7591, {0x60,0x20,0x49,0x40,0x38,0x80,0x43,0xE0,0x78,0xA0,0x90,0x80,0x12,0xE0,0xFE,0x80,0x12,0x80,0x2A,0x80,0x45,0xE0,0x00,0x00}},
  {0x7597, {0x02,0x00,0x3F,0xE0,0xA0,0x00,0x6F,0xC0,0x20,0x40,0x20,0x80,0x61,0x00,0xA1,0x00,0x21,0x00,0x41,0x00,0x87,0x00,0x00,0x00}},
  {0x7599, {0x02,0x00,0x3F,0xE0,0xA4,0x00,0x67,0xC0,0x28,0x00,0x37,0xC0,0x60,0x80,0xA3,0x00,0x24,0x00,0x48,0x20,0x87,0xE0,0x00,0x00}},
  {0x759A, {0x02,0x00,0x3F,0xE0,0xA0,0x00,0x62,0x00,0x23,0xC0,0x24,0x40,0x68,0x80,0xA1,0x00,0x22,0x80,0x44,0x40,0x98,0x20,0x00,0x00}},
  {0x759F, {0x02,0x00,0x3F,0xE0,0xA0,0x00,0x60,0x00,0x2F,0xC0,0x28,0x00,0x68,0x00,0xBF,0xE0,0x28,0x00,0x48,0x00,0x8F,0xC0,0x00,0x00}},
  {0x75A4, {0x02,0x00,0x3F,0xE0,0xA0,0x00,0x6F,0xE0,0x29,0x20,0x29,0x20,0x6F,0xE0,0xA8,0x00,0x28,0x20,0x48,0x20,0x87,0xE0,0x00,0x00}},
  {0x75AB, {0x3F,0xE0,0x20,0x00,0xA7,0x80,0x64,0x80,0x28,0x60,0x30,0x00,0x6F,0xC0,0xA4,0x40,0x24,0x80,0x43,0x00,0x9C,0xE0,0x00,0x00}},
  {0x75AE, {0x3F,0xE0,0x22,0x00,0xA5,0x00,0x68,0x80,0x30,0x60,0x2F,0x80,0x68,0x80,0xA8,0x80,0x29,0xA0,0x48,0x20,0x87,0xE0,0x00,0x00}},
  {0x75AF, {0x02,0x00,0x3F,0xE0,0xA0,0x00,0x6F,0xC0,0x28,0x40,0x2D,0x40,0x6A,0x40,0xAA,0x40,0x2A,0x40,0x55,0x60,0xA0,0x20,0x00,0x00}},
  {0x75B2, {0x02,0x00,0x3F,0xE0,0xA1,0x00,0x6F,0xE0,0x29,0x20,0x29,0x00,0x6F,0xC0,0xAA,0x40,0x2A,0x40,0x51,0x80,0xA6,0x60,0x00,0x00}},
  {0x75B9, {0x3F,0xE0,0x22,0x00,0xA5,0x00,0x68,0x80,0x33,0x60,0x2C,0x00,0x61,0x80,0xAE,0x00,0x20,0x40,0x41,0x80,0x9E,0x00,0x00,0x00}},
  {0x75BC, {0x3F,0xE0,0x24,0x00,0xA7,0xC0,0x68,0x40,0x34,0x80,0x23,0x00,0x64,0x80,0xBB,0x60,0x20,0x80,0x46,0x00,0x81,0x80,0x00,0x00}},
  {0x75BE, {0x02,0x00,0x3F,0xE0,0xA0,0x00,0x64,0x00,0x27,0xC0,0x29,0x00,0x61,0x00,0xAF,0xE0,0x22,0x80,0x44,0x40,0x88,0x20,0x00,0x00}},
  {0x75C5, {0x02,0x00,0x3F,0xE0,0xA0,0x00,0x6F,0xE0,0x21,0x00,0x2F,0xE0,0x69,0x20,0xAA,0xA0,0x2C,0x60,0x48,0x20,0x88,0x60,0x00,0x00}},
  {0x75C7, {0x02,0x00,0x3F,0xE0,0xA0,0x00,0x6F,0xE0,0x21,0x00,0x21,0x00,0x69,0xE0,0xA9,0x00,0x29,0x00,0x49,0x00,0x9F,0xE0,0x00,0x00}},
  {0x75CA, {0x3F,0xE0,0x21,0x00,0xA2,0x80,0x64,0x40,0x28,0x20,0x27,0xC0,0x61,0x00,0xA7,0xC0,0x21,0x00,0x41,0x00,0x8F,0xE0,0x00,0x00}},
  {0x75D2, {0x3F,0xE0,0x24,0x40,0xA2,0x80,0x6F,0xE0,0x21,0x00,0x27,0xC0,0x61,0x00,0xA1,0x00,0x2F,0xE0,0x41,0x00,0x81,0x00,0x00,0x00}},
  {0x75D5, {0x3F,0xE0,0x20,0x00,0xAF,0xC0,0x68,0x40,0x2F,0xC0,0x28,0x40,0x6F,0xC0,0xAA,0x20,0x29,0x40,0x4C,0x80,0x88,0x60,0x00,0x00}},
  {0x75D8, {0x3F,0xE0,0x20,0x00,0xBF,0xE0,0x60,0x00,0x2F,0xC0,0x28,0x40,0x6F,0xC0,0xA0,0x00,0x28,0x40,0x44,0x80,0x9F,0xE0,0x00,0x00}},
  {0x75DB, {0x3F,0xE0,0x20,0x00,0xAF,0xC0,0x62,0x80,0x2F,0xE0,0x29,0x20,0x6F,0xE0,0xA9,0x20,0x2F,0xE0,0x49,0x20,0x88,0x60,0x00,0x00}},
  {0x75E2, {0x3F,0xE0,0x20,0x00,0xA2,0x20,0x6C,0x20,0x24,0xA0,0x3F,0xA0,0x64,0xA0,0xAE,0xA0,0x35,0xA0,0x44,0x20,0x84,0x60,0x00,0x00}},
  {0x75EA, {0x3F,0xE0,0x24,0x00,0xA7,0x80,0x68,0x80,0x3F,0xC0,0x2A,0x40,0x6A,0x40,0xBF,0xE0,0x25,0x00,0x48,0x80,0xB0,0x60,0x00,0x00}},
  {0x75F0, {0x3F,0xE0,0x20,0x00,0xA9,0x20,0x69,0x40,0x32,0x80,0x24,0x40,0x61,0x20,0xA9,0x40,0x29,0x00,0x52,0x80,0x8C,0x60,0x00,0x00}},
  {0x75F4, {0x3F,0xE0,0x20,0x00,0xA8,0x00,0x6E,0xE0,0x34,0xA0,0x24,0xA0,0x7F,0xA0,0xA4,0xA0,0x24,0xE0,0x4A,0xA0,0x91,0x00,0x00,0x00}},
  {0x75F9, {0x3F,0xE0,0x20,0x00,0xAF,0xE0,0x69,0x20,0x2F,0xE0,0x29,0x20,0x6F,0xE0,0xA0,0x00,0x2F,0xE0,0x44,0x40,0x98,0x40,0x00,0x00}},
  {0x761F, {0x3F,0xE0,0x20,0x00,0xAF,0x80,0x68,0x80,0x2F,0x80,0x28,0x80,0x6F,0x80,0xA0,0x00,0x3F,0xC0,0x55,0x40,0xBF,0xE0,0x00,0x00}},
  {0x7624, {0x3F,0xE0,0x22,0x00,0xAD,0xE0,0x6A,0xA0,0x2D,0x60,0x20,0x00,0x6F,0xE0,0xA9,0x20,0x2F,0xE0,0x49,0x20,0x8F,0xE0,0x00,0x00}},
  {0x7626, {0x7F,0xE0,0x4A,0xC0,0xD2,0x40,0x5A,0xC0,0x52,0x40,0x5F,0xC0,0x42,0x00,0xDF,0xC0,0x48,0x40,0x47,0x80,0xB8,0x60,0x00,0x00}},
  {0x7629, {0x3F,0xE0,0x28,0x80,0xBF,0xE0,0x6A,0x80,0x25,0x00,0x28,0x80,0x77,0x60,0xA0,0x00,0x3F,0xC0,0x50,0x40,0x9F,0xC0,0x00,0x00}},
  {0x762A, {0x3F,0xE0,0x24,0x00,0xAF,0xC0,0x69,0x40,0x2C,0xC0,0x2A,0x40,0x6F,0xC0,0xA4,0x80,0x2F,0x40,0x54,0xA0,0x83,0x80,0x00,0x00}},
  {0x762B, {0x7F,0xE0,0x41,0x80,0xC1,0x40,0x7B,0xE0,0x4E,0x80,0x6B,0xE0,0xD2,0x80,0x53,0xE0,0x6A,0x80,0x4B,0xE0,0x82,0x00,0x00,0x00}},
  {0x7638, {0x7F,0xE0,0x48,0x00,0xDE,0xE0,0x4A,0xA0,0x56,0xE0,0x42,0x00,0xDF,0xE0,0x52,0x20,0x55,0x20,0x52,0x20,0x95,0x60,0x00,0x00}},
  {0x763E, {0x7F,0xE0,0x41,0x00,0xDD,0xC0,0x56,0x80,0x59,0xC0,0x54,0x40,0xD7,0xC0,0x55,0x00,0x58,0x40,0x56,0xA0,0x93,0x80,0x00,0x00}},
  {0x764C, {0x3F,0xE0,0x20,0x00,0xA7,0xC0,0x64,0x40,0x27,0xC0,0x2E,0xE0,0x6A,0xA0,0xAE,0xE0,0x21,0x00,0x49,0x20,0x8F,0xE0,0x00,0x00}},
  {0x765E, {0x7F,0xE0,0x48,0x80,0x7E,0xC0,0xC9,0x40,0x7E,0xE0,0x6A,0xA0,0x7E,0xA0,0xC8,0xA0,0x5C,0x40,0x6A,0xA0,0x89,0x20,0x00,0x00}},
  {0x7663, {0x7F,0xE0,0x48,0xA0,0xCE,0x40,0x52,0xE0,0x7F,0x40,0x55,0xE0,0xDF,0x40,0x55,0xE0,0x5F,0x40,0x40,0x40,0xBF,0x40,0x00,0x00}},
  {0x767B, {0x0A,0x80,0x91,0x20,0x51,0x40,0x2E,0x80,0x40,0x40,0xBF,0xA0,0x20,0x80,0x3F,0x80,0x11,0x00,0x0A,0x00,0xFF,0xE0,0x00,0x00}},
  {0x767D, {0x10,0x00,0x7F,0xC0,0x40,0x40,0x40,0x40,0x40,0x40,0x7F,0xC0,0x40,0x40,0x40,0x40,0x40,0x40,0x7F,0xC0,0x40,0x40,0x00,0x00}},
  {0x767E, {0xFF,0xE0,0x04,0x00,0x08,0x00,0x7F,0xC0,0x40,0x40,0x40,0x40,0x7F,0xC0,0x40,0x40,0x40,0x40,0x7F,0xC0,0x40,0x40,0x00,0x00}},
  {0x7682, {0x08,0x00,0x7F,0xC0,0x40,0x40,0x7F,0xC0,0x40,0x40,0x7F,0xC0,0x08,0x00,0x0B,0xE0,0xFC,0x00,0x08,0x20,0x07,0xE0,0x00,0x00}},
  {0x7684, {0x41,0x00,0xF9,0xE0,0x8A,0x20,0x8C,0x20,0x89,0x20,0xF8,0xA0,0x88,0xA0,0x88,0x20,0x88,0x20,0xF8,0x20,0x88,0xC0,0x00,0x00}},
  {0x7686, {0x7A,0x80,0x43,0x00,0x5A,0x20,0x61,0xE0,0x08,0x00,0x7F,0xC0,0x40,0x40,0x7F,0xC0,0x40,0x40,0x7F,0xC0,0x40,0x40,0x00,0x00}},
  {0x7687, {0x7F,0xC0,0x40,0x40,0x7F,0xC0,0x40,0x40,0x7F,0xC0,0x00,0x00,0x7F,0xC0,0x04,0x00,0x3F,0x80,0x04,0x00,0xFF,0xE0,0x00,0x00}},
  {0x76AE, {0x02,0x00,0x7F,0xE0,0x42,0x20,0x42,0x00,0x7F,0xC0,0x50,0x40,0x48,0x80,0x45,0x00,0x42,0x00,0x4D,0x80,0xB0,0x60,0x00,0x00}},
  {0x76B1, {0x70,0x80,0x97,0xE0,0x24,0xA0,0xF4,0x80,0x17,0xC0,0x15,0x40,0xF5,0x40,0x15,0x40,0x14,0x80,0xF5,0x40,0x0A,0x20,0x00,0x00}},
  {0x76BF, {0x7F,0xC0,0x4A,0x40,0x4A,0x40,0x4A,0x40,0x4A,0x40,0x4A,0x40,0x4A,0x40,0x4A,0x40,0x4A,0x40,0x4A,0x40,0xFF,0xE0,0x00,0x00}},
  {0x76C5, {0x04,0x00,0x7F,0xC0,0x44,0x40,0x44,0x40,0x7F,0xC0,0x04,0x00,0x04,0x00,0x7F,0xC0,0x4A,0x40,0x4A,0x40,0xFF,0xE0,0x00,0x00}},
  {0x76C6, {0x20,0x80,0x40,0x40,0xBF,0xA0,0x08,0x80,0x10,0x80,0x63,0x00,0x00,0x00,0x7F,0xC0,0x4A,0x40,0x4A,0x40,0xFF,0xE0,0x00,0x00}},
  {0x76C8, {0xFF,0x80,0x20,0x80,0x3D,0x00,0x55,0xC0,0x48,0x40,0x95,0x80,0x00,0x00,0x7F,0xC0,0x4A,0x40,0x4A,0x40,0xFF,0xE0,0x00,0x00}},
  {0x76CA, {0x20,0x80,0x11,0x00,0xFF,0xE0,0x20,0x80,0x40,0x40,0x80,0x20,0x7F,0xC0,0x4A,0x40,0x4A,0x40,0x4A,0x40,0xFF,0xE0,0x00,0x00}},
  {0x76CF, {0x0F,0xC0,0xF8,0x00,0x07,0xC0,0xFC,0x80,0x03,0x00,0x7D,0x20,0x00,0xE0,0x7F,0xC0,0x4A,0x40,0x4A,0x40,0xFF,0xE0,0x00,0x00}},
  {0x76D0, {0x11,0x00,0x7D,0x80,0x11,0x40,0x1D,0x20,0xF1,0x00,0x00,0x00,0x7F,0xC0,0x4A,0x40,0x4A,0x40,0x4A,0x40,0xFF,0xE0,0x00,0x00}},
  {0x76D1, {0x49,0x00,0x49,0xE0,0x4A,0x00,0x4C,0x80,0x08,0x40,0x00,0x00,0x7F,0xC0,0x4A,0x40,0x4A,0x40,0x4A,0x40,0xFF,0xE0,0x00,0x00}},
  {0x76D2, {0x0A,0x00,0x31,0x80,0xDF,0x60,0x00,0x00,0x3F,0x80,0x20,0x80,0x3F,0x80,0x00,0x00,0x7F,0xC0,0x4A,0x40,0xFF,0xE0,0x00,0x00}},
  {0x76D4, {0xFF,0xE0,0x22,0x00,0x2A,0x40,0x4A,0x80,0x55,0x00,0x48,0x80,0x90,0x60,0x7F,0xC0,0x4A,0x40,0x4A,0x40,0xFF,0xE0,0x00,0x00}},
  {0x76D6, {0x11,0x00,0x7F,0xC0,0x04,0x00,0x7F,0xC0,0x04,0x00,0xFF,0xE0,0x00,0x00,0x7F,0xC0,0x4A,0x40,0x4A,0x40,0xFF,0xE0,0x00,0x00}},
  {0x76D7, {0x8F,0xE0,0x52,0x20,0x02,0x40,0x05,0x00,0x48,0x80,0x90,0x60,0x00,0x00,0x7F,0xC0,0x4A,0x40,0x4A,0x40,0xFF,0xE0,0x00,0x00}},
  {0x76D8, {0x3F,0x80,0x28,0x80,0x24,0x80,0xFF,0xE0,0x28,0x80,0x45,0x80,0x80,0x00,0x7F,0xC0,0x4A,0x40,0x4A,0x40,0xFF,0xE0,0x00,0x00}},
  {0x76DB, {0x7F,0xE0,0x41,0x00,0x7D,0x20,0x45,0x40,0x44,0xA0,0x4D,0x60,0x82,0x20,0x7F,0xC0,0x4A,0x40,0x4A,0x40,0xFF,0xE0,0x00,0x00}},
  {0x76DF, {0xFA,0x20,0x8B,0xE0,0xFA,0x20,0x8B,0xE0,0xFA,0x20,0x04,0x60,0x08,0x00,0x7F,0xC0,0x4A,0x40,0x4A,0x40,0xFF,0xE0,0x00,0x00}},
  {0x76EE, {0x7F,0xC0,0x40,0x40,0x40,0x40,0x7F,0xC0,0x40,0x40,0x40,0x40,0x7F,0xC0,0x40,0x40,0x40,0x40,0x7F,0xC0,0x40,0x40,0x00,0x00}},
  {0x76EF, {0xF7,0xE0,0x90,0x80,0x90,0x80,0xF0,0x80,0x90,0x80,0x90,0x80,0xF0,0x80,0x90,0x80,0x90,0x80,0xF0,0x80,0x93,0x80,0x00,0x00}},
  {0x76F2, {0xFF,0xE0,0x40,0x00,0x7F,0xC0,0x00,0x00,0x7F,0xC0,0x40,0x40,0x7F,0xC0,0x40,0x40,0x7F,0xC0,0x40,0x40,0x7F,0xC0,0x00,0x00}},
  {0x76F4, {0x7F,0xE0,0x04,0x00,0x3F,0xC0,0x20,0x40,0x3F,0xC0,0x20,0x40,0x3F,0xC0,0x20,0x40,0x3F,0xC0,0x20,0x40,0x7F,0xE0,0x00,0x00}},
  {0x76F8, {0x27,0xE0,0x24,0x20,0xF4,0x20,0x27,0xE0,0x64,0x20,0x74,0x20,0xA7,0xE0,0x24,0x20,0x24,0x20,0x27,0xE0,0x24,0x20,0x00,0x00}},
  {0x76F9, {0xF1,0x00,0x97,0xE0,0x91,0x00,0xF5,0x20,0x95,0x20,0x95,0x20,0xF7,0xE0,0x91,0x00,0x91,0x20,0xF1,0x20,0x90,0xE0,0x00,0x00}},
  {0x76FC, {0xF2,0x80,0x94,0x40,0x94,0x40,0xF8,0x20,0x97,0xC0,0x92,0x40,0xF2,0x40,0x92,0x40,0x94,0x40,0xF4,0x40,0x89,0x80,0x00,0x00}},
  {0x76FE, {0x7E,0x00,0x42,0x00,0x7F,0xE0,0x42,0x00,0x5F,0xC0,0x50,0x40,0x5F,0xC0,0x50,0x40,0x5F,0xC0,0x50,0x40,0x9F,0xC0,0x00,0x00}},
  {0x7701, {0x24,0x80,0x45,0x40,0x86,0x20,0x18,0x00,0xFF,0xC0,0x20,0x40,0x3F,0xC0,0x20,0x40,0x3F,0xC0,0x20,0x40,0x3F,0xC0,0x00,0x00}},
  {0x7709, {0x42,0x20,0x42,0x20,0x7F,0xE0,0x40,0x00,0x5F,0xE0,0x50,0x20,0x5F,0xE0,0x50,0x20,0x5F,0xE0,0x50,0x20,0x9F,0xE0,0x00,0x00}},
  {0x770B, {0x7C,0x00,0x04,0x00,0x7F,0xC0,0x08,0x00,0xFF,0xE0,0x20,0x40,0x7F,0xC0,0xA0,0x40,0x3F,0xC0,0x20,0x40,0x3F,0xC0,0x00,0x00}},
  {0x771F, {0x7F,0xC0,0x04,0x00,0x3F,0x80,0x20,0x80,0x3F,0x80,0x20,0x80,0x3F,0x80,0x20,0x80,0xFF,0xE0,0x11,0x00,0x20,0x80,0x00,0x00}},
  {0x7720, {0x94,0x20,0x94,0x20,0xF7,0xE0,0x94,0x80,0x94,0x80,0xF7,0xE0,0x94,0x80,0x94,0x80,0xF4,0xA0,0x96,0x60,0x04,0x20,0x00,0x00}},
  {0x7728, {0xF7,0x00,0x90,0x00,0x91,0x00,0xF0,0x80,0x97,0xE0,0x90,0x40,0xF0,0x80,0x91,0x00,0x92,0x00,0xF5,0x00,0x88,0xE0,0x00,0x00}},
  {0x772F, {0xF1,0x00,0x99,0x20,0x95,0x40,0xF1,0x00,0x9F,0xE0,0x91,0x00,0xF3,0x80,0x95,0x40,0x99,0x20,0xF1,0x00,0x91,0x00,0x00,0x00}},
  {0x7736, {0xEF,0xE0,0xA8,0x00,0xAB,0xE0,0xE8,0x80,0xA8,0x80,0xAB,0xE0,0xE8,0x80,0xA8,0x80,0xAB,0xE0,0xE8,0x00,0xAF,0xE0,0x00,0x00}},
  {0x7737, {0x7F,0xC0,0x08,0x00,0xFF,0xE0,0x20,0x80,0x7F,0xC0,0xA0,0xA0,0x3F,0x80,0x20,0x80,0x3F,0x80,0x20,0x80,0x3F,0x80,0x00,0x00}},
  {0x773C, {0x94,0x40,0x94,0x40,0xF7,0xC0,0x94,0x40,0x94,0x40,0xF7,0xC0,0x95,0x20,0x95,0x40,0xF4,0x80,0x96,0x40,0x04,0x20,0x00,0x00}},
  {0x7740, {0xFF,0xE0,0x08,0x00,0x7F,0x80,0x10,0x00,0xFF,0xE0,0x20,0x80,0x7F,0x80,0xA0,0x80,0x3F,0x80,0x20,0x80,0x3F,0x80,0x00,0x00}},
  {0x7741, {0xE7,0x80,0xA8,0x80,0xB1,0x00,0xEF,0xC0,0xA2,0x40,0xBF,0xE0,0xE2,0x40,0xAF,0xC0,0xA2,0x40,0xE2,0x00,0xAE,0x00,0x00,0x00}},
  {0x775B, {0xEF,0xE0,0xA1,0x00,0xA7,0xC0,0xE1,0x00,0xAF,0xE0,0xA4,0x40,0xE7,0xC0,0xA4,0x40,0xA7,0xC0,0xE4,0x40,0xA4,0xC0,0x00,0x00}},
  {0x7761, {0xE7,0x00,0xA1,0x00,0xAF,0xE0,0xE5,0x40,0xA5,0x40,0xBF,0xE0,0xE5,0x40,0xA5,0x40,0xAF,0xE0,0xE1,0x00,0xA7,0xC0,0x00,0x00}},
  {0x7763, {0x1D,0x40,0x11,0x40,0xFE,0x80,0x55,0x40,0xBF,0xA0,0x20,0x80,0x3F,0x80,0x20,0x80,0x3F,0x80,0x20,0x80,0x3F,0x80,0x00,0x00}},
  {0x7766, {0xF1,0x00,0x97,0xC0,0x91,0x00,0xFF,0xE0,0x92,0x80,0x94,0x40,0xF9,0x20,0x97,0xC0,0x91,0x00,0xF1,0x00,0x9F,0xE0,0x00,0x00}},
  {0x776C, {0xEF,0x00,0xA2,0x20,0xA9,0x20,0xE4,0x40,0xA1,0x00,0xAF,0xE0,0xE1,0x00,0xA3,0x80,0xA5,0x40,0xE9,0x20,0xA1,0x00,0x00,0x00}},
  {0x7779, {0xF2,0x20,0x97,0x40,0x92,0x80,0xFF,0xE0,0x92,0x00,0x97,0xC0,0xFC,0x40,0x97,0xC0,0x94,0x40,0xF7,0xC0,0x94,0x40,0x00,0x00}},
  {0x7784, {0xEF,0xE0,0xA4,0x40,0xA0,0x00,0xEF,0xE0,0xA9,0x20,0xA9,0x20,0xEF,0xE0,0xA9,0x20,0xA9,0x20,0xEF,0xE0,0xA8,0x20,0x00,0x00}},
  {0x778E, {0xEF,0xE0,0xA9,0x20,0xA7,0xC0,0xE1,0x00,0xA7,0xC0,0xA1,0x00,0xEF,0xE0,0xA1,0x00,0xA7,0xC0,0xE4,0x40,0xA7,0xC0,0x00,0x00}},
  {0x7792, {0xEF,0xE0,0xA4,0x40,0xA0,0x00,0xEF,0xE0,0xA2,0x80,0xAF,0xE0,0xEA,0xA0,0xAA,0xA0,0xAD,0x60,0xE8,0x20,0xA8,0x60,0x00,0x00}},
  {0x77A7, {0xE4,0x80,0xAF,0xE0,0xA9,0x00,0xFF,0xC0,0xA9,0x00,0xAF,0xC0,0xE9,0x00,0xAF,0xE0,0xA8,0x00,0xF5,0x40,0x92,0xA0,0x00,0x00}},
  {0x77AA, {0xE2,0xC0,0xAA,0x80,0xA4,0xA0,0xEB,0x40,0xB0,0x20,0xAF,0xC0,0xE8,0x40,0xAF,0xC0,0xA8,0x40,0xE4,0x80,0xBF,0xE0,0x00,0x00}},
  {0x77AC, {0xEF,0x00,0xAA,0x20,0xA5,0x40,0xEF,0xE0,0xA8,0x20,0xA4,0x40,0xE6,0xE0,0xAB,0x40,0xA5,0xE0,0xE4,0x40,0xA8,0x40,0x00,0x00}},
  {0x77AD, {0xEF,0xE0,0xA1,0x00,0xAA,0xA0,0xE4,0x40,0xAF,0xE0,0xA4,0x40,0xE7,0xC0,0xA4,0x40,0xA7,0xC0,0xE5,0x40,0xAB,0x20,0x00,0x00}},
  {0x77B3, {0xF7,0xC0,0x92,0x80,0x9F,0xE0,0xF5,0x40,0x97,0xC0,0x95,0x40,0xF7,0xC0,0x91,0x00,0x97,0xC0,0xF1,0x00,0x8F,0xE0,0x00,0x00}},
  {0x77BB, {0xE8,0x80,0xAF,0xE0,0xAA,0x40,0xED,0x20,0xAB,0xC0,0xA8,0x00,0xEB,0xC0,0xA8,0x00,0xAB,0xC0,0xEA,0x40,0xB3,0xC0,0x00,0x00}},
  {0x77D7, {0x7F,0xC0,0x04,0x00,0x3F,0x80,0x20,0x80,0x24,0x80,0xFF,0xE0,0x11,0x00,0x7B,0xC0,0x4A,0x40,0x4A,0x40,0xFF,0xE0,0x00,0x00}},
  {0x77DB, {0x00,0x80,0x0D,0x00,0x02,0x00,0xFF,0xE0,0x06,0x20,0x0A,0x20,0x12,0x40,0x22,0x00,0xC2,0x00,0x02,0x00,0x0E,0x00,0x00,0x00}},
  {0x77E2, {0x20,0x00,0x3F,0xC0,0x44,0x00,0x84,0x00,0x04,0x00,0xFF,0xE0,0x04,0x00,0x0A,0x00,0x11,0x00,0x20,0x80,0xC0,0x60,0x00,0x00}},
  {0x77E5, {0x20,0x00,0x3D,0xE0,0x51,0x20,0x91,0x20,0x11,0x20,0xFF,0x20,0x11,0x20,0x29,0x20,0x25,0xE0,0x45,0x20,0x80,0x00,0x00,0x00}},
  {0x77E9, {0x47,0xE0,0x74,0x00,0xA4,0x00,0x27,0xE0,0x24,0x20,0xFC,0x20,0x24,0x20,0x27,0xE0,0x54,0x00,0x54,0x00,0x87,0xE0,0x00,0x00}},
  {0x77EB, {0x47,0x00,0x71,0x00,0xA7,0xE0,0x22,0x80,0x24,0x40,0xF8,0x20,0x22,0x40,0x22,0x40,0x52,0x40,0x52,0x40,0x84,0x40,0x00,0x00}},
  {0x77ED, {0x4F,0xE0,0x70,0x00,0xA7,0xC0,0x24,0x40,0x24,0x40,0xF7,0xC0,0x20,0x00,0x24,0x40,0x52,0x80,0x50,0x00,0x8F,0xE0,0x00,0x00}},
  {0x77EE, {0x47,0x00,0x71,0x00,0xAF,0xE0,0x25,0x40,0x29,0x20,0xF1,0x00,0x2F,0xE0,0x22,0x40,0x56,0x40,0x51,0x80,0x8E,0x60,0x00,0x00}},
  {0x77F3, {0xFF,0xE0,0x08,0x00,0x08,0x00,0x10,0x00,0x1F,0xC0,0x30,0x40,0x50,0x40,0x90,0x40,0x10,0x40,0x1F,0xC0,0x10,0x40,0x00,0x00}},
  {0x77FE, {0xF7,0x80,0x24,0x80,0x24,0x80,0x44,0x80,0x76,0x80,0xD5,0x80,0x54,0x80,0x54,0x80,0x74,0xA0,0x48,0xA0,0x10,0x60,0x00,0x00}},
  {0x77FF, {0xF0,0x80,0x27,0xE0,0x24,0x00,0x44,0x00,0x74,0x00,0xD4,0x00,0x54,0x00,0x54,0x00,0x74,0x00,0x54,0x00,0x08,0x00,0x00,0x00}},
  {0x7801, {0xF0,0x40,0x24,0x40,0x24,0x40,0x44,0x40,0x77,0xE0,0xD0,0x20,0x50,0x20,0x5F,0xA0,0x70,0x20,0x50,0x20,0x00,0xC0,0x00,0x00}},
  {0x7802, {0xF1,0x00,0x21,0x40,0x25,0x20,0x45,0x20,0x75,0x20,0xD9,0x00,0x51,0x20,0x50,0x40,0x70,0x80,0x43,0x00,0x0C,0x00,0x00,0x00}},
  {0x780C, {0xF5,0xE0,0x24,0xA0,0x26,0xA0,0x4C,0xA0,0x74,0xA0,0xD4,0xA0,0x56,0xA0,0x55,0x20,0x71,0x20,0x52,0x20,0x04,0xC0,0x00,0x00}},
  {0x780D, {0xF2,0x00,0x23,0xE0,0x24,0x20,0x44,0x40,0x79,0x00,0xD1,0x00,0x51,0x00,0x52,0x80,0x72,0x80,0x54,0x40,0x08,0x20,0x00,0x00}},
  {0x7814, {0xF7,0xE0,0x22,0x40,0x22,0x40,0x42,0x40,0x77,0xE0,0xD2,0x40,0x52,0x40,0x52,0x40,0x72,0x40,0x52,0x40,0x04,0x40,0x00,0x00}},
  {0x7816, {0xF1,0x00,0x2F,0xC0,0x22,0x00,0x42,0x00,0x7F,0xE0,0xD4,0x00,0x57,0xC0,0x50,0x40,0x76,0x80,0x51,0x80,0x00,0x40,0x00,0x00}},
  {0x781A, {0xF7,0xC0,0x24,0x40,0x25,0x40,0x45,0x40,0x75,0x40,0xD5,0x40,0x55,0x40,0x52,0x80,0x72,0x80,0x54,0xA0,0x08,0x60,0x00,0x00}},
  {0x7830, {0xF7,0xC0,0x21,0x00,0x29,0x20,0x45,0x20,0x75,0x40,0xD1,0x00,0x5F,0xE0,0x51,0x00,0x51,0x00,0x71,0x00,0x51,0x00,0x00,0x00}},
  {0x7834, {0xF0,0x80,0x27,0xE0,0x24,0xA0,0x44,0x80,0x77,0xC0,0xD5,0x40,0x55,0x40,0x55,0x40,0x74,0x80,0x49,0x40,0x12,0x20,0x00,0x00}},
  {0x7838, {0xEF,0xE0,0x48,0x80,0x48,0x80,0x8B,0xE0,0xEA,0xA0,0xAA,0xA0,0xAA,0xA0,0xAA,0xE0,0xE8,0x80,0xA8,0x80,0x0F,0xE0,0x00,0x00}},
  {0x783E, {0xF7,0x00,0x24,0x00,0x25,0x00,0x45,0x00,0x77,0xE0,0xD1,0x00,0x55,0x40,0x55,0x20,0x79,0x20,0x51,0x00,0x03,0x00,0x00,0x00}},
  {0x7840, {0xF8,0x80,0x22,0xA0,0x22,0xA0,0x42,0xA0,0x7B,0xE0,0xC8,0x80,0x4A,0xA0,0x4A,0xA0,0x7A,0xA0,0x4B,0xE0,0x00,0x20,0x00,0x00}},
  {0x7845, {0xF1,0x00,0x27,0xC0,0x21,0x00,0x41,0x00,0x77,0xE0,0xD0,0x00,0x51,0x00,0x57,0xC0,0x71,0x00,0x51,0x00,0x0F,0xE0,0x00,0x00}},
  {0x7855, {0xF7,0xE0,0x21,0x00,0x22,0x00,0x47,0xC0,0x74,0x40,0xD5,0x40,0x55,0x40,0x55,0x40,0x72,0x80,0x44,0x40,0x08,0x20,0x00,0x00}},
  {0x785D, {0xF9,0x20,0x25,0x40,0x21,0x00,0x47,0xE0,0x74,0x20,0xD7,0xE0,0x54,0x20,0x57,0xE0,0x54,0x20,0x74,0x20,0x54,0x60,0x00,0x00}},
  {0x786B, {0xF0,0x80,0x27,0xE0,0x21,0x00,0x42,0x40,0x77,0xE0,0xD0,0x20,0x55,0x40,0x55,0x40,0x75,0x40,0x55,0x40,0x08,0x60,0x00,0x00}},
  {0x786C, {0xF7,0xE0,0x21,0x00,0x27,0xC0,0x45,0x40,0x77,0xC0,0xD5,0x40,0x57,0xC0,0x59,0x00,0x55,0x00,0x73,0x00,0x54,0xE0,0x00,0x00}},
  {0x786E, {0xF3,0xC0,0x24,0x40,0x20,0x80,0x47,0xE0,0x75,0x20,0xD7,0xE0,0x55,0x20,0x57,0xE0,0x75,0x20,0x55,0x20,0x08,0x60,0x00,0x00}},
  {0x787C, {0xFA,0xA0,0x2A,0xA0,0x2E,0xA0,0x4A,0xE0,0x7A,0xA0,0xCE,0xA0,0x4A,0xE0,0x4A,0xA0,0x7A,0xA0,0x4B,0x20,0x16,0x60,0x00,0x00}},
  {0x7889, {0xF4,0x20,0x25,0x20,0x27,0xA0,0x45,0x20,0x77,0xE0,0xD4,0x20,0x57,0xA0,0x56,0xA0,0x7B,0xA0,0x48,0x20,0x10,0xE0,0x00,0x00}},
  {0x788C, {0xF0,0x40,0x27,0xC0,0x20,0x40,0x4F,0xE0,0x71,0x00,0xD9,0x20,0x55,0x40,0x53,0x80,0x55,0x40,0x79,0x20,0x53,0x00,0x00,0x00}},
  {0x788D, {0xF4,0x20,0x27,0xE0,0x24,0x20,0x47,0xE0,0x70,0x00,0xD7,0xE0,0x50,0x40,0x5F,0xE0,0x74,0x40,0x52,0x40,0x00,0xC0,0x00,0x00}},
  {0x788E, {0xF1,0x00,0x2F,0xE0,0x24,0x40,0x44,0x40,0x7A,0xA0,0xD0,0x00,0x51,0x00,0x5F,0xE0,0x71,0x00,0x51,0x00,0x01,0x00,0x00,0x00}},
  {0x7891, {0xF2,0x00,0x27,0xE0,0x24,0xA0,0x47,0xE0,0x75,0x20,0xD7,0xE0,0x52,0x00,0x54,0x80,0x5F,0xE0,0x70,0x80,0x50,0x80,0x00,0x00}},
  {0x7897, {0xEF,0xE0,0x48,0x20,0x44,0x00,0x86,0xE0,0xEA,0xA0,0xAA,0xA0,0xB6,0xE0,0xA2,0x80,0xE4,0xA0,0xA4,0xA0,0x08,0x60,0x00,0x00}},
  {0x7898, {0xE2,0x80,0x4F,0xE0,0x4A,0xA0,0x8A,0xA0,0xEF,0xE0,0xAA,0xA0,0xAA,0xA0,0xBF,0xE0,0xE0,0x00,0xA4,0x40,0x08,0x20,0x00,0x00}},
  {0x789F, {0xF5,0x40,0x2F,0xE0,0x25,0x40,0x45,0xC0,0x74,0x00,0xD7,0xE0,0x51,0x00,0x5F,0xE0,0x73,0x80,0x55,0x40,0x09,0x20,0x00,0x00}},
  {0x78A7, {0xFB,0xE0,0x22,0x20,0xFB,0xE0,0x22,0x20,0xFB,0xE0,0x00,0x00,0xFF,0xE0,0x10,0x00,0x3F,0xC0,0x60,0x40,0xBF,0xC0,0x00,0x00}},
  {0x78B0, {0xF2,0x80,0x20,0x00,0x2F,0xE0,0x42,0x80,0x72,0x80,0xDA,0xA0,0x56,0xC0,0x52,0x80,0x72,0x80,0x52,0x80,0x0F,0xE0,0x00,0x00}},
  {0x78B1, {0xE0,0x80,0x4F,0xE0,0x48,0x80,0x8E,0x80,0xE8,0xA0,0xAE,0xA0,0xAA,0xC0,0xAA,0xC0,0xEE,0xA0,0xA9,0x60,0x12,0x20,0x00,0x00}},
  {0x78B3, {0xF9,0x20,0x2F,0xE0,0x22,0x00,0x4F,0xE0,0x72,0x00,0xD2,0x80,0x54,0xA0,0x55,0xC0,0x7A,0x80,0x49,0x40,0x12,0x20,0x00,0x00}},
  {0x78B4, {0xF1,0x00,0x2F,0xE0,0x25,0x40,0x49,0x20,0x77,0xC0,0xD4,0x40,0x57,0xC0,0x54,0x40,0x77,0xC0,0x40,0x00,0x1F,0xE0,0x00,0x00}},
  {0x78BE, {0xEF,0xE0,0x48,0x20,0x4F,0xE0,0x89,0x40,0xEF,0xE0,0xA9,0x40,0xAF,0xE0,0xAA,0x80,0xEA,0xA0,0xAB,0x40,0x12,0x20,0x00,0x00}},
  {0x78C1, {0xE2,0x40,0x40,0x80,0x4F,0xE0,0x84,0x40,0xE8,0x80,0xAA,0xA0,0xAC,0xC0,0xA4,0x40,0xEA,0xA0,0xAE,0xE0,0x02,0x20,0x00,0x00}},
  {0x78C5, {0xF7,0xE0,0x22,0x40,0x21,0x80,0x47,0xE0,0x75,0x20,0xD0,0x80,0x57,0xE0,0x52,0x00,0x73,0xE0,0x52,0x20,0x04,0xC0,0x00,0x00}},
  {0x78D5, {0xF7,0xC0,0x21,0x00,0x27,0xC0,0x41,0x00,0x72,0x40,0xD7,0xC0,0x50,0x00,0x57,0xC0,0x75,0x40,0x55,0x40,0x0F,0xE0,0x00,0x00}},
  {0x78E8, {0x7F,0xE0,0x48,0x80,0x7D,0xE0,0x5A,0xC0,0x68,0xA0,0x40,0x00,0x7F,0xE0,0x48,0x00,0x5F,0xC0,0x68,0x40,0x8F,0xC0,0x00,0x00}},
  {0x78F7, {0xF5,0x40,0x2F,0xE0,0x25,0x40,0x49,0x20,0x74,0x40,0xD6,0xE0,0x5A,0x40,0x5B,0x40,0x75,0xE0,0x54,0x40,0x08,0x40,0x00,0x00}},
  {0x7901, {0xF2,0x40,0x27,0xE0,0x2C,0x80,0x47,0xE0,0x74,0x80,0xD7,0xE0,0x54,0x80,0x57,0xE0,0x74,0x00,0x4A,0xA0,0x0A,0xA0,0x00,0x00}},
  {0x793A, {0x3F,0x80,0x00,0x00,0x00,0x00,0xFF,0xE0,0x04,0x00,0x04,0x00,0x24,0x80,0x24,0x40,0x44,0x20,0x84,0x20,0x0C,0x00,0x00,0x00}},
  {0x793C, {0x22,0x00,0xF2,0x00,0x12,0x00,0x22,0x00,0x22,0x00,0x72,0x00,0xAA,0x00,0x22,0x20,0x22,0x20,0x22,0x20,0x21,0xE0,0x00,0x00}},
  {0x793E, {0x21,0x00,0xF1,0x00,0x11,0x00,0x27,0xC0,0x31,0x00,0x69,0x00,0xA1,0x00,0x21,0x00,0x21,0x00,0x21,0x00,0x2F,0xE0,0x00,0x00}},
  {0x7948, {0x23,0x80,0xF2,0x00,0x12,0x00,0x23,0xE0,0x32,0x40,0x6A,0x40,0xA2,0x40,0x22,0x40,0x22,0x40,0x24,0x40,0x28,0x40,0x00,0x00}},
  {0x7956, {0x27,0xC0,0xF4,0x40,0x14,0x40,0x27,0xC0,0x34,0x40,0x6C,0x40,0xA7,0xC0,0x24,0x40,0x24,0x40,0x24,0x40,0x2F,0xE0,0x00,0x00}},
  {0x795D, {0x27,0xC0,0xF4,0x40,0x14,0x40,0x24,0x40,0x24,0x40,0x77,0xC0,0xAA,0x80,0x22,0x80,0x22,0x80,0x24,0xA0,0x28,0x60,0x00,0x00}},
  {0x795E, {0x21,0x00,0xF7,0xE0,0x15,0x20,0x25,0x20,0x37,0xE0,0x6D,0x20,0xA5,0x20,0x27,0xE0,0x25,0x20,0x21,0x00,0x21,0x00,0x00,0x00}},
  {0x795F, {0x44,0x40,0x7F,0xC0,0x84,0x20,0xFF,0xE0,0x00,0x00,0x7F,0xC0,0x00,0x00,0xFF,0xE0,0x04,0x00,0x24,0x80,0x4C,0x40,0x00,0x00}},
  {0x7960, {0x27,0xE0,0xF0,0x20,0x17,0xA0,0x20,0x20,0x37,0xA0,0x6C,0xA0,0xA4,0xA0,0x27,0xA0,0x24,0x20,0x20,0x20,0x20,0xC0,0x00,0x00}},
  {0x7965, {0x22,0x80,0xF7,0xC0,0x11,0x00,0x21,0x00,0x37,0xC0,0x69,0x00,0xA1,0x00,0x2F,0xE0,0x21,0x00,0x21,0x00,0x21,0x00,0x00,0x00}},
  {0x7968, {0x0A,0x00,0x7F,0xC0,0x4A,0x40,0x7F,0xC0,0x00,0x00,0x7F,0xC0,0x00,0x00,0xFF,0xE0,0x04,0x00,0x24,0x80,0x4C,0x40,0x00,0x00}},
  {0x796D, {0x7B,0xE0,0xAA,0x20,0x51,0x40,0x20,0x80,0x5F,0x40,0x80,0x20,0x7F,0xC0,0x04,0x00,0x24,0x80,0x44,0x40,0x8C,0x20,0x00,0x00}},
  {0x7977, {0x27,0xE0,0xF1,0x00,0x17,0xC0,0x21,0x00,0x2F,0xE0,0x72,0x40,0xAB,0xE0,0x24,0x40,0x25,0x40,0x28,0x40,0x20,0xC0,0x00,0x00}},
  {0x7978, {0x24,0x40,0xF4,0x40,0x17,0xC0,0x21,0x00,0x2F,0xE0,0x79,0x20,0xA9,0x20,0x2A,0xA0,0x2C,0x60,0x28,0x20,0x28,0x60,0x00,0x00}},
  {0x7980, {0xFF,0xE0,0x40,0x40,0x5F,0x40,0x51,0x40,0x7F,0xC0,0x00,0x00,0x3F,0x80,0x00,0x00,0xFF,0xE0,0x24,0x80,0x4C,0x40,0x00,0x00}},
  {0x7981, {0xFB,0xE0,0x20,0x80,0x71,0xC0,0xAA,0xA0,0x20,0x80,0x7F,0xC0,0x00,0x00,0xFF,0xE0,0x04,0x00,0x24,0x80,0x4C,0x40,0x00,0x00}},
  {0x798F, {0x20,0x00,0xF7,0xC0,0x14,0x40,0x27,0xC0,0x30,0x00,0x6F,0xE0,0xA9,0x20,0x2F,0xE0,0x29,0x20,0x2F,0xE0,0x28,0x20,0x00,0x00}},
  {0x79BB, {0xFF,0xE0,0x11,0x00,0x4E,0x40,0x51,0x40,0x7F,0xC0,0x04,0x00,0xFF,0xE0,0x88,0x20,0x92,0x20,0xBF,0x20,0x81,0x60,0x00,0x00}},
  {0x79BD, {0x1B,0x00,0xE4,0xE0,0x3F,0x80,0x11,0x00,0x4E,0x40,0x51,0x40,0x7F,0xC0,0x04,0x00,0xFF,0xE0,0x92,0x20,0xBF,0x60,0x00,0x00}},
  {0x79BE, {0x3C,0x00,0x04,0x00,0x04,0x00,0xFF,0xE0,0x0E,0x00,0x15,0x00,0x15,0x00,0x24,0x80,0x44,0x40,0x84,0x20,0x04,0x00,0x00,0x00}},
  {0x79C0, {0x3C,0x00,0x04,0x00,0xFF,0xE0,0x15,0x00,0x24,0x80,0xFF,0x60,0x11,0x00,0x11,0xC0,0x10,0x40,0x20,0x40,0x43,0x80,0x00,0x00}},
  {0x79C1, {0x70,0x80,0x10,0x80,0x10,0x80,0xFC,0x80,0x11,0x00,0x39,0x00,0x55,0x00,0x91,0x40,0x12,0x20,0x17,0xE0,0x10,0x20,0x00,0x00}},
  {0x79C3, {0x3C,0x00,0x04,0x00,0xFF,0xE0,0x15,0x00,0x24,0x80,0xC0,0x60,0x1F,0x00,0x11,0x00,0x11,0x00,0x21,0x20,0xC0,0xE0,0x00,0x00}},
  {0x79C6, {0xE7,0xC0,0x21,0x00,0x21,0x00,0xF9,0x00,0x21,0x00,0x77,0xE0,0x69,0x00,0xA1,0x00,0x21,0x00,0x21,0x00,0x21,0x00,0x00,0x00}},
  {0x79C9, {0x3C,0x00,0x04,0x00,0xFF,0xE0,0x04,0x00,0x7F,0xC0,0x04,0x40,0xFF,0xE0,0x04,0x40,0x7F,0xC0,0x15,0x00,0x64,0xC0,0x00,0x00}},
  {0x79CB, {0xE1,0x00,0x25,0x20,0x25,0x20,0xF5,0x40,0x29,0x00,0x61,0x00,0x72,0x80,0xA2,0x80,0x24,0x40,0x24,0x40,0x28,0x20,0x00,0x00}},
  {0x79CD, {0xE1,0x00,0x21,0x00,0x2F,0xE0,0xF9,0x20,0x29,0x20,0x79,0x20,0x6F,0xE0,0xA9,0x20,0x21,0x00,0x21,0x00,0x21,0x00,0x00,0x00}},
  {0x79D1, {0xE4,0x80,0x22,0x80,0x20,0x80,0xFC,0x80,0x22,0x80,0x70,0x80,0x68,0xE0,0xA7,0x80,0x20,0x80,0x20,0x80,0x20,0x80,0x00,0x00}},
  {0x79D2, {0xE1,0x00,0x21,0x40,0x25,0x20,0xF5,0x20,0x25,0x20,0x69,0x00,0x71,0x20,0xA0,0x40,0x20,0x80,0x23,0x00,0x2C,0x00,0x00,0x00}},
  {0x79D5, {0xE4,0x80,0x24,0xA0,0x24,0xA0,0xF7,0xC0,0x24,0x80,0x74,0x80,0x6C,0x80,0xA4,0x80,0x25,0xA0,0x26,0xA0,0x24,0x60,0x00,0x00}},
  {0x79D8, {0xE1,0x00,0x21,0x40,0x20,0x40,0xFA,0x40,0x2A,0xA0,0x6A,0xA0,0x73,0x20,0xA2,0x00,0x26,0x40,0x2A,0x40,0x31,0xC0,0x00,0x00}},
  {0x79DF, {0xE7,0xC0,0x24,0x40,0x24,0x40,0xF7,0xC0,0x24,0x40,0x74,0x40,0x6F,0xC0,0xA4,0x40,0x24,0x40,0x24,0x40,0x2F,0xE0,0x00,0x00}},
  {0x79E4, {0xE7,0xC0,0x21,0x00,0x29,0x20,0xF5,0x20,0x25,0x40,0x71,0x00,0x6F,0xE0,0xA1,0x00,0x21,0x00,0x21,0x00,0x21,0x00,0x00,0x00}},
  {0x79E6, {0x7F,0xC0,0x08,0x00,0x3F,0x80,0x10,0x00,0xFF,0xE0,0x20,0x80,0x5F,0x40,0x84,0x20,0x7F,0xC0,0x15,0x00,0x24,0x80,0x00,0x00}},
  {0x79E7, {0xE1,0x00,0x27,0xC0,0x25,0x40,0xF5,0x40,0x25,0x40,0x75,0x40,0x6F,0xE0,0xA1,0x00,0x22,0x80,0x24,0x40,0x28,0x20,0x00,0x00}},
  {0x79E9, {0xE1,0x00,0x25,0x00,0x27,0xC0,0xF9,0x00,0x21,0x00,0x77,0xE0,0x69,0x00,0xA2,0x80,0x22,0x80,0x24,0x40,0x28,0x20,0x00,0x00}},
  {0x79EB, {0xE1,0x20,0x21,0x00,0x27,0xE0,0xF1,0x00,0x23,0x80,0x63,0x80,0x75,0x40,0xA5,0x40,0x29,0x20,0x21,0x00,0x21,0x00,0x00,0x00}},
  {0x79EF, {0xE7,0xC0,0x24,0x40,0x24,0x40,0xF4,0x40,0x24,0x40,0x64,0x40,0x77,0xC0,0xA0,0x00,0x22,0x80,0x24,0x40,0x28,0x20,0x00,0x00}},
  {0x79F0, {0xE2,0x00,0x23,0xE0,0x24,0x20,0xF9,0x40,0x21,0x00,0x75,0x40,0x6D,0x20,0xA5,0x20,0x29,0x20,0x21,0x00,0x23,0x00,0x00,0x00}},
  {0x79F8, {0xE1,0x00,0x2F,0xE0,0x21,0x00,0xF1,0x00,0x27,0xC0,0x60,0x00,0x77,0xC0,0xA4,0x40,0x24,0x40,0x27,0xC0,0x24,0x40,0x00,0x00}},
  {0x79FB, {0xE3,0xC0,0x24,0x40,0x2A,0x80,0xF1,0x00,0x22,0x80,0x65,0xE0,0x72,0x20,0xA5,0x40,0x20,0x80,0x23,0x00,0x2C,0x00,0x00,0x00}},
  {0x79FD, {0xE9,0x20,0x29,0x20,0x2F,0xE0,0xF2,0x00,0x23,0xE0,0x74,0x20,0x6A,0x20,0xA1,0x40,0x20,0x80,0x23,0x00,0x2C,0x00,0x00,0x00}},
  {0x7A00, {0xE3,0x80,0x24,0x40,0x21,0x00,0xF7,0xE0,0x22,0x00,0x75,0x00,0x6F,0xE0,0xA5,0x20,0x25,0x20,0x25,0x60,0x21,0x00,0x00,0x00}},
  {0x7A0B, {0xE4,0x40,0x24,0x40,0x27,0xC0,0xF0,0x00,0x27,0xC0,0x71,0x00,0x69,0x00,0xA7,0xC0,0x21,0x00,0x21,0x00,0x2F,0xE0,0x00,0x00}},
  {0x7A0D, {0xE9,0x20,0x25,0x40,0x21,0x00,0xF7,0xE0,0x24,0x20,0x67,0xE0,0x74,0x20,0xA7,0xE0,0x24,0x20,0x24,0x20,0x24,0x60,0x00,0x00}},
  {0x7A0E, {0xE2,0x80,0x20,0x00,0x27,0xC0,0xF4,0x40,0x24,0x40,0x67,0xC0,0x72,0x80,0xA2,0x80,0x22,0x80,0x24,0xA0,0x28,0x60,0x00,0x00}},
  {0x7A1A, {0xE2,0x40,0x27,0xE0,0x24,0x80,0xFC,0x80,0x27,0xE0,0x74,0x80,0x6C,0x80,0xA7,0xE0,0x24,0x80,0x24,0x80,0x27,0xE0,0x00,0x00}},
  {0x7A20, {0xE8,0x20,0x29,0x20,0x2B,0xA0,0xF9,0x20,0x2F,0xE0,0x68,0x20,0x7B,0xA0,0xAA,0xA0,0x2B,0xA0,0x28,0x20,0x30,0xE0,0x00,0x00}},
  {0x7A33, {0xE7,0x80,0x28,0x80,0x27,0xC0,0xF0,0x40,0x27,0xC0,0x70,0x40,0x6F,0xC0,0xA2,0x00,0x29,0x40,0x34,0xA0,0x27,0x80,0x00,0x00}},
  {0x7A3B, {0xE7,0x00,0x21,0x20,0x24,0xA0,0xF2,0x40,0x21,0x00,0x66,0x60,0x74,0x20,0xA6,0x60,0x24,0x20,0x27,0xE0,0x24,0x20,0x00,0x00}},
  {0x7A3C, {0xEF,0xE0,0x28,0x20,0x27,0xC0,0xF2,0x00,0x25,0x20,0x6A,0xC0,0x75,0x80,0xAA,0xC0,0x24,0xA0,0x28,0x80,0x23,0x00,0x00,0x00}},
  {0x7A3D, {0xEF,0xC0,0x25,0x20,0x28,0xE0,0xF7,0x80,0x24,0x20,0x73,0xE0,0x6F,0xC0,0xA4,0x40,0x27,0xC0,0x24,0x40,0x27,0xC0,0x00,0x00}},
  {0x7A3F, {0xEF,0xE0,0x20,0x00,0x27,0xC0,0xF4,0x40,0x27,0xC0,0x70,0x00,0x6F,0xE0,0xA8,0x20,0x2B,0xA0,0x2A,0xA0,0x2B,0xA0,0x00,0x00}},
  {0x7A46, {0xE7,0xC0,0x24,0x40,0x27,0xC0,0xF4,0x40,0x27,0xC0,0x75,0x40,0x6B,0x20,0xA4,0x80,0x23,0x00,0x20,0xC0,0x27,0x00,0x00,0x00}},
  {0x7A57, {0xEF,0xE0,0x21,0x00,0x27,0xC0,0xF5,0x40,0x27,0xC0,0x75,0x40,0x6F,0xE0,0xA2,0x00,0x21,0x40,0x26,0xA0,0x2B,0xA0,0x00,0x00}},
  {0x7A74, {0x04,0x00,0xFF,0xE0,0x80,0x20,0x91,0x20,0x11,0x00,0x11,0x00,0x11,0x00,0x20,0x80,0x20,0x80,0x40,0x40,0x80,0x20,0x00,0x00}},
  {0x7A76, {0x04,0x00,0xFF,0xE0,0x91,0x20,0x20,0x80,0x48,0x40,0x08,0x00,0x7F,0x00,0x09,0x00,0x11,0x00,0x21,0x20,0xC0,0xE0,0x00,0x00}},
  {0x7A77, {0x04,0x00,0xFF,0xE0,0x91,0x20,0x20,0x80,0x48,0x40,0x08,0x00,0x7F,0xC0,0x10,0x40,0x10,0x40,0x20,0x40,0x41,0x80,0x00,0x00}},
  {0x7A7A, {0x04,0x00,0xFF,0xE0,0x91,0x20,0x20,0x80,0x40,0x40,0x00,0x00,0x7F,0xC0,0x04,0x00,0x04,0x00,0x04,0x00,0xFF,0xE0,0x00,0x00}},
  {0x7A7F, {0xFF,0xE0,0x91,0x20,0x20,0x80,0x7F,0xC0,0x01,0x00,0x41,0x00,0x7F,0xE0,0x05,0x00,0x09,0x00,0x31,0x00,0xC3,0x00,0x00,0x00}},
  {0x7A81, {0x04,0x00,0xFF,0xE0,0x91,0x20,0xA0,0xA0,0x05,0x00,0x04,0x80,0xFF,0xE0,0x0A,0x00,0x11,0x00,0x20,0x80,0xC0,0x60,0x00,0x00}},
  {0x7A83, {0xFF,0xE0,0xA0,0xA0,0x40,0x40,0x27,0xE0,0x21,0x20,0x39,0x20,0xE1,0x20,0x21,0x20,0x2A,0x20,0x32,0x20,0x24,0xC0,0x00,0x00}},
  {0x7A84, {0xFF,0xE0,0xA0,0xA0,0x50,0x40,0x10,0x00,0x3F,0xE0,0x48,0x00,0x8F,0xC0,0x08,0x00,0x0F,0xE0,0x08,0x00,0x08,0x00,0x00,0x00}},
  {0x7A8D, {0xFF,0xE0,0x91,0x20,0x20,0x80,0x00,0x00,0xF7,0xE0,0x21,0x00,0x22,0x00,0x23,0xE0,0x38,0x20,0xC0,0x20,0x00,0xC0,0x00,0x00}},
  {0x7A91, {0xFF,0xE0,0xA0,0xA0,0x40,0x40,0x20,0x00,0x3F,0xC0,0x44,0x00,0x04,0x00,0xFF,0xE0,0x04,0x00,0x44,0x40,0x7F,0xC0,0x00,0x00}},
  {0x7A92, {0xFF,0xE0,0xA0,0xA0,0x40,0x40,0xBF,0xA0,0x08,0x00,0x11,0x00,0x3F,0x80,0x04,0x00,0x7F,0xC0,0x04,0x00,0xFF,0xE0,0x00,0x00}},
  {0x7A96, {0xFF,0xE0,0xA0,0xA0,0x44,0x40,0x24,0x00,0x3F,0xC0,0x44,0x00,0xFF,0xE0,0x00,0x00,0x7F,0xC0,0x40,0x40,0x7F,0xC0,0x00,0x00}},
  {0x7A97, {0xFF,0xE0,0x91,0x20,0x24,0x80,0x08,0x00,0x7F,0xC0,0x48,0x40,0x5F,0x40,0x72,0x40,0x4C,0x40,0x52,0x40,0x7F,0xC0,0x00,0x00}},
  {0x7A98, {0xFF,0xE0,0xA0,0xA0,0x7F,0xC0,0x08,0x80,0xFF,0xE0,0x10,0x80,0x7F,0x80,0x20,0x00,0x7F,0xC0,0xA0,0x40,0x3F,0xC0,0x00,0x00}},
  {0x7A9C, {0xFF,0xE0,0xA0,0xA0,0x44,0x40,0x3F,0x80,0x24,0x80,0x3F,0x80,0x04,0x00,0x7F,0xC0,0x44,0x40,0x7F,0xC0,0x04,0x00,0x00,0x00}},
  {0x7A9D, {0xFF,0xE0,0xA0,0xA0,0x40,0x40,0x3F,0x80,0x20,0x80,0x3F,0x80,0x04,0x00,0x7F,0xC0,0x4A,0x40,0x51,0x40,0x40,0xC0,0x00,0x00}},
  {0x7A9F, {0xFF,0xE0,0x91,0x20,0x7F,0xC0,0x40,0x40,0x7F,0xC0,0x42,0x00,0x52,0x40,0x5F,0xC0,0x42,0x00,0x52,0x40,0x9F,0xC0,0x00,0x00}},
  {0x7AA5, {0xFF,0xE0,0xA0,0xA0,0x40,0x40,0x27,0xC0,0x74,0x40,0x25,0x40,0xF5,0x40,0x25,0x40,0x52,0xA0,0x54,0xA0,0x88,0x60,0x00,0x00}},
  {0x7ABF, {0xFF,0xE0,0x91,0x20,0x22,0x80,0x73,0xC0,0x54,0x40,0x53,0x80,0x6C,0x60,0x55,0x00,0x57,0xC0,0x69,0x00,0x4F,0xE0,0x00,0x00}},
  {0x7ACB, {0x04,0x00,0x00,0x00,0x7F,0xC0,0x00,0x00,0x00,0x80,0x20,0x80,0x10,0x80,0x11,0x00,0x11,0x00,0x02,0x00,0xFF,0xE0,0x00,0x00}},
  {0x7AD6, {0x90,0x40,0x92,0x80,0x91,0x00,0x92,0x80,0x14,0x40,0x04,0x00,0x7F,0xC0,0x00,0x00,0x20,0x80,0x11,0x00,0xFF,0xE0,0x00,0x00}},
  {0x7AD9, {0x21,0x00,0x01,0x00,0xF9,0xE0,0x01,0x00,0x91,0x00,0x57,0xE0,0x54,0x20,0x24,0x20,0x34,0x20,0xC7,0xE0,0x04,0x20,0x00,0x00}},
  {0x7ADE, {0x7F,0xC0,0x20,0x80,0x11,0x00,0xFF,0xE0,0x00,0x00,0x7F,0xC0,0x40,0x40,0x7F,0xC0,0x12,0x00,0x22,0x20,0xC1,0xE0,0x00,0x00}},
  {0x7ADF, {0x7F,0xC0,0x11,0x00,0xFF,0xE0,0x00,0x00,0x7F,0xC0,0x40,0x40,0x7F,0xC0,0x40,0x40,0x7F,0xC0,0x11,0x20,0xE0,0xE0,0x00,0x00}},
  {0x7AE0, {0x7F,0xC0,0x11,0x00,0xFF,0xE0,0x20,0x80,0x3F,0x80,0x20,0x80,0x3F,0x80,0x04,0x00,0xFF,0xE0,0x04,0x00,0x04,0x00,0x00,0x00}},
  {0x7AE3, {0x44,0x40,0x0F,0xE0,0xE0,0x20,0x04,0x40,0xAA,0x20,0xA3,0xC0,0xA4,0x40,0x4A,0x80,0x21,0x00,0xC2,0x80,0x0C,0x60,0x00,0x00}},
  {0x7AE5, {0x7F,0xC0,0x11,0x00,0xFF,0xE0,0x44,0x40,0x7F,0xC0,0x44,0x40,0x7F,0xC0,0x04,0x00,0x7F,0xC0,0x04,0x00,0xFF,0xE0,0x00,0x00}},
  {0x7AED, {0x24,0x40,0x07,0xC0,0xF4,0x40,0x07,0xC0,0x92,0x00,0x57,0xE0,0x59,0x20,0x02,0xA0,0x34,0x20,0xC7,0x20,0x00,0xC0,0x00,0x00}},
  {0x7AEF, {0x49,0x20,0x09,0x20,0xEF,0xE0,0x00,0x00,0xAF,0xE0,0xA1,0x00,0xAF,0xE0,0x4A,0xA0,0x2A,0xA0,0xCA,0xA0,0x08,0x60,0x00,0x00}},
  {0x7AF9, {0x10,0x80,0x21,0x00,0x3D,0xE0,0x52,0x40,0x94,0x40,0x10,0x40,0x10,0x40,0x10,0x40,0x10,0x40,0x10,0x40,0x11,0xC0,0x00,0x00}},
  {0x7AFF, {0x3D,0xE0,0x52,0x80,0x88,0x40,0x00,0x00,0x7F,0xC0,0x04,0x00,0x04,0x00,0xFF,0xE0,0x04,0x00,0x04,0x00,0x04,0x00,0x00,0x00}},
  {0x7B06, {0x7B,0xE0,0x94,0x80,0x00,0x00,0x7F,0xC0,0x44,0x40,0x44,0x40,0x7F,0xC0,0x40,0x00,0x40,0x20,0x40,0x20,0x3F,0xE0,0x00,0x00}},
  {0x7B0B, {0x79,0xE0,0xA2,0x80,0x10,0x40,0x7F,0x80,0x08,0x80,0xFF,0xE0,0x08,0x80,0x7F,0x80,0x10,0x80,0x20,0x00,0xC0,0x00,0x00,0x00}},
  {0x7B11, {0x3D,0xE0,0x52,0x80,0x88,0x40,0x03,0x80,0x3C,0x00,0x04,0x00,0xFF,0xE0,0x0A,0x00,0x11,0x00,0x20,0x80,0xC0,0x60,0x00,0x00}},
  {0x7B14, {0x3D,0xE0,0x52,0x80,0x88,0x40,0x03,0xC0,0x7C,0x00,0x07,0x80,0x3C,0x00,0x07,0xC0,0xFC,0x00,0x04,0x20,0x03,0xE0,0x00,0x00}},
  {0x7B19, {0x79,0xE0,0xA2,0x80,0x14,0x40,0x24,0x00,0x7F,0xC0,0x84,0x00,0x04,0x00,0x3F,0x80,0x04,0x00,0x04,0x00,0xFF,0xE0,0x00,0x00}},
  {0x7B1B, {0x79,0xE0,0xA2,0x80,0x14,0x40,0x04,0x00,0x7F,0xC0,0x44,0x40,0x44,0x40,0x7F,0xC0,0x44,0x40,0x44,0x40,0x7F,0xC0,0x00,0x00}},
  {0x7B24, {0x7B,0xE0,0x94,0x80,0x00,0x00,0x7F,0xC0,0x10,0x40,0x21,0x80,0xC0,0x00,0x3F,0xC0,0x20,0x40,0x20,0x40,0x3F,0xC0,0x00,0x00}},
  {0x7B26, {0x7B,0xE0,0x94,0x80,0x00,0x00,0x10,0x80,0x20,0x80,0x6F,0xE0,0xA0,0x80,0x28,0x80,0x24,0x80,0x20,0x80,0x23,0x80,0x00,0x00}},
  {0x7B28, {0x7B,0xE0,0x94,0x80,0x04,0x00,0xFF,0xE0,0x04,0x00,0x0E,0x00,0x15,0x00,0x24,0x80,0xDF,0x60,0x04,0x00,0x04,0x00,0x00,0x00}},
  {0x7B2C, {0x7B,0xE0,0x94,0x80,0x00,0x00,0x7F,0xC0,0x04,0x40,0x7F,0xC0,0x44,0x00,0x7F,0xE0,0x14,0x20,0x24,0x20,0xC4,0xC0,0x00,0x00}},
  {0x7B3C, {0x7B,0xE0,0x94,0x80,0x02,0x00,0x09,0x00,0xFF,0xE0,0x08,0x00,0x14,0x80,0x15,0x00,0x26,0x00,0x44,0x20,0x9B,0xE0,0x00,0x00}},
  {0x7B49, {0x7B,0xE0,0x94,0x80,0x04,0x00,0x7F,0xC0,0x04,0x00,0xFF,0xE0,0x01,0x00,0xFF,0xE0,0x21,0x00,0x11,0x00,0x07,0x00,0x00,0x00}},
  {0x7B4B, {0x79,0xE0,0xA2,0x80,0x10,0x40,0x79,0x00,0x4B,0xE0,0x79,0x20,0x49,0x20,0x79,0x20,0x4A,0x20,0x4A,0x20,0x9C,0xC0,0x00,0x00}},
  {0x7B4F, {0x7B,0xE0,0x94,0x80,0x00,0x00,0x12,0x40,0x23,0xE0,0x7E,0x00,0xA2,0x40,0x22,0x80,0x21,0x20,0x22,0xA0,0x24,0x60,0x00,0x00}},
  {0x7B50, {0x7B,0xE0,0x94,0x80,0x7F,0xE0,0x40,0x00,0x5F,0xC0,0x42,0x00,0x4F,0xC0,0x42,0x00,0x5F,0xE0,0x40,0x00,0x7F,0xE0,0x00,0x00}},
  {0x7B51, {0x79,0xE0,0xA2,0x80,0x10,0x40,0x00,0x00,0xF7,0x80,0x24,0x80,0x26,0x80,0x25,0x80,0x34,0xA0,0xC8,0xA0,0x10,0x60,0x00,0x00}},
  {0x7B52, {0x7B,0xE0,0x94,0x80,0x7F,0xC0,0x40,0x40,0x5F,0x40,0x40,0x40,0x5F,0x40,0x51,0x40,0x5F,0x40,0x40,0x40,0x41,0xC0,0x00,0x00}},
  {0x7B54, {0x7B,0xE0,0xA4,0x80,0x0A,0x00,0x31,0x80,0xDF,0x60,0x00,0x00,0x3F,0x80,0x20,0x80,0x20,0x80,0x3F,0x80,0x20,0x80,0x00,0x00}},
  {0x7B56, {0x79,0xE0,0x92,0x40,0x04,0x00,0xFF,0xE0,0x04,0x00,0x7F,0xC0,0x44,0x40,0x4E,0xC0,0x35,0x80,0xC4,0x60,0x04,0x00,0x00,0x00}},
  {0x7B5B, {0x79,0xE0,0x92,0x40,0x00,0x00,0x2F,0xE0,0xA1,0x00,0xAF,0xE0,0xA9,0x20,0xA9,0x20,0x29,0x20,0x29,0x60,0x41,0x00,0x00,0x00}},
  {0x7B5D, {0x79,0xE0,0xA2,0x80,0x3F,0x40,0x41,0x00,0xBF,0xC0,0x04,0x40,0xFF,0xE0,0x04,0x40,0x7F,0xC0,0x04,0x40,0x1C,0x00,0x00,0x00}},
  {0x7B77, {0x7B,0xE0,0x94,0x80,0x22,0x00,0x22,0x00,0xB7,0xC0,0xA2,0x40,0xA2,0x40,0xAF,0xE0,0x22,0x80,0x24,0x40,0x28,0x20,0x00,0x00}},
  {0x7B79, {0x7B,0xE0,0x94,0x80,0xFF,0xE0,0x08,0x00,0x7F,0xC0,0x10,0x00,0xFF,0xE0,0x20,0x80,0x5F,0xE0,0x88,0x80,0x05,0x80,0x00,0x00}},
  {0x7B7E, {0x79,0xE0,0xA2,0x80,0x14,0x40,0x0A,0x00,0x31,0x80,0xC0,0x60,0x3F,0x80,0x08,0x00,0x24,0x80,0x11,0x00,0xFF,0xE0,0x00,0x00}},
  {0x7B80, {0x7B,0xE0,0x94,0x80,0x4F,0xC0,0x20,0x40,0x1F,0x40,0x51,0x40,0x5F,0x40,0x51,0x40,0x5F,0x40,0x40,0x40,0x41,0xC0,0x00,0x00}},
  {0x7B8D, {0x7B,0xE0,0x94,0x80,0x20,0x00,0x2F,0xE0,0xF8,0x80,0x2B,0xE0,0x3A,0xA0,0xEA,0xA0,0x2A,0xE0,0x28,0x80,0x6F,0xE0,0x00,0x00}},
  {0x7B95, {0x7B,0xE0,0xA4,0x80,0xFF,0xE0,0x20,0x80,0x3F,0x80,0x20,0x80,0x3F,0x80,0x20,0x80,0xFF,0xE0,0x20,0x80,0x40,0x40,0x00,0x00}},
  {0x7B97, {0x79,0xE0,0x92,0x40,0x3F,0x80,0x20,0x80,0x3F,0x80,0x20,0x80,0x3F,0x80,0x20,0x80,0xFF,0xE0,0x11,0x00,0x21,0x00,0x00,0x00}},
  {0x7BA1, {0x7B,0xE0,0x94,0x80,0xFF,0xE0,0x80,0x20,0x3F,0x80,0x20,0x80,0x3F,0x80,0x20,0x00,0x3F,0xC0,0x20,0x40,0x3F,0xC0,0x00,0x00}},
  {0x7BA9, {0x7B,0xE0,0x94,0x80,0x7F,0xC0,0x4A,0x40,0x7F,0xC0,0x10,0x00,0x3F,0xC0,0xD0,0x80,0x0B,0x00,0x1C,0x00,0xE0,0x00,0x00,0x00}},
  {0x7BAB, {0x7B,0xE0,0x94,0x80,0x7F,0xC0,0x04,0x40,0xFF,0xE0,0x04,0x40,0x7F,0xC0,0x04,0x00,0x4E,0x40,0x55,0x40,0x84,0x40,0x00,0x00}},
  {0x7BAD, {0x7B,0xE0,0x94,0x80,0x20,0x00,0x11,0x00,0xFF,0xE0,0x44,0x40,0x7D,0x40,0x45,0x40,0x7D,0x40,0x44,0x40,0x4C,0xC0,0x00,0x00}},
  {0x7BB1, {0x7B,0xE0,0x94,0x80,0x20,0x00,0x27,0xE0,0xFC,0x20,0x27,0xE0,0x74,0x20,0xAF,0xE0,0x24,0x20,0x27,0xE0,0x24,0x20,0x00,0x00}},
  {0x7BC7, {0x7B,0xE0,0x94,0x80,0x7F,0xE0,0x40,0x20,0x7F,0xE0,0x40,0x00,0x7F,0xE0,0x65,0x20,0xBF,0xE0,0x25,0x20,0x20,0x60,0x00,0x00}},
  {0x7BD3, {0x7B,0xE0,0xA4,0x80,0x15,0x00,0xFF,0xE0,0x15,0x00,0x64,0xC0,0x08,0x00,0xFF,0xE0,0x11,0x00,0x0E,0x00,0x71,0xC0,0x00,0x00}},
  {0x7BD9, {0x7B,0xE0,0x94,0x80,0xFF,0xE0,0x00,0x00,0x3F,0x80,0x20,0x80,0xFF,0xE0,0x80,0x20,0x9F,0x20,0x91,0x20,0x9F,0x60,0x00,0x00}},
  {0x7BE1, {0x7B,0xE0,0x94,0x80,0x7F,0xC0,0x52,0x40,0x49,0x40,0x44,0xC0,0xFF,0xE0,0x20,0x80,0x48,0x40,0x91,0x20,0x3F,0x80,0x00,0x00}},
  {0x7BEE, {0x7B,0xE0,0xA4,0x80,0x12,0x00,0x53,0xE0,0x54,0x80,0x50,0x40,0x00,0x00,0x7F,0xC0,0x4A,0x40,0x4A,0x40,0xFF,0xE0,0x00,0x00}},
  {0x7BF1, {0x7B,0xE0,0x94,0x80,0xFF,0xE0,0x11,0x00,0x4E,0x40,0x51,0x40,0x7F,0xC0,0x04,0x00,0xFF,0xE0,0x92,0x20,0xBF,0x60,0x00,0x00}},
  {0x7BF7, {0x7B,0xE0,0x94,0x80,0x4F,0x80,0x18,0x80,0xC7,0x00,0x7A,0xE0,0x4F,0x80,0x42,0x00,0x5F,0xC0,0x42,0x00,0xBF,0xE0,0x00,0x00}},
  {0x7C07, {0x79,0xE0,0x92,0x40,0x44,0x00,0x27,0xE0,0xFA,0x00,0x43,0xC0,0x75,0x00,0x5F,0xE0,0x51,0x00,0x52,0x80,0xB4,0x60,0x00,0x00}},
  {0x7C38, {0xA4,0x80,0x50,0x80,0xFF,0xE0,0x54,0xA0,0x74,0x80,0x57,0xC0,0x75,0x40,0x55,0x40,0xFC,0x80,0x55,0x40,0x8A,0x20,0x00,0x00}},
  {0x7C3F, {0x7B,0xE0,0x94,0x80,0x82,0x40,0x5F,0xE0,0x0A,0x40,0x8F,0xC0,0x4A,0x40,0x1F,0xE0,0x08,0x80,0x44,0x80,0x81,0x80,0x00,0x00}},
  {0x7C4D, {0x94,0x40,0x22,0x80,0xF7,0xC0,0x22,0x80,0x77,0xE0,0x20,0x00,0xF7,0xC0,0x24,0x40,0x77,0xC0,0xAC,0x40,0x27,0xC0,0x00,0x00}},
  {0x7C73, {0x44,0x40,0x24,0x80,0x15,0x00,0xFF,0xE0,0x04,0x00,0x0E,0x00,0x15,0x00,0x24,0x80,0xC4,0x60,0x04,0x00,0x04,0x00,0x00,0x00}},
  {0x7C7B, {0x24,0x80,0x15,0x00,0xFF,0xE0,0x15,0x00,0x24,0x80,0x40,0x40,0x04,0x00,0xFF,0xE0,0x0A,0x00,0x31,0x80,0xC0,0x60,0x00,0x00}},
  {0x7C7D, {0x27,0xC0,0xA8,0x40,0x70,0x80,0x21,0x00,0xF9,0x00,0x27,0xE0,0x71,0x00,0xA9,0x00,0x21,0x00,0x21,0x00,0x23,0x00,0x00,0x00}},
  {0x7C89, {0x22,0x80,0xB4,0x40,0x64,0x40,0x28,0x20,0xF7,0xC0,0x22,0x40,0x62,0x40,0xB2,0x40,0x24,0x40,0x24,0x40,0x29,0x80,0x00,0x00}},
  {0x7C92, {0x20,0x80,0xA8,0x00,0x77,0xE0,0x20,0x00,0xF4,0x40,0x22,0x40,0x72,0x40,0xAA,0x80,0x20,0x80,0x21,0x00,0x2F,0xE0,0x00,0x00}},
  {0x7C97, {0x23,0xC0,0xAA,0x40,0x72,0x40,0x23,0xC0,0xFA,0x40,0x22,0x40,0x73,0xC0,0xAA,0x40,0x22,0x40,0x22,0x40,0x27,0xE0,0x00,0x00}},
  {0x7C98, {0x21,0x00,0xA9,0x00,0x71,0xE0,0x21,0x00,0xF9,0x00,0x27,0xE0,0x74,0x20,0xAC,0x20,0x24,0x20,0x27,0xE0,0x24,0x20,0x00,0x00}},
  {0x7C9F, {0x0A,0x00,0x7F,0xC0,0x4A,0x40,0x4A,0x40,0x7F,0xC0,0x24,0x80,0x15,0x00,0xFF,0xE0,0x15,0x00,0x24,0x80,0xC4,0x60,0x00,0x00}},
  {0x7CA4, {0x7F,0xC0,0x44,0x40,0x55,0x40,0x7F,0xC0,0x44,0x40,0x55,0x40,0xFF,0xE0,0x20,0x00,0x3F,0xC0,0x00,0x40,0x01,0x80,0x00,0x00}},
  {0x7CA5, {0xE4,0xE0,0x35,0x20,0x2E,0x20,0xE4,0xE0,0x9F,0x80,0x84,0x80,0xEE,0xE0,0x35,0x20,0x24,0x20,0x24,0x20,0xC4,0xC0,0x00,0x00}},
  {0x7CAA, {0x15,0x00,0xFF,0xE0,0x24,0x80,0x44,0x40,0x11,0x00,0x7F,0xC0,0x11,0x00,0x11,0x00,0xFF,0xE0,0x20,0x80,0x40,0x40,0x00,0x00}},
  {0x7CAE, {0x21,0x00,0xAF,0xC0,0x74,0x40,0x27,0xC0,0xFC,0x40,0x27,0xC0,0x75,0x20,0xAD,0x40,0x24,0x80,0x26,0x40,0x24,0x20,0x00,0x00}},
  {0x7CB1, {0x22,0x80,0x8A,0xC0,0x52,0xA0,0x04,0x80,0x49,0x80,0xA4,0x80,0x15,0x00,0xFF,0xE0,0x15,0x00,0x24,0x80,0xC4,0x60,0x00,0x00}},
  {0x7CB9, {0x21,0x00,0xAF,0xE0,0x74,0x40,0x24,0x40,0xFA,0xA0,0x20,0x00,0x71,0x00,0xAF,0xE0,0x21,0x00,0x21,0x00,0x21,0x00,0x00,0x00}},
  {0x7CBE, {0x2F,0xE0,0xB1,0x00,0x67,0xC0,0x21,0x00,0xFF,0xE0,0x24,0x40,0x67,0xC0,0xB4,0x40,0x27,0xC0,0x24,0x40,0x24,0xC0,0x00,0x00}},
  {0x7CCA, {0x24,0xA0,0xAE,0xA0,0x74,0xE0,0x24,0xA0,0xFE,0xA0,0x2A,0xA0,0x7A,0xE0,0xAA,0xA0,0x2E,0xA0,0x29,0x20,0x22,0x60,0x00,0x00}},
  {0x7CD5, {0x22,0x80,0xAF,0xE0,0x71,0x00,0x21,0x00,0xF7,0xC0,0x21,0x00,0x71,0x00,0xAF,0xE0,0x20,0x00,0x2A,0xA0,0x2A,0xA0,0x00,0x00}},
  {0x7CD6, {0x2F,0xE0,0xA9,0x00,0x7B,0xC0,0x29,0x40,0xFF,0xE0,0x29,0x40,0x7B,0xC0,0xA9,0x00,0x2B,0xC0,0x2A,0x40,0x33,0xC0,0x00,0x00}},
  {0x7CD9, {0x25,0x40,0xB1,0xE0,0x62,0x40,0x2C,0x40,0xF5,0xE0,0x24,0x00,0x65,0xE0,0xB5,0x20,0x25,0xE0,0x24,0x00,0x2B,0xE0,0x00,0x00}},
  {0x7CDC, {0x7F,0xE0,0x48,0x80,0x7D,0xE0,0x5A,0xC0,0x68,0xA0,0x52,0x40,0x4A,0x80,0x7F,0xE0,0x4A,0x80,0x52,0x40,0xA2,0x20,0x00,0x00}},
  {0x7CDF, {0x2F,0xE0,0xB2,0x80,0x6F,0xE0,0x2A,0xA0,0xFF,0xE0,0x2A,0xA0,0x6F,0xE0,0xB4,0x40,0x27,0xC0,0x24,0x40,0x27,0xC0,0x00,0x00}},
  {0x7CE0, {0x2F,0xE0,0xB9,0x00,0x6B,0xC0,0x29,0x40,0xFF,0xE0,0x29,0x40,0x6B,0xC0,0xBD,0x40,0x2B,0x80,0x2D,0x40,0x33,0x20,0x00,0x00}},
  {0x7CEF, {0x21,0x00,0xAF,0xE0,0x79,0x20,0x25,0x40,0xF0,0x00,0x2F,0xE0,0x71,0x00,0xAF,0xE0,0x2A,0xA0,0x2A,0xA0,0x28,0x60,0x00,0x00}},
  {0x7CFB, {0x7C,0x00,0x08,0x00,0x10,0x80,0x3F,0x00,0x06,0x00,0x18,0x40,0x7F,0xE0,0x04,0x20,0x24,0x80,0x44,0x40,0x8C,0x20,0x00,0x00}},
  {0x7D0A, {0xFF,0xE0,0x11,0x00,0x0E,0x00,0x35,0x80,0xC9,0x60,0x3E,0x00,0x10,0x80,0x7F,0xC0,0x04,0x00,0x24,0x80,0x4C,0x40,0x00,0x00}},
  {0x7D20, {0xFF,0xE0,0x04,0x00,0x7F,0xC0,0x04,0x00,0xFF,0xE0,0x11,0x00,0x3E,0x00,0x08,0x80,0x7F,0xC0,0x24,0x80,0x4C,0x40,0x00,0x00}},
  {0x7D22, {0x7F,0xC0,0x04,0x00,0xFF,0xE0,0x88,0x20,0x11,0x00,0x3E,0x00,0x08,0x80,0x7F,0xC0,0x04,0x00,0x24,0x80,0x4C,0x40,0x00,0x00}},
  {0x7D27, {0x92,0x40,0x91,0x80,0x96,0x40,0x08,0x20,0x11,0x00,0x3E,0x00,0x08,0x80,0x7F,0xC0,0x04,0x00,0x24,0x80,0x4C,0x40,0x00,0x00}},
  {0x7D2B, {0x5D,0x40,0x51,0x80,0x5D,0x20,0xE8,0xE0,0x11,0x00,0x3E,0x00,0x08,0x80,0x7F,0xC0,0x04,0x00,0x24,0x80,0x4C,0x40,0x00,0x00}},
  {0x7D2F, {0x44,0x40,0x7F,0xC0,0x44,0x40,0x7F,0xC0,0x11,0x00,0x3E,0x00,0x08,0x80,0x7F,0xC0,0x04,0x00,0x24,0x80,0x4C,0x40,0x00,0x00}},
  {0x7D6E, {0xFD,0xE0,0x25,0x20,0x65,0x20,0x19,0xE0,0x64,0x00,0x11,0x00,0x3E,0x00,0x08,0x80,0x7F,0xC0,0x24,0x80,0x4C,0x40,0x00,0x00}},
  {0x7E41, {0x7D,0xE0,0xD6,0x40,0x7D,0x40,0x54,0x80,0x7D,0x40,0x11,0x20,0x3E,0x00,0x08,0x80,0x7F,0xC0,0x24,0x80,0x4C,0x40,0x00,0x00}},
  {0x7EA0, {0x24,0x40,0x44,0x40,0x94,0x40,0xE4,0x40,0x24,0x40,0x44,0x40,0xF4,0xC0,0x07,0x40,0x34,0x40,0xC0,0x40,0x00,0x40,0x00,0x00}},
  {0x7EA2, {0x27,0xC0,0x41,0x00,0x91,0x00,0xE1,0x00,0x21,0x00,0x41,0x00,0xF1,0x00,0x01,0x00,0x31,0x00,0xC1,0x00,0x0F,0xE0,0x00,0x00}},
  {0x7EA4, {0x27,0x00,0x41,0x00,0x91,0x00,0xE1,0x00,0x2F,0xE0,0x41,0x00,0xF1,0x00,0x01,0x00,0x31,0x00,0xC1,0x00,0x01,0x00,0x00,0x00}},
  {0x7EA6, {0x22,0x00,0x43,0xE0,0x94,0x20,0xE8,0x20,0x22,0x20,0x41,0x20,0xF1,0x20,0x00,0x20,0x30,0x20,0xC0,0x20,0x00,0xC0,0x00,0x00}},
  {0x7EA7, {0x2F,0xC0,0x44,0x40,0x94,0x40,0xE4,0x80,0x24,0xE0,0x44,0x20,0xF6,0x20,0x05,0x40,0x38,0x80,0xC9,0x40,0x12,0x20,0x00,0x00}},
  {0x7EAA, {0x27,0xC0,0x40,0x40,0x90,0x40,0xE0,0x40,0x27,0xC0,0x44,0x00,0xF4,0x00,0x04,0x00,0x34,0x20,0xC4,0x20,0x03,0xE0,0x00,0x00}},
  {0x7EAB, {0x27,0xE0,0x41,0x20,0x91,0x20,0xE5,0x20,0x25,0x20,0x45,0x20,0xE9,0x20,0x02,0x20,0x32,0x20,0xC4,0x20,0x08,0xC0,0x00,0x00}},
  {0x7EAC, {0x21,0x00,0x4F,0xE0,0x91,0x00,0xE7,0xC0,0x21,0x00,0x4F,0xE0,0xE1,0x20,0x01,0x20,0x31,0x60,0xC1,0x00,0x01,0x00,0x00,0x00}},
  {0x7EAF, {0x41,0x00,0x8F,0xE0,0xA1,0x00,0xC9,0x20,0x49,0x20,0x89,0x20,0xEF,0xE0,0x01,0x00,0x21,0x20,0xC1,0x20,0x00,0xE0,0x00,0x00}},
  {0x7EB1, {0x21,0x00,0x41,0x40,0x95,0x20,0xE5,0x20,0x25,0x20,0x49,0x00,0xF1,0x20,0x00,0x40,0x30,0x80,0xC3,0x00,0x0C,0x00,0x00,0x00}},
  {0x7EB2, {0x4F,0xE0,0x88,0x20,0xA8,0x20,0xCC,0x60,0x4A,0xA0,0x89,0x20,0xEA,0xA0,0x0C,0x60,0x28,0x20,0xC8,0x20,0x08,0x60,0x00,0x00}},
  {0x7EB3, {0x21,0x00,0x4F,0xE0,0x99,0x20,0xE9,0x20,0x29,0x20,0x4A,0xA0,0xEC,0x60,0x08,0x20,0x28,0x20,0xC8,0x20,0x08,0x60,0x00,0x00}},
  {0x7EB5, {0x24,0x80,0x44,0x80,0x94,0x80,0xE4,0x80,0x24,0x80,0x44,0x80,0xE4,0x80,0x0B,0x40,0x29,0x40,0xD2,0x40,0x24,0x20,0x00,0x00}},
  {0x7EB7, {0x22,0x80,0x44,0x40,0x94,0x40,0xE8,0x20,0x27,0xC0,0x42,0x40,0xF2,0x40,0x02,0x40,0x34,0x40,0xC4,0x40,0x09,0x80,0x00,0x00}},
  {0x7EB8, {0x27,0x80,0x44,0x80,0x94,0x80,0xE4,0x80,0x27,0xE0,0x44,0x80,0xF4,0x80,0x04,0x80,0x35,0xA0,0xC6,0x60,0x04,0x20,0x00,0x00}},
  {0x7EB9, {0x21,0x00,0x4F,0xE0,0x94,0x40,0xE4,0x40,0x24,0x40,0x42,0x80,0xF2,0x80,0x01,0x00,0x32,0x80,0xC4,0x40,0x08,0x20,0x00,0x00}},
  {0x7EBA, {0x21,0x00,0x47,0xE0,0x92,0x00,0xE2,0x00,0x23,0xE0,0x42,0x20,0xF2,0x20,0x02,0x20,0x34,0x20,0xC4,0x20,0x08,0xC0,0x00,0x00}},
  {0x7EBD, {0x2F,0xC0,0x42,0x40,0x92,0x40,0xE2,0x40,0x22,0x40,0x4F,0xC0,0xE4,0x40,0x04,0x40,0x24,0x40,0xC4,0x40,0x1F,0xE0,0x00,0x00}},
  {0x7EBF, {0x21,0x20,0x41,0xE0,0x97,0x00,0xE1,0x00,0x21,0xE0,0x47,0x00,0xF1,0x40,0x01,0x80,0x31,0x20,0xC2,0xA0,0x0C,0x60,0x00,0x00}},
  {0x7EC3, {0x21,0x00,0x4F,0xE0,0x92,0x00,0xEF,0x00,0x25,0x00,0x47,0xE0,0xF1,0x00,0x05,0x40,0x35,0x20,0xC9,0x20,0x03,0x00,0x00,0x00}},
  {0x7EC4, {0x27,0xC0,0x44,0x40,0x94,0x40,0xE7,0xC0,0x24,0x40,0x44,0x40,0xF7,0xC0,0x04,0x40,0x34,0x40,0xC4,0x40,0x0F,0xE0,0x00,0x00}},
  {0x7EC5, {0x41,0x00,0x8F,0xE0,0xA9,0x20,0xC9,0x20,0x4F,0xE0,0x89,0x20,0xE9,0x20,0x0F,0xE0,0x29,0x20,0xC1,0x00,0x01,0x00,0x00,0x00}},
  {0x7EC6, {0x2F,0xE0,0x49,0x20,0x99,0x20,0xE9,0x20,0x2F,0xE0,0x49,0x20,0xF9,0x20,0x09,0x20,0x39,0x20,0xCF,0xE0,0x08,0x20,0x00,0x00}},
  {0x7EC7, {0x27,0xC0,0x44,0x40,0x94,0x40,0xE4,0x40,0x24,0x40,0x44,0x40,0xF7,0xC0,0x00,0x00,0x32,0x80,0xC4,0x40,0x08,0x20,0x00,0x00}},
  {0x7EC8, {0x23,0xC0,0x44,0x40,0x9A,0x80,0xE1,0x00,0x22,0x80,0x4C,0x60,0xE3,0x00,0x00,0x80,0x36,0x00,0xC1,0x80,0x00,0x40,0x00,0x00}},
  {0x7ECA, {0x29,0x20,0x45,0x40,0x91,0x00,0xE7,0xC0,0x21,0x00,0x41,0x00,0xEF,0xE0,0x01,0x00,0x31,0x00,0xC1,0x00,0x01,0x00,0x00,0x00}},
  {0x7ECD, {0x27,0xE0,0x42,0x20,0x92,0x20,0xE4,0x20,0x28,0xC0,0x40,0x00,0xF7,0xE0,0x04,0x20,0x34,0x20,0xC7,0xE0,0x04,0x20,0x00,0x00}},
  {0x7ECE, {0x24,0x40,0x42,0x80,0x91,0x00,0xE2,0x80,0x2D,0x60,0x41,0x00,0xE7,0xC0,0x01,0x00,0x2F,0xE0,0xC1,0x00,0x01,0x00,0x00,0x00}},
  {0x7ECF, {0x27,0xC0,0x40,0x80,0x91,0x00,0xE2,0x80,0x24,0x40,0x48,0x20,0xF7,0xC0,0x01,0x00,0x31,0x00,0xC1,0x00,0x0F,0xE0,0x00,0x00}},
  {0x7ED1, {0x44,0xE0,0x8E,0xA0,0xA4,0xA0,0xC4,0xC0,0x4E,0xC0,0x84,0xA0,0xE4,0xA0,0x0E,0xA0,0x24,0xC0,0xC8,0x80,0x10,0x80,0x00,0x00}},
  {0x7ED2, {0x21,0x20,0x41,0x00,0x9F,0xE0,0xE1,0x00,0x25,0x40,0x45,0x40,0xEF,0x40,0x04,0x80,0x24,0xA0,0xC9,0x60,0x12,0x20,0x00,0x00}},
  {0x7ED3, {0x21,0x00,0x4F,0xE0,0x91,0x00,0xE1,0x00,0x27,0xC0,0x40,0x00,0xF7,0xC0,0x04,0x40,0x34,0x40,0xC7,0xC0,0x04,0x40,0x00,0x00}},
  {0x7ED5, {0x23,0xC0,0x4E,0x00,0x92,0xA0,0xE1,0x20,0x26,0xE0,0x40,0x00,0xEF,0xE0,0x02,0x80,0x22,0x80,0xC4,0xA0,0x08,0x60,0x00,0x00}},
  {0x7ED8, {0x22,0x80,0x44,0x40,0x98,0x20,0xE7,0xC0,0x20,0x00,0x40,0x00,0xEF,0xE0,0x02,0x00,0x24,0x40,0xCF,0xE0,0x00,0x20,0x00,0x00}},
  {0x7ED9, {0x21,0x00,0x42,0x80,0x94,0x40,0xE8,0x20,0x27,0xC0,0x40,0x00,0xF7,0xC0,0x04,0x40,0x34,0x40,0xC7,0xC0,0x04,0x40,0x00,0x00}},
  {0x7EDC, {0x23,0xC0,0x44,0x40,0x9A,0x80,0xE1,0x00,0x22,0x80,0x4C,0x60,0xF7,0xC0,0x04,0x40,0x34,0x40,0xC7,0xC0,0x04,0x40,0x00,0x00}},
  {0x7EDD, {0x23,0xC0,0x44,0x40,0x98,0x80,0xE7,0xE0,0x25,0x20,0x45,0x20,0xF7,0xE0,0x04,0x00,0x34,0x20,0xC4,0x20,0x03,0xE0,0x00,0x00}},
  {0x7EDE, {0x21,0x00,0x47,0xE0,0x90,0x00,0xE2,0x80,0x24,0x40,0x4A,0xA0,0xF2,0x80,0x02,0x80,0x31,0x00,0xC2,0x80,0x0C,0x60,0x00,0x00}},
  {0x7EDF, {0x20,0x80,0x47,0xE0,0x91,0x00,0xE2,0x40,0x24,0x20,0x47,0xE0,0xF2,0xA0,0x02,0x80,0x32,0x80,0xC4,0xA0,0x08,0x60,0x00,0x00}},
  {0x7EE2, {0x24,0x20,0x47,0xE0,0x90,0x00,0xE7,0xE0,0x24,0x20,0x47,0xE0,0xF4,0x20,0x07,0xE0,0x34,0x20,0xC4,0x20,0x04,0x60,0x00,0x00}},
  {0x7EE3, {0x27,0x00,0x41,0x00,0x9F,0xE0,0xE5,0x40,0x29,0x20,0x47,0xC0,0xF2,0x40,0x02,0xE0,0x34,0x20,0xC4,0x20,0x08,0xC0,0x00,0x00}},
  {0x7EE7, {0x24,0x80,0x46,0xA0,0x95,0xC0,0xE4,0x80,0x27,0xE0,0x44,0x80,0xF5,0xC0,0x06,0xA0,0x34,0x80,0xC4,0x80,0x07,0xE0,0x00,0x00}},
  {0x7EE9, {0x2F,0xE0,0x41,0x00,0x97,0xC0,0xE1,0x00,0x2F,0xE0,0x40,0x00,0xEF,0xE0,0x09,0x20,0x29,0x20,0xC2,0xC0,0x0C,0x20,0x00,0x00}},
  {0x7EEA, {0x22,0x20,0x47,0x40,0x92,0x80,0xEF,0xE0,0x22,0x00,0x47,0xC0,0xEC,0x40,0x07,0xC0,0x34,0x40,0xC7,0xC0,0x04,0x40,0x00,0x00}},
  {0x7EED, {0x27,0xC0,0x41,0x00,0x97,0xE0,0xE0,0x20,0x22,0x80,0x45,0x80,0xF2,0x80,0x0F,0xE0,0x31,0x00,0xC2,0x40,0x0C,0x20,0x00,0x00}},
  {0x7EF0, {0x21,0xE0,0x41,0x00,0x97,0xE0,0xE4,0x20,0x27,0xE0,0x44,0x20,0xF7,0xE0,0x01,0x00,0x37,0xE0,0xC1,0x00,0x01,0x00,0x00,0x00}},
  {0x7EF3, {0x48,0x80,0x8F,0x80,0xA2,0x00,0xDF,0xC0,0x52,0x40,0x9F,0xC0,0xF2,0x40,0x1F,0xC0,0x32,0x00,0xC2,0x20,0x01,0xE0,0x00,0x00}},
  {0x7EF4, {0x22,0x40,0x47,0xE0,0x94,0x80,0xEC,0x80,0x27,0xE0,0x44,0x80,0xF4,0x80,0x07,0xE0,0x34,0x80,0xC4,0x80,0x07,0xE0,0x00,0x00}},
  {0x7EF5, {0x27,0xC0,0x44,0x40,0x97,0xC0,0xE4,0x40,0x27,0xC0,0x41,0x00,0xEF,0xE0,0x09,0x20,0x29,0x20,0xC9,0x60,0x01,0x00,0x00,0x00}},
  {0x7EF7, {0x4E,0xE0,0x8A,0xA0,0xAA,0xA0,0xCE,0xE0,0x4A,0xA0,0x8A,0xA0,0xEE,0xE0,0x0A,0xA0,0x2A,0xA0,0xCA,0xA0,0x17,0x60,0x00,0x00}},
  {0x7EF8, {0x48,0x20,0x89,0x20,0xAB,0xA0,0xC9,0x20,0x4F,0xE0,0x88,0x20,0xEB,0xA0,0x0A,0xA0,0x2B,0xA0,0xC8,0x20,0x10,0xE0,0x00,0x00}},
  {0x7EFC, {0x2F,0xE0,0x48,0x20,0x90,0x00,0xE7,0xC0,0x20,0x00,0x40,0x00,0xEF,0xE0,0x01,0x00,0x25,0x40,0xC9,0x20,0x03,0x00,0x00,0x00}},
  {0x7EFD, {0x20,0x80,0x4F,0xE0,0x98,0x20,0xE0,0x00,0x2F,0xE0,0x41,0x00,0xF5,0x00,0x05,0xC0,0x35,0x00,0xCB,0x00,0x11,0xE0,0x00,0x00}},
  {0x7EFF, {0x20,0x40,0x47,0xC0,0x90,0x40,0xEF,0xE0,0x21,0x00,0x49,0x20,0xE5,0x40,0x03,0x80,0x25,0x40,0xC9,0x20,0x03,0x00,0x00,0x00}},
  {0x7F00, {0x4E,0xE0,0x82,0x20,0xAA,0xA0,0xC4,0x40,0x4A,0xA0,0x80,0x00,0xEE,0xE0,0x02,0xA0,0x2A,0xA0,0xC4,0x40,0x0A,0xA0,0x00,0x00}},
  {0x7F05, {0x2F,0xE0,0x41,0x00,0x92,0x00,0xEF,0xE0,0x2A,0xA0,0x4B,0xA0,0xEA,0xA0,0x0B,0xA0,0x2A,0xA0,0xCF,0xE0,0x08,0x20,0x00,0x00}},
  {0x7F06, {0x2A,0xE0,0x4B,0x40,0x9A,0x20,0xE2,0x00,0x2F,0xC0,0x48,0x40,0xEA,0x40,0x0A,0x40,0x25,0x00,0xC9,0x20,0x10,0xE0,0x00,0x00}},
  {0x7F0E, {0x49,0x40,0x8D,0x40,0xAA,0x60,0xC8,0x00,0x4D,0xC0,0x89,0x40,0xE9,0x40,0x0D,0x40,0x38,0x80,0xC9,0x40,0x0A,0x20,0x00,0x00}},
  {0x7F13, {0x2F,0x80,0x4A,0x20,0x95,0x40,0xEF,0xE0,0x21,0x00,0x4F,0xE0,0xE2,0x00,0x07,0xC0,0x2A,0x40,0xD1,0x80,0x0E,0x60,0x00,0x00}},
  {0x7F14, {0x4F,0xE0,0x84,0x40,0xA2,0x80,0xCF,0xE0,0x48,0x20,0x81,0x00,0xEF,0xE0,0x09,0x20,0x29,0x20,0xC9,0x60,0x01,0x00,0x00,0x00}},
  {0x7F15, {0x49,0x20,0x85,0x40,0xAF,0xE0,0xC5,0x40,0x49,0x20,0x82,0x00,0xEF,0xE0,0x02,0x40,0x24,0x40,0xC3,0x80,0x0C,0x60,0x00,0x00}},
  {0x7F16, {0x4F,0xE0,0x88,0x20,0xAF,0xE0,0xC8,0x00,0x4F,0xE0,0x8A,0xA0,0xDA,0xA0,0x0F,0xE0,0x2A,0xA0,0xCA,0xA0,0x08,0x60,0x00,0x00}},
  {0x7F18, {0x47,0xC0,0x88,0x40,0xAF,0x80,0xC0,0x80,0x4F,0xE0,0x84,0x00,0xEA,0x40,0x05,0x80,0x2B,0x40,0xC5,0x40,0x1B,0x20,0x00,0x00}},
  {0x7F1A, {0x4F,0xE0,0x81,0x00,0xAF,0xE0,0xC9,0x20,0x4F,0xE0,0x89,0x20,0xE9,0x20,0x00,0x40,0x2F,0xE0,0xC4,0x40,0x02,0xC0,0x00,0x00}},
  {0x7F1D, {0x49,0xE0,0x82,0x20,0xA1,0xC0,0xC6,0xA0,0x59,0xC0,0x88,0x80,0xEB,0xE0,0x08,0x80,0x2B,0xE0,0xC8,0x80,0x17,0xE0,0x00,0x00}},
  {0x7F20, {0x4F,0xE0,0x88,0x00,0xAB,0xE0,0xCA,0xA0,0x4B,0xE0,0x8A,0xA0,0xEB,0xE0,0x08,0x80,0x2B,0xE0,0xC8,0x80,0x13,0xE0,0x00,0x00}},
  {0x7F24, {0x2F,0xE0,0x48,0xA0,0x97,0x00,0xE4,0x00,0x27,0xE0,0x44,0x80,0xF4,0x80,0x0F,0xE0,0x30,0x00,0xC4,0x80,0x08,0x40,0x00,0x00}},
  {0x7F28, {0x4A,0xA0,0x8A,0xA0,0xAA,0xA0,0xC4,0x40,0x4A,0xA0,0x82,0x00,0xDF,0xE0,0x04,0x80,0x2C,0x80,0xC3,0x00,0x1C,0xC0,0x00,0x00}},
  {0x7F29, {0x2F,0xE0,0x48,0x20,0x92,0x00,0xE5,0xE0,0x2C,0x80,0x45,0xE0,0xF5,0x20,0x05,0xE0,0x35,0x20,0xC5,0xE0,0x05,0x20,0x00,0x00}},
  {0x7F2D, {0x2F,0xE0,0x41,0x00,0x9A,0xA0,0xE4,0x40,0x2F,0xE0,0x44,0x40,0xF7,0xC0,0x04,0x40,0x37,0xC0,0xC5,0x40,0x0B,0x20,0x00,0x00}},
  {0x7F30, {0x2F,0xE0,0x45,0x40,0x97,0xC0,0xE5,0x40,0x27,0xC0,0x40,0x00,0xEF,0xE0,0x05,0x40,0x37,0xC0,0xC5,0x40,0x0F,0xE0,0x00,0x00}},
  {0x7F34, {0x2E,0x80,0x4A,0x80,0x9E,0xE0,0xEB,0x40,0x2E,0x40,0x45,0x40,0xFF,0x40,0x09,0x40,0x2E,0x80,0xCB,0x40,0x16,0x20,0x00,0x00}},
  {0x7F38, {0x43,0xE0,0x78,0x80,0xA0,0x80,0x20,0x80,0x20,0x80,0xF8,0x80,0x20,0x80,0xA8,0x80,0xA8,0x80,0xB8,0x80,0xCB,0xE0,0x00,0x00}},
  {0x7F3A, {0x79,0x00,0xA7,0xC0,0x21,0x40,0x21,0x40,0xF9,0x40,0x27,0xE0,0xA9,0x00,0xAA,0x80,0xBA,0x80,0xCC,0x40,0x08,0x20,0x00,0x00}},
  {0x7F50, {0x4F,0xE0,0x74,0x40,0xAE,0xE0,0x2A,0xA0,0x2E,0xE0,0xF5,0x00,0x2F,0xE0,0xB4,0x80,0xA7,0xE0,0xB4,0x80,0xC7,0xE0,0x00,0x00}},
  {0x7F51, {0x80,0x20,0x80,0x20,0xC4,0x60,0xAA,0xA0,0x91,0x20,0x91,0x20,0xAA,0xA0,0xC4,0x60,0x80,0x20,0x80,0x20,0x80,0xE0,0x00,0x00}},
  {0x7F55, {0xFF,0xE0,0x91,0x20,0x20,0x80,0x40,0x40,0x3F,0x80,0x04,0x00,0x04,0x00,0xFF,0xE0,0x04,0x00,0x04,0x00,0x04,0x00,0x00,0x00}},
  {0x7F57, {0x49,0x20,0x49,0x20,0x7F,0xE0,0x10,0x00,0x10,0x00,0x1F,0xC0,0x20,0x40,0x50,0x80,0x0B,0x00,0x0C,0x00,0xF0,0x00,0x00,0x00}},
  {0x7F5A, {0x49,0x20,0x49,0x20,0x7F,0xE0,0x20,0x00,0x10,0x20,0x01,0x20,0xE1,0x20,0x21,0x20,0x25,0x20,0x28,0x20,0x30,0xE0,0x00,0x00}},
  {0x7F62, {0x4A,0x40,0x4A,0x40,0x7F,0xC0,0x04,0x00,0x7F,0xC0,0x04,0x00,0xFF,0xE0,0x10,0x00,0x20,0x80,0x7F,0xC0,0x00,0x40,0x00,0x00}},
  {0x7F69, {0x4A,0x40,0x7F,0xC0,0x04,0x00,0x07,0xC0,0x04,0x00,0x7F,0xC0,0x40,0x40,0x7F,0xC0,0x40,0x40,0xFF,0xE0,0x04,0x00,0x00,0x00}},
  {0x7F6A, {0x4A,0x40,0x4A,0x40,0x7F,0xC0,0x0A,0x00,0xFB,0xE0,0x0A,0x00,0x7B,0xC0,0x0A,0x00,0xFB,0xE0,0x0A,0x00,0x0A,0x00,0x00,0x00}},
  {0x7F6E, {0x4A,0x40,0x7F,0xC0,0x04,0x00,0xFF,0xE0,0x04,0x00,0x3F,0x80,0x20,0x80,0x20,0x80,0x24,0x80,0x24,0x80,0xFF,0xE0,0x00,0x00}},
  {0x7F72, {0x4A,0x40,0x7F,0xC0,0x04,0x80,0x3E,0x80,0x05,0x00,0xFF,0xE0,0x10,0x80,0x3F,0x80,0xD0,0x80,0x1F,0x80,0x10,0x80,0x00,0x00}},
  {0x7F8A, {0x11,0x00,0x7F,0xC0,0x04,0x00,0x04,0x00,0x7F,0xC0,0x04,0x00,0x04,0x00,0xFF,0xE0,0x04,0x00,0x04,0x00,0x04,0x00,0x00,0x00}},
  {0x7F8E, {0x11,0x00,0x7F,0xC0,0x04,0x00,0x7F,0xC0,0x04,0x00,0xFF,0xE0,0x04,0x00,0xFF,0xE0,0x0A,0x00,0x31,0x80,0xC0,0x60,0x00,0x00}},
  {0x7F94, {0x11,0x00,0x7F,0xC0,0x04,0x00,0x04,0x00,0x7F,0xC0,0x04,0x00,0x04,0x00,0xFF,0xE0,0x00,0x00,0x52,0x40,0x89,0x20,0x00,0x00}},
  {0x7F9E, {0xFF,0xE0,0x04,0x00,0x7F,0x80,0x08,0x00,0xFF,0xE0,0x10,0x00,0x3F,0x80,0x24,0x80,0x5F,0x80,0x88,0x80,0x7F,0xE0,0x00,0x00}},
  {0x7FA1, {0xFF,0xE0,0x04,0x00,0x7F,0xC0,0x04,0x00,0xFF,0xE0,0x08,0x00,0x8F,0xE0,0x52,0x20,0x05,0x40,0x48,0x80,0x90,0x60,0x00,0x00}},
  {0x7FA4, {0x79,0x40,0x2B,0xE0,0xFC,0x80,0x28,0x80,0x7B,0xE0,0x20,0x80,0x78,0x80,0x6B,0xE0,0xA8,0x80,0x38,0x80,0x28,0x80,0x00,0x00}},
  {0x7FB9, {0x7F,0xC0,0x04,0x00,0xFF,0xE0,0x4A,0x40,0x80,0x20,0x11,0x00,0x7F,0xC0,0x04,0x00,0xFF,0xE0,0x11,0x00,0xE0,0xE0,0x00,0x00}},
  {0x7FBD, {0xFB,0xE0,0x08,0x20,0x8A,0x20,0x49,0x20,0x28,0xA0,0x08,0x20,0x28,0xA0,0x49,0x20,0x8A,0x20,0x08,0x20,0x38,0xE0,0x00,0x00}},
  {0x7FC1, {0x20,0x80,0xC8,0x60,0x11,0x00,0x3F,0x80,0x00,0x00,0x7B,0xC0,0x08,0x40,0x4A,0x40,0x29,0x40,0x4A,0x40,0x18,0xC0,0x00,0x00}},
  {0x7FC5, {0x22,0x40,0xF2,0x40,0x2B,0x40,0x26,0xC0,0xF2,0x40,0x56,0xC0,0x5B,0x40,0x52,0x40,0x26,0xC0,0x50,0x00,0x8F,0xE0,0x00,0x00}},
  {0x7FCE, {0x21,0x20,0x51,0x20,0x8D,0xA0,0x23,0x60,0x11,0x20,0xF9,0x20,0x0B,0x60,0x15,0xA0,0x51,0x20,0x21,0x20,0x13,0x60,0x00,0x00}},
  {0x7FD4, {0x57,0x60,0x01,0x20,0xF1,0x20,0x25,0xA0,0x73,0x60,0x21,0x20,0xF3,0x60,0x25,0xA0,0x21,0x20,0x41,0x20,0x83,0x60,0x00,0x00}},
  {0x7FD8, {0x77,0x60,0xC1,0x20,0x55,0xA0,0x2B,0x60,0xD9,0x20,0x03,0x60,0xFD,0xA0,0x51,0x20,0x53,0x60,0x50,0x00,0x8F,0xE0,0x00,0x00}},
  {0x7FE0, {0x49,0x20,0x28,0xA0,0x49,0x20,0x04,0x00,0x7F,0xC0,0x20,0x80,0x51,0x40,0x04,0x00,0xFF,0xE0,0x04,0x00,0x04,0x00,0x00,0x00}},
  {0x7FE9, {0x7D,0x20,0x45,0x20,0x7D,0xA0,0x43,0x60,0x7D,0x20,0x55,0x20,0xD7,0x60,0x7D,0xA0,0x55,0x20,0x55,0x20,0x4F,0x60,0x00,0x00}},
  {0x7FF0, {0xE5,0x00,0x48,0x80,0xF0,0x60,0xAD,0xC0,0xE4,0x40,0xB5,0x40,0xEC,0xC0,0x4C,0xC0,0xF5,0x40,0x44,0x40,0x4C,0xC0,0x00,0x00}},
  {0x7FFB, {0xE3,0x60,0xA9,0x20,0x21,0x20,0xFD,0xA0,0x6B,0x60,0xA1,0x20,0xFB,0x60,0xAD,0xA0,0xF9,0x20,0xA9,0x20,0xFB,0x60,0x00,0x00}},
  {0x7FFC, {0x49,0x20,0x28,0xA0,0x7F,0xA0,0x24,0x80,0x3F,0x80,0x24,0x80,0x7F,0xC0,0x11,0x00,0xFF,0xE0,0x20,0x80,0x40,0x40,0x00,0x00}},
  {0x8000, {0x25,0xA0,0xAB,0x60,0x75,0xA0,0x22,0x40,0xFB,0xE0,0x56,0x80,0x53,0xE0,0x52,0x80,0x53,0xE0,0x5A,0x80,0x93,0xE0,0x00,0x00}},
  {0x8001, {0x04,0x40,0x7F,0x80,0x05,0x00,0x06,0x00,0xFF,0xE0,0x08,0x00,0x18,0x40,0x29,0x80,0x4E,0x20,0x88,0x20,0x07,0xE0,0x00,0x00}},
  {0x8003, {0x08,0x80,0x7F,0x00,0x0A,0x00,0xFF,0xE0,0x08,0x00,0x1F,0xC0,0x30,0x00,0x5F,0xC0,0x80,0x40,0x00,0x40,0x01,0x80,0x00,0x00}},
  {0x8005, {0x04,0x40,0x7F,0x80,0x05,0x00,0xFF,0xE0,0x08,0x00,0x3F,0xC0,0xE0,0x40,0x3F,0xC0,0x20,0x40,0x3F,0xC0,0x20,0x40,0x00,0x00}},
  {0x800C, {0xFF,0xE0,0x04,0x00,0x08,0x00,0x7F,0xC0,0x4A,0x40,0x4A,0x40,0x4A,0x40,0x4A,0x40,0x4A,0x40,0x4A,0x40,0x40,0xC0,0x00,0x00}},
  {0x800D, {0xFF,0xE0,0x04,0x00,0x7F,0xC0,0x4A,0x40,0x4A,0x40,0x40,0xC0,0x08,0x00,0xFF,0xE0,0x31,0x00,0x0E,0x00,0xF1,0xC0,0x00,0x00}},
  {0x8010, {0xFE,0x40,0x10,0x40,0x21,0xE0,0xFE,0x40,0xAA,0x40,0xAB,0x40,0xAA,0xC0,0xAA,0x40,0xAA,0x40,0xAA,0x40,0x86,0xC0,0x00,0x00}},
  {0x8015, {0x22,0x40,0xFA,0x40,0x27,0xE0,0x72,0x40,0x22,0x40,0xFA,0x40,0x27,0xE0,0x72,0x40,0xAA,0x40,0x24,0x40,0x28,0x40,0x00,0x00}},
  {0x8017, {0x27,0x00,0xF9,0x00,0x21,0xC0,0x77,0x00,0x21,0x00,0xF9,0xE0,0x27,0x00,0x71,0x00,0xA9,0x20,0x21,0x20,0x20,0xE0,0x00,0x00}},
  {0x8018, {0x23,0xC0,0xF8,0x00,0x20,0x00,0x70,0x00,0x27,0xE0,0xF9,0x00,0x22,0x00,0x72,0x00,0xAC,0x40,0x27,0xE0,0x20,0x20,0x00,0x00}},
  {0x8019, {0x27,0xE0,0xF5,0x20,0x25,0x20,0x75,0x20,0x25,0x20,0xF7,0xE0,0x24,0x00,0x74,0x00,0xA4,0x20,0x24,0x20,0x23,0xE0,0x00,0x00}},
  {0x8033, {0xFF,0xE0,0x20,0x80,0x20,0x80,0x3F,0x80,0x20,0x80,0x3F,0x80,0x20,0x80,0x23,0xE0,0xFC,0x80,0x00,0x80,0x00,0x80,0x00,0x00}},
  {0x8038, {0x11,0x00,0x2A,0x80,0x44,0x40,0xFF,0xE0,0x20,0x80,0x3F,0x80,0x20,0x80,0x3F,0x80,0x20,0xE0,0xFF,0x80,0x00,0x80,0x00,0x00}},
  {0x803B, {0xFC,0x80,0x48,0x80,0x4A,0x80,0x7A,0xE0,0x4A,0x80,0x7A,0x80,0x4A,0x80,0x4E,0x80,0xFA,0x80,0x0A,0x80,0x0F,0xE0,0x00,0x00}},
  {0x803D, {0xF9,0x00,0x57,0xE0,0x55,0x20,0x75,0x20,0x51,0x00,0x72,0x80,0x52,0x80,0x5A,0x80,0xF4,0x80,0x14,0xA0,0x18,0x60,0x00,0x00}},
  {0x803F, {0xF9,0x00,0x55,0x20,0x55,0x20,0x75,0x40,0x59,0x00,0x71,0x00,0x52,0x80,0x5A,0x80,0xF4,0x40,0x14,0x40,0x18,0x20,0x00,0x00}},
  {0x8042, {0x20,0x80,0x3F,0x80,0x20,0x80,0x3F,0x80,0x20,0xE0,0xFF,0x80,0x00,0x80,0xFB,0xE0,0x49,0x20,0x30,0xC0,0xCB,0x20,0x00,0x00}},
  {0x804A, {0x52,0xE0,0x54,0xA0,0x74,0xA0,0x54,0xA0,0x56,0xA0,0x76,0xA0,0x56,0xA0,0x5A,0xA0,0xF2,0xE0,0x12,0x80,0x14,0x80,0x00,0x00}},
  {0x804B, {0xFF,0xE0,0x12,0x80,0x23,0x20,0xDD,0xE0,0x00,0x00,0xFF,0xE0,0x20,0x80,0x3F,0x80,0x20,0xE0,0xFF,0x80,0x00,0x80,0x00,0x00}},
  {0x804C, {0x4B,0xE0,0x4A,0x20,0x7A,0x20,0x4A,0x20,0x4A,0x20,0x7B,0xE0,0x48,0x00,0x4C,0x00,0xF9,0x40,0x09,0x20,0x0A,0x20,0x00,0x00}},
  {0x8054, {0xFA,0x80,0x50,0x00,0x57,0xC0,0x71,0x00,0x51,0x00,0x7F,0xE0,0x51,0x00,0x5A,0x80,0xF2,0x80,0x14,0x40,0x18,0x20,0x00,0x00}},
  {0x8058, {0xFF,0xE0,0x55,0x20,0x57,0xE0,0x75,0x20,0x57,0xE0,0x70,0x00,0x57,0xE0,0x5A,0x00,0xF3,0xE0,0x10,0x20,0x10,0xC0,0x00,0x00}},
  {0x805A, {0x48,0x20,0x78,0xA0,0x4E,0x40,0xF9,0xA0,0x08,0x00,0x03,0xC0,0x7C,0x00,0x26,0x20,0xCD,0x40,0x14,0x80,0xE4,0x60,0x00,0x00}},
  {0x806A, {0xFA,0x80,0x57,0xC0,0x54,0x40,0x74,0x40,0x57,0xC0,0x70,0x00,0x52,0x00,0x59,0x40,0xF4,0x20,0x1A,0xA0,0x13,0x80,0x00,0x00}},
  {0x8083, {0x7F,0xC0,0x04,0x40,0xFF,0xE0,0x04,0x40,0x7F,0xC0,0x04,0x00,0x44,0x40,0x4E,0x40,0x55,0x40,0x44,0x40,0x84,0x40,0x00,0x00}},
  {0x8084, {0x67,0xC0,0x51,0x40,0x37,0xE0,0x41,0x40,0x77,0xC0,0xA1,0x00,0x27,0xC0,0xF9,0x00,0x27,0xE0,0x51,0x00,0x89,0x00,0x00,0x00}},
  {0x8086, {0x77,0xC0,0x41,0x40,0x77,0xE0,0x41,0x40,0x77,0xC0,0x41,0x00,0xF7,0xC0,0x41,0x00,0x97,0xE0,0xF9,0x00,0x09,0x00,0x00,0x00}},
  {0x8089, {0x04,0x00,0x7F,0xC0,0x44,0x40,0x4A,0x40,0x51,0x40,0x44,0x40,0x44,0x40,0x4A,0x40,0x51,0x40,0x40,0x40,0x41,0xC0,0x00,0x00}},
  {0x808B, {0x79,0x00,0x49,0x00,0x4F,0xE0,0x79,0x20,0x49,0x20,0x49,0x20,0x79,0x20,0x4A,0x20,0x4A,0x20,0x4C,0x20,0x98,0xC0,0x00,0x00}},
  {0x808C, {0x7B,0x80,0x4A,0x80,0x4A,0x80,0x7A,0x80,0x4A,0x80,0x4A,0x80,0x7A,0x80,0x4A,0x80,0x4A,0xA0,0x4C,0xA0,0x98,0x60,0x00,0x00}},
  {0x8096, {0x44,0x40,0x24,0x80,0x04,0x00,0x7F,0xC0,0x40,0x40,0x7F,0xC0,0x40,0x40,0x7F,0xC0,0x40,0x40,0x40,0x40,0x40,0xC0,0x00,0x00}},
  {0x8098, {0x78,0x40,0x48,0x40,0x4B,0xE0,0x78,0x40,0x4A,0x40,0x49,0x40,0x79,0x40,0x48,0x40,0x48,0x40,0x48,0x40,0x98,0xC0,0x00,0x00}},
  {0x809A, {0x78,0x80,0x48,0x80,0x48,0x80,0x7B,0xE0,0x48,0x80,0x48,0x80,0x78,0x80,0x48,0x80,0x48,0x80,0x48,0x80,0x9B,0xE0,0x00,0x00}},
  {0x809B, {0x7B,0xE0,0x48,0x80,0x48,0x80,0x78,0x80,0x48,0x80,0x48,0x80,0x78,0x80,0x48,0x80,0x48,0x80,0x48,0x80,0x9B,0xE0,0x00,0x00}},
  {0x809D, {0x77,0xC0,0x51,0x00,0x51,0x00,0x71,0x00,0x51,0x00,0x5F,0xE0,0x71,0x00,0x51,0x00,0x51,0x00,0x51,0x00,0xB1,0x00,0x00,0x00}},
  {0x80A0, {0x77,0xC0,0x50,0x80,0x51,0x00,0x72,0x00,0x57,0xE0,0x52,0xA0,0x72,0xA0,0x55,0x20,0x59,0x20,0x52,0x20,0xB4,0xC0,0x00,0x00}},
  {0x80A1, {0x7B,0xC0,0x4A,0x40,0x4A,0x40,0x7C,0x60,0x48,0x00,0x4F,0xC0,0x7A,0x40,0x4A,0x80,0x49,0x00,0x4A,0x80,0x9C,0x60,0x00,0x00}},
  {0x80A2, {0x71,0x00,0x57,0xE0,0x51,0x00,0x71,0x00,0x5F,0xC0,0x54,0x40,0x74,0x40,0x52,0x80,0x51,0x00,0x52,0x80,0xBC,0x60,0x00,0x00}},
  {0x80A4, {0x71,0x00,0x51,0x00,0x57,0xC0,0x71,0x00,0x51,0x00,0x5F,0xE0,0x71,0x00,0x52,0x80,0x52,0x80,0x54,0x40,0xB8,0x20,0x00,0x00}},
  {0x80A5, {0x77,0xE0,0x55,0x20,0x55,0x20,0x75,0x20,0x55,0x20,0x57,0xE0,0x74,0x00,0x54,0x00,0x54,0x20,0x54,0x20,0xB3,0xE0,0x00,0x00}},
  {0x80A9, {0x7F,0xE0,0x40,0x20,0x7F,0xE0,0x40,0x00,0x5F,0xE0,0x50,0x20,0x5F,0xE0,0x50,0x20,0x5F,0xE0,0x50,0x20,0x90,0x60,0x00,0x00}},
  {0x80AA, {0x78,0x80,0x4F,0xE0,0x49,0x00,0x79,0x00,0x49,0xE0,0x49,0x20,0x79,0x20,0x49,0x20,0x4A,0x20,0x4A,0x20,0x9C,0xC0,0x00,0x00}},
  {0x80AE, {0x71,0x00,0x5F,0xE0,0x50,0x00,0x70,0x00,0x57,0x80,0x54,0x80,0x74,0x80,0x54,0x80,0x54,0xA0,0x58,0xA0,0xB0,0x60,0x00,0x00}},
  {0x80AF, {0x27,0xC0,0x24,0x00,0xFF,0xE0,0x00,0x00,0x7F,0xC0,0x40,0x40,0x7F,0xC0,0x40,0x40,0x7F,0xC0,0x40,0x40,0x40,0xC0,0x00,0x00}},
  {0x80B2, {0xFF,0xE0,0x20,0x80,0x7F,0xC0,0x00,0x40,0x7F,0xC0,0x40,0x40,0x7F,0xC0,0x40,0x40,0x7F,0xC0,0x40,0x40,0x40,0xC0,0x00,0x00}},
  {0x80B4, {0x1F,0x00,0x24,0x80,0xFF,0xE0,0x10,0x00,0x3F,0xC0,0x60,0x40,0xBF,0xC0,0x20,0x40,0x3F,0xC0,0x20,0x40,0x20,0xC0,0x00,0x00}},
  {0x80BA, {0x71,0x00,0x57,0xE0,0x51,0x00,0x71,0x00,0x57,0xE0,0x55,0x20,0x75,0x20,0x55,0x20,0x55,0x60,0x51,0x00,0xB1,0x00,0x00,0x00}},
  {0x80BE, {0x92,0x40,0x91,0x80,0x96,0x40,0x00,0x20,0x7F,0xC0,0x40,0x40,0x7F,0xC0,0x40,0x40,0x7F,0xC0,0x40,0x40,0x40,0xC0,0x00,0x00}},
  {0x80BF, {0x78,0x80,0x48,0x80,0x4B,0xE0,0x7A,0xA0,0x4A,0xA0,0x4A,0xA0,0x7B,0xE0,0x4A,0xA0,0x48,0x80,0x48,0x80,0x98,0x80,0x00,0x00}},
  {0x80C0, {0x52,0x40,0x52,0x80,0x73,0x00,0x52,0x00,0x57,0xE0,0x72,0x80,0x52,0x80,0x52,0x40,0x52,0x40,0x53,0x20,0xB2,0x00,0x00,0x00}},
  {0x80C1, {0x72,0x00,0x57,0x80,0x52,0x80,0x72,0x80,0x56,0xC0,0x5A,0xA0,0x72,0xA0,0x54,0x80,0x54,0x80,0x58,0x80,0xB3,0x00,0x00,0x00}},
  {0x80C3, {0x44,0x40,0x7F,0xC0,0x44,0x40,0x7F,0xC0,0x20,0x80,0x3F,0x80,0x20,0x80,0x3F,0x80,0x20,0x80,0x20,0x80,0x21,0x80,0x00,0x00}},
  {0x80C6, {0x7B,0xE0,0x4A,0x20,0x4A,0x20,0x7B,0xE0,0x4A,0x20,0x4A,0x20,0x7A,0x20,0x4B,0xE0,0x48,0x00,0x48,0x00,0x9B,0xE0,0x00,0x00}},
  {0x80CC, {0xF3,0x80,0x12,0x20,0x31,0xE0,0xD0,0x00,0x3F,0x80,0x20,0x80,0x3F,0x80,0x20,0x80,0x3F,0x80,0x20,0x80,0x21,0x80,0x00,0x00}},
  {0x80CE, {0x71,0x00,0x52,0x00,0x54,0x40,0x77,0xE0,0x50,0x20,0x57,0xC0,0x74,0x40,0x54,0x40,0x54,0x40,0x57,0xC0,0xB4,0x40,0x00,0x00}},
  {0x80D6, {0x59,0x20,0x55,0x40,0x71,0x00,0x57,0xC0,0x51,0x00,0x71,0x00,0x5F,0xE0,0x51,0x00,0x51,0x00,0x51,0x00,0xB1,0x00,0x00,0x00}},
  {0x80DA, {0x77,0xE0,0x50,0x80,0x51,0x00,0x71,0x00,0x53,0x40,0x55,0x20,0x79,0x20,0x51,0x00,0x51,0x00,0x50,0x00,0xB7,0xE0,0x00,0x00}},
  {0x80DC, {0x71,0x00,0x55,0x00,0x57,0xC0,0x75,0x00,0x59,0x00,0x51,0x00,0x77,0xC0,0x51,0x00,0x51,0x00,0x51,0x00,0xBF,0xE0,0x00,0x00}},
  {0x80DE, {0x72,0x00,0x57,0xE0,0x58,0x20,0x77,0xA0,0x54,0xA0,0x54,0xA0,0x77,0xA0,0x54,0x60,0x54,0x00,0x54,0x20,0xB3,0xE0,0x00,0x00}},
  {0x80E1, {0x23,0xE0,0xFA,0x20,0x22,0x20,0x23,0xE0,0xFA,0x20,0x8A,0x20,0x8B,0xE0,0x8A,0x20,0xFA,0x20,0x84,0x20,0x08,0xE0,0x00,0x00}},
  {0x80E7, {0x72,0x40,0x52,0x00,0x5F,0xE0,0x72,0x80,0x52,0x80,0x52,0xA0,0x72,0xC0,0x54,0x80,0x55,0xA0,0x5A,0xA0,0xB0,0x60,0x00,0x00}},
  {0x80EF, {0x77,0xE0,0x52,0x80,0x54,0x40,0x7B,0xA0,0x50,0x00,0x5F,0xE0,0x74,0x00,0x57,0xC0,0x50,0x40,0x50,0x40,0xB1,0x80,0x00,0x00}},
  {0x80F0, {0x57,0xE0,0x51,0x00,0x77,0xE0,0x51,0x20,0x57,0xE0,0x75,0x00,0x57,0xE0,0x51,0x20,0x51,0x60,0x52,0x80,0xB4,0x60,0x00,0x00}},
  {0x80F3, {0x73,0xC0,0x54,0x40,0x5A,0x80,0x71,0x00,0x52,0x80,0x5C,0x60,0x77,0xC0,0x54,0x40,0x54,0x40,0x57,0xC0,0xB4,0x40,0x00,0x00}},
  {0x80F6, {0x71,0x00,0x57,0xE0,0x50,0x00,0x72,0x80,0x54,0x40,0x5A,0xA0,0x72,0x80,0x52,0x80,0x51,0x00,0x52,0x80,0xB4,0x60,0x00,0x00}},
  {0x80F8, {0xA4,0x00,0xAF,0xE0,0xF0,0x20,0xA5,0x20,0xAA,0xA0,0xEA,0xA0,0xAD,0xA0,0xA8,0xA0,0xAF,0xA0,0xA0,0x20,0x60,0xC0,0x00,0x00}},
  {0x80FD, {0x4A,0x80,0xFB,0x00,0x02,0x20,0x79,0xE0,0x48,0x00,0x7A,0x00,0x4A,0x40,0x7A,0x80,0x4B,0x20,0x4A,0x20,0x59,0xE0,0x00,0x00}},
  {0x8102, {0x54,0xC0,0x57,0x00,0x74,0x20,0x53,0xE0,0x50,0x00,0x77,0xE0,0x54,0x20,0x57,0xE0,0x54,0x20,0x57,0xE0,0xB4,0x20,0x00,0x00}},
  {0x8106, {0x73,0xC0,0x54,0x40,0x58,0x80,0x77,0xE0,0x54,0x00,0x55,0xE0,0x75,0x20,0x55,0x60,0x55,0x00,0x55,0x20,0xB8,0xE0,0x00,0x00}},
  {0x8109, {0x71,0x80,0x50,0x00,0x57,0x20,0x71,0x40,0x5D,0x80,0x55,0x80,0x75,0x40,0x55,0x40,0x59,0x20,0x51,0x00,0xB3,0x00,0x00,0x00}},
  {0x810A, {0x24,0x80,0x4A,0x40,0x91,0x20,0x20,0x80,0x7F,0xC0,0xA0,0xA0,0x3F,0x80,0x20,0x80,0x3F,0x80,0x20,0x80,0x21,0x80,0x00,0x00}},
  {0x810F, {0x70,0x80,0x57,0xE0,0x54,0x00,0x74,0x80,0x54,0x80,0x57,0xE0,0x74,0x80,0x54,0x80,0x54,0x80,0x54,0x80,0xBB,0xE0,0x00,0x00}},
  {0x8110, {0x70,0x80,0x57,0xE0,0x52,0x40,0x71,0x80,0x52,0x40,0x54,0x20,0x72,0x40,0x52,0x40,0x52,0x40,0x52,0x40,0xB4,0x40,0x00,0x00}},
  {0x8111, {0x70,0x80,0x57,0xE0,0x50,0x00,0x71,0x40,0x54,0xA0,0x54,0xA0,0x74,0xA0,0x55,0x60,0x54,0x20,0x57,0xE0,0xB0,0x20,0x00,0x00}},
  {0x8113, {0x71,0x00,0x5F,0xE0,0x59,0x20,0x71,0x00,0x52,0x80,0x52,0x80,0x76,0xA0,0x5A,0x40,0x52,0x40,0x53,0x20,0xB2,0x00,0x00,0x00}},
  {0x8116, {0x77,0xE0,0x50,0x80,0x57,0xE0,0x74,0x20,0x53,0xC0,0x50,0x40,0x70,0x80,0x57,0xE0,0x50,0x80,0x50,0x80,0xB1,0x80,0x00,0x00}},
  {0x811A, {0xE4,0xE0,0xAE,0xA0,0xA4,0xA0,0xE4,0xA0,0xAE,0xA0,0xA4,0xA0,0xE8,0xA0,0xAA,0xA0,0xAE,0xE0,0xA0,0x80,0x60,0x80,0x00,0x00}},
  {0x812F, {0x71,0x20,0x5F,0xE0,0x51,0x00,0x77,0xE0,0x55,0x20,0x57,0xE0,0x75,0x20,0x57,0xE0,0x55,0x20,0x55,0x20,0xB4,0x60,0x00,0x00}},
  {0x8131, {0x72,0x80,0x50,0x00,0x57,0xC0,0x74,0x40,0x54,0x40,0x57,0xC0,0x72,0x80,0x52,0x80,0x52,0x80,0x54,0xA0,0xB8,0x60,0x00,0x00}},
  {0x8138, {0x71,0x00,0x52,0x80,0x54,0x40,0x78,0x20,0x57,0xC0,0x50,0x00,0x72,0x40,0x59,0x40,0x55,0x40,0x54,0x80,0xBF,0xE0,0x00,0x00}},
  {0x813E, {0x72,0x00,0x57,0xE0,0x54,0xA0,0x77,0xE0,0x55,0x20,0x57,0xE0,0x72,0x00,0x54,0x80,0x5F,0xE0,0x50,0x80,0xB0,0x80,0x00,0x00}},
  {0x814A, {0x72,0x80,0x57,0xC0,0x52,0x80,0x77,0xE0,0x50,0x00,0x57,0xC0,0x74,0x40,0x57,0xC0,0x54,0x40,0x57,0xC0,0xB4,0x40,0x00,0x00}},
  {0x814B, {0xE1,0x00,0xAF,0xE0,0xA5,0x00,0xE5,0xE0,0xA9,0x20,0xAA,0xA0,0xFA,0x40,0xAD,0x40,0xA8,0x80,0xA9,0x40,0x6A,0x20,0x00,0x00}},
  {0x814C, {0x5F,0xE0,0x52,0x80,0x74,0x40,0x59,0x20,0x57,0xC0,0x75,0x40,0x57,0xC0,0x55,0x40,0x57,0xC0,0x55,0x20,0xB0,0xE0,0x00,0x00}},
  {0x8150, {0x7F,0xE0,0x48,0x40,0x5B,0xE0,0x69,0x40,0x48,0xC0,0x42,0x00,0x5F,0xE0,0x52,0x20,0x55,0x20,0x52,0x20,0x95,0x60,0x00,0x00}},
  {0x8154, {0x71,0x00,0x5F,0xE0,0x58,0x20,0x72,0x80,0x54,0x40,0x58,0x20,0x77,0xC0,0x51,0x00,0x51,0x00,0x51,0x00,0xBF,0xE0,0x00,0x00}},
  {0x8155, {0xEF,0xE0,0xA8,0x20,0xA4,0x00,0xE6,0xE0,0xAA,0xA0,0xAA,0xA0,0xF6,0xE0,0xA2,0x80,0xA4,0xA0,0xA4,0xA0,0x68,0x60,0x00,0x00}},
  {0x8165, {0x54,0x40,0x57,0xC0,0x74,0x40,0x57,0xC0,0x51,0x00,0x75,0x00,0x57,0xC0,0x59,0x00,0x57,0xC0,0x51,0x00,0xBF,0xE0,0x00,0x00}},
  {0x816E, {0x55,0x40,0x55,0x40,0x77,0xC0,0x55,0x40,0x55,0x40,0x77,0xC0,0x51,0x00,0x54,0xA0,0x5A,0x20,0x52,0x40,0xB1,0xC0,0x00,0x00}},
  {0x8170, {0xEF,0xE0,0xA2,0x80,0xAF,0xE0,0xEA,0xA0,0xAF,0xE0,0xA1,0x00,0xEF,0xE0,0xA2,0x40,0xA6,0x40,0xA1,0x80,0x6E,0x60,0x00,0x00}},
  {0x8179, {0x58,0x00,0x57,0xC0,0x74,0x40,0x57,0xC0,0x54,0x40,0x77,0xC0,0x52,0x00,0x57,0xC0,0x5A,0x40,0x51,0x80,0xB6,0x60,0x00,0x00}},
  {0x817A, {0x77,0xC0,0x54,0x40,0x57,0xC0,0x74,0x40,0x57,0xC0,0x51,0x00,0x7D,0xA0,0x55,0x40,0x55,0x40,0x59,0x20,0xB3,0x00,0x00,0x00}},
  {0x817B, {0x77,0xE0,0x50,0x80,0x57,0x80,0x70,0x80,0x57,0x80,0x50,0x80,0x77,0x40,0x55,0x40,0x55,0x40,0x52,0x60,0xB5,0x20,0x00,0x00}},
  {0x817E, {0x51,0x00,0x57,0xC0,0x72,0x00,0x5F,0xE0,0x54,0x40,0x7F,0xA0,0x54,0x80,0x57,0xE0,0x50,0x20,0x5F,0xA0,0xB0,0x60,0x00,0x00}},
  {0x817F, {0x59,0x20,0x55,0xE0,0x75,0x20,0x51,0xE0,0x5D,0x80,0x75,0x60,0x55,0x40,0x55,0xA0,0x55,0x20,0x56,0x00,0xB9,0xE0,0x00,0x00}},
  {0x8180, {0x77,0xE0,0x52,0x40,0x51,0x80,0x77,0xE0,0x55,0x20,0x50,0x80,0x77,0xE0,0x52,0x00,0x53,0xE0,0x52,0x20,0xB4,0xC0,0x00,0x00}},
  {0x818A, {0x57,0xE0,0x51,0x00,0x77,0xC0,0x55,0x40,0x57,0xC0,0x75,0x40,0x55,0x40,0x50,0x80,0x5F,0xE0,0x54,0x80,0xB1,0x80,0x00,0x00}},
  {0x818F, {0xFF,0xE0,0x20,0x80,0x3F,0x80,0x00,0x00,0xFF,0xE0,0xA0,0xA0,0x3F,0x80,0x20,0x80,0x3F,0x80,0x20,0x80,0x21,0x80,0x00,0x00}},
  {0x8198, {0xA2,0x80,0xAF,0xE0,0xEA,0xA0,0xAF,0xE0,0xA0,0x00,0xE7,0xC0,0xA0,0x00,0xAF,0xE0,0xA1,0x00,0xA5,0x40,0x6B,0x20,0x00,0x00}},
  {0x819B, {0x75,0x40,0x5F,0xE0,0x58,0x20,0x77,0xC0,0x54,0x40,0x54,0x40,0x77,0xC0,0x51,0x00,0x57,0xC0,0x51,0x00,0xBF,0xE0,0x00,0x00}},
  {0x819C, {0x5F,0xE0,0x52,0x80,0x77,0xC0,0x54,0x40,0x57,0xC0,0x74,0x40,0x57,0xC0,0x51,0x00,0x5F,0xE0,0x52,0x80,0xB4,0x60,0x00,0x00}},
  {0x819D, {0x5F,0xE0,0x55,0x40,0x79,0x20,0x52,0x80,0x54,0x40,0x79,0x20,0x55,0x40,0x53,0x80,0x55,0x40,0x59,0x20,0xB3,0x00,0x00,0x00}},
  {0x81A8, {0x5F,0xA0,0x52,0x20,0x77,0x40,0x50,0x00,0x57,0x20,0x75,0x20,0x57,0x40,0x50,0x00,0x55,0x20,0x5F,0xA0,0xB0,0x40,0x00,0x00}},
  {0x81B3, {0x5F,0xE0,0x51,0x00,0x77,0xC0,0x51,0x00,0x5F,0xE0,0x75,0x40,0x5F,0xE0,0x50,0x00,0x57,0xC0,0x54,0x40,0xB7,0xC0,0x00,0x00}},
  {0x81C0, {0x45,0x60,0x7E,0x00,0x55,0xC0,0x7F,0x40,0x54,0x80,0xA3,0x60,0x7F,0xC0,0x40,0x40,0x7F,0xC0,0x40,0x40,0x40,0xC0,0x00,0x00}},
  {0x81C2, {0x4B,0xE0,0x79,0x40,0x43,0xE0,0x78,0x80,0xA9,0xC0,0x38,0x80,0x7F,0xC0,0x40,0x40,0x7F,0xC0,0x40,0x40,0x40,0xC0,0x00,0x00}},
  {0x81CA, {0xE4,0x40,0xA7,0xC0,0xA0,0x00,0xEE,0xE0,0xAA,0xA0,0xAE,0xE0,0xE1,0x00,0xAF,0xE0,0xA3,0x80,0xA5,0x40,0x69,0x20,0x00,0x00}},
  {0x81E3, {0x7F,0xE0,0x42,0x00,0x42,0x00,0x7F,0xE0,0x40,0x20,0x40,0x20,0x7F,0xE0,0x42,0x00,0x42,0x00,0x42,0x00,0x7F,0xE0,0x00,0x00}},
  {0x81ED, {0x7F,0xC0,0x40,0x40,0x7F,0xC0,0x40,0x40,0x7F,0xC0,0x40,0x40,0x7F,0xC0,0x04,0x80,0xFF,0xE0,0x11,0x00,0xE0,0xE0,0x00,0x00}},
  {0x81F3, {0xFF,0xE0,0x08,0x00,0x11,0x00,0x20,0x80,0x7F,0xC0,0x04,0x40,0x04,0x00,0x7F,0xC0,0x04,0x00,0x04,0x00,0xFF,0xE0,0x00,0x00}},
  {0x81F4, {0xF9,0x00,0x21,0x00,0x4B,0xE0,0xFA,0x40,0x24,0x40,0x22,0x40,0xFA,0x80,0x21,0x00,0x3A,0x80,0xE4,0x40,0x08,0x20,0x00,0x00}},
  {0x81FC, {0x18,0x00,0x61,0xE0,0x40,0x20,0x40,0x20,0x40,0x20,0x79,0xE0,0x40,0x20,0x40,0x20,0x40,0x20,0x7F,0xE0,0x40,0x20,0x00,0x00}},
  {0x8200, {0x7C,0x00,0x08,0x00,0x44,0x40,0x20,0x80,0x08,0x00,0x73,0xC0,0x40,0x40,0x7B,0xC0,0x40,0x40,0x7F,0xC0,0x40,0x40,0x00,0x00}},
  {0x8205, {0x73,0xC0,0x40,0x40,0x7B,0xC0,0x40,0x40,0x7F,0xC0,0x24,0x80,0x3F,0x80,0x24,0x80,0xFF,0xE0,0x10,0x20,0xE0,0xC0,0x00,0x00}},
  {0x8206, {0x4E,0x40,0x44,0x40,0x68,0xC0,0x4E,0x40,0x44,0x40,0x6E,0xC0,0x44,0x40,0xFF,0xE0,0x00,0x00,0x20,0x80,0x40,0x40,0x00,0x00}},
  {0x820C, {0x7C,0x00,0x04,0x00,0x04,0x00,0xFF,0xE0,0x04,0x00,0x04,0x00,0x7F,0xC0,0x40,0x40,0x40,0x40,0x7F,0xC0,0x40,0x40,0x00,0x00}},
  {0x820D, {0x0A,0x00,0x31,0x80,0xC0,0x60,0x3F,0x80,0x04,0x00,0xFF,0xE0,0x04,0x00,0x7F,0xC0,0x40,0x40,0x7F,0xC0,0x40,0x40,0x00,0x00}},
  {0x8212, {0x53,0xE0,0x88,0x20,0x71,0x40,0x20,0x80,0xFB,0xE0,0x20,0xA0,0xF8,0x80,0x88,0x80,0x88,0x80,0xF8,0x80,0x8B,0x80,0x00,0x00}},
  {0x8214, {0xC2,0x00,0x42,0x00,0x5F,0xE0,0xE4,0x80,0x48,0x40,0x52,0x20,0xE2,0x00,0xA3,0x40,0xAA,0xA0,0xF2,0xA0,0xA6,0x00,0x00,0x00}},
  {0x821E, {0x7F,0xE0,0xAA,0x80,0x7F,0xC0,0x2A,0x80,0xFF,0xE0,0x20,0x80,0x7B,0xC0,0x88,0x80,0x54,0x80,0x27,0xE0,0xC0,0x80,0x00,0x00}},
  {0x821F, {0x08,0x00,0x3F,0x80,0x20,0x80,0x28,0x80,0x24,0x80,0xFF,0xE0,0x20,0x80,0x28,0x80,0x44,0x80,0x40,0x80,0x81,0x80,0x00,0x00}},
  {0x822A, {0x78,0x80,0x4F,0xE0,0x68,0x00,0x58,0x00,0x4B,0x80,0xFA,0x80,0x4A,0x80,0x6A,0x80,0x5A,0xA0,0x4C,0xA0,0x98,0x60,0x00,0x00}},
  {0x822C, {0x23,0xC0,0x7A,0x40,0x4A,0x40,0x6C,0x60,0x58,0x00,0xFB,0xC0,0x4A,0x40,0x6A,0x40,0x59,0x80,0x4A,0x40,0x9C,0x20,0x00,0x00}},
  {0x8230, {0x7B,0xE0,0x4A,0x20,0x6A,0xA0,0x5A,0xA0,0x4A,0xA0,0xFA,0xA0,0x4A,0xA0,0x69,0x00,0x59,0x80,0x4A,0xA0,0x9C,0x60,0x00,0x00}},
  {0x8231, {0x20,0x80,0x79,0x40,0x4A,0x20,0x6C,0x00,0x5B,0xC0,0xFA,0x40,0x4A,0x40,0x6A,0xC0,0x5A,0x00,0x4A,0x20,0x99,0xE0,0x00,0x00}},
  {0x8235, {0x70,0x80,0x57,0xE0,0x74,0x20,0x50,0x00,0xF2,0x20,0x52,0x40,0x72,0x80,0x53,0x00,0x52,0x20,0x52,0x20,0xB1,0xE0,0x00,0x00}},
  {0x8236, {0x21,0x00,0x7B,0xE0,0x4A,0x20,0x6A,0x20,0x5A,0x20,0xFB,0xE0,0x4A,0x20,0x6A,0x20,0x5A,0x20,0x4B,0xE0,0x9A,0x20,0x00,0x00}},
  {0x8237, {0x78,0x80,0x4B,0xE0,0x68,0x80,0x59,0x00,0x4A,0x20,0xFB,0xC0,0x48,0x80,0x69,0x00,0x5A,0x40,0x4B,0xE0,0x98,0x20,0x00,0x00}},
  {0x8239, {0x23,0xC0,0x7A,0x40,0x4A,0x40,0x6C,0x20,0x58,0x00,0xFB,0xC0,0x4A,0x40,0x6A,0x40,0x5A,0x40,0x4B,0xC0,0x9A,0x40,0x00,0x00}},
  {0x8247, {0x76,0xC0,0x52,0x40,0x72,0x40,0x54,0x40,0xF4,0xE0,0x56,0x40,0x72,0x40,0x52,0x40,0x5A,0xE0,0x54,0x00,0xBB,0xE0,0x00,0x00}},
  {0x8258, {0x73,0x60,0x55,0x20,0x77,0x60,0x55,0x20,0xF7,0xE0,0x51,0x00,0x77,0xE0,0x52,0x20,0x51,0x40,0x51,0x80,0xB6,0x60,0x00,0x00}},
  {0x826F, {0x04,0x00,0x7F,0xC0,0x40,0x40,0x7F,0xC0,0x40,0x40,0x7F,0xC0,0x44,0x20,0x42,0x40,0x41,0x80,0x48,0x80,0x70,0x60,0x00,0x00}},
  {0x8270, {0xF4,0x40,0x14,0x40,0x97,0xC0,0x54,0x40,0x54,0x40,0x27,0xC0,0x25,0x20,0x55,0x40,0x54,0x80,0x96,0x40,0x04,0x20,0x00,0x00}},
  {0x8272, {0x3F,0x80,0x40,0x80,0x81,0x00,0x7F,0xC0,0x44,0x40,0x44,0x40,0x7F,0xC0,0x40,0x00,0x40,0x20,0x40,0x20,0x3F,0xE0,0x00,0x00}},
  {0x8273, {0x23,0xC0,0xF4,0x40,0x28,0x80,0x27,0xE0,0x75,0x20,0x25,0x20,0x27,0xE0,0xFC,0x00,0x24,0x20,0x24,0x20,0x23,0xE0,0x00,0x00}},
  {0x827A, {0xFF,0xE0,0x11,0x00,0x00,0x00,0x7F,0xC0,0x00,0x80,0x03,0x00,0x0C,0x00,0x30,0x00,0x40,0x20,0x40,0x20,0x3F,0xE0,0x00,0x00}},
  {0x827E, {0x11,0x00,0xFF,0xE0,0x11,0x00,0x00,0x00,0x11,0x00,0x11,0x00,0x0A,0x00,0x04,0x00,0x0A,0x00,0x31,0x80,0xC0,0x60,0x00,0x00}},
  {0x8282, {0x11,0x00,0xFF,0xE0,0x11,0x00,0x00,0x00,0xFF,0xC0,0x08,0x40,0x08,0x40,0x08,0x40,0x08,0xC0,0x08,0x00,0x08,0x00,0x00,0x00}},
  {0x828B, {0xFF,0xE0,0x11,0x00,0x00,0x00,0x7F,0xC0,0x04,0x00,0x04,0x00,0xFF,0xE0,0x04,0x00,0x04,0x00,0x04,0x00,0x1C,0x00,0x00,0x00}},
  {0x828D, {0xFF,0xE0,0x11,0x00,0x20,0x00,0x3F,0xC0,0x40,0x40,0x80,0x40,0x10,0x40,0x08,0x40,0x08,0x40,0x00,0x40,0x03,0x80,0x00,0x00}},
  {0x8292, {0x11,0x00,0xFF,0xE0,0x11,0x00,0x04,0x00,0x02,0x00,0xFF,0xE0,0x20,0x00,0x20,0x00,0x20,0x00,0x20,0x00,0x3F,0xC0,0x00,0x00}},
  {0x8299, {0xFF,0xE0,0x11,0x00,0x04,0x00,0x7F,0xC0,0x04,0x00,0x04,0x00,0xFF,0xE0,0x0A,0x00,0x11,0x00,0x20,0x80,0xC0,0x60,0x00,0x00}},
  {0x829C, {0xFF,0xE0,0x11,0x00,0x00,0x00,0x7F,0xC0,0x04,0x00,0x04,0x00,0xFF,0xE0,0x0A,0x00,0x12,0x00,0x22,0x20,0xC1,0xE0,0x00,0x00}},
  {0x829D, {0xFF,0xE0,0x11,0x00,0x08,0x00,0x04,0x00,0xFF,0xC0,0x00,0x80,0x03,0x00,0x0C,0x00,0x10,0x00,0x60,0x00,0x9F,0xE0,0x00,0x00}},
  {0x82A5, {0xFF,0xE0,0x11,0x00,0x04,0x00,0x0A,0x00,0x31,0x80,0xC0,0x60,0x11,0x00,0x11,0x00,0x11,0x00,0x21,0x00,0x41,0x00,0x00,0x00}},
  {0x82A6, {0xFF,0xE0,0x28,0x80,0x04,0x00,0x7F,0xC0,0x40,0x40,0x40,0x40,0x7F,0xC0,0x40,0x40,0x40,0x00,0x40,0x00,0x80,0x00,0x00,0x00}},
  {0x82AC, {0xFF,0xE0,0x11,0x00,0x0A,0x00,0x11,0x00,0x20,0x80,0xC0,0x60,0x3F,0x80,0x10,0x80,0x10,0x80,0x20,0x80,0x43,0x00,0x00,0x00}},
  {0x82AD, {0xFF,0xE0,0x11,0x00,0x00,0x00,0x7F,0xC0,0x44,0x40,0x44,0x40,0x7F,0xC0,0x40,0x00,0x40,0x20,0x40,0x20,0x3F,0xE0,0x00,0x00}},
  {0x82AF, {0x11,0x00,0xFF,0xE0,0x11,0x00,0x00,0x00,0x04,0x00,0x12,0x00,0x52,0x40,0x50,0x20,0x50,0xA0,0x90,0xA0,0x0F,0x80,0x00,0x00}},
  {0x82B1, {0xFF,0xE0,0x11,0x00,0x00,0x00,0x12,0x00,0x22,0x40,0x62,0x80,0xA3,0x00,0x22,0x00,0x26,0x20,0x2A,0x20,0x21,0xE0,0x00,0x00}},
  {0x82B3, {0xFF,0xE0,0x24,0x80,0x02,0x00,0xFF,0xE0,0x10,0x00,0x10,0x00,0x1F,0xC0,0x10,0x40,0x20,0x40,0x40,0x40,0x81,0x80,0x00,0x00}},
  {0x82B9, {0xFF,0xE0,0x11,0x00,0x01,0xC0,0x3E,0x00,0x20,0x00,0x20,0x00,0x3F,0xE0,0x21,0x00,0x21,0x00,0x41,0x00,0x81,0x00,0x00,0x00}},
  {0x82BD, {0xFF,0xE0,0x11,0x00,0x00,0x00,0x7F,0xC0,0x01,0x00,0x41,0x00,0x7F,0xE0,0x05,0x00,0x09,0x00,0x31,0x00,0xC3,0x00,0x00,0x00}},
  {0x82C7, {0xFF,0xE0,0x11,0x00,0x04,0x00,0xFF,0xE0,0x04,0x00,0x7F,0xC0,0x04,0x00,0xFF,0xE0,0x04,0x20,0x04,0xC0,0x04,0x00,0x00,0x00}},
  {0x82CD, {0xFF,0xE0,0x24,0x80,0x0A,0x00,0x11,0x00,0x20,0x80,0xFF,0x60,0x21,0x00,0x21,0x00,0x26,0x00,0x20,0x40,0x1F,0xC0,0x00,0x00}},
  {0x82CF, {0xFF,0xE0,0x11,0x00,0x08,0x00,0x7F,0x80,0x08,0x80,0x48,0xC0,0x48,0xA0,0x50,0xA0,0x90,0x80,0x20,0x80,0x47,0x00,0x00,0x00}},
  {0x82D4, {0xFF,0xE0,0x11,0x00,0x20,0x00,0x40,0x40,0xFF,0xE0,0x00,0x20,0x7F,0xC0,0x40,0x40,0x40,0x40,0x7F,0xC0,0x40,0x40,0x00,0x00}},
  {0x82D7, {0xFF,0xE0,0x11,0x00,0x00,0x00,0x7F,0xC0,0x44,0x40,0x44,0x40,0x7F,0xC0,0x44,0x40,0x44,0x40,0x7F,0xC0,0x40,0x40,0x00,0x00}},
  {0x82DB, {0xFF,0xE0,0x11,0x00,0x00,0x00,0xFF,0xE0,0x00,0x80,0x7C,0x80,0x44,0x80,0x44,0x80,0x7C,0x80,0x40,0x80,0x03,0x80,0x00,0x00}},
  {0x82DE, {0xFF,0xE0,0x11,0x00,0x20,0x00,0x3F,0xC0,0x40,0x40,0xBE,0x40,0x22,0x40,0x3E,0x40,0x20,0xC0,0x20,0x20,0x1F,0xE0,0x00,0x00}},
  {0x82DF, {0xFF,0xE0,0x11,0x00,0x20,0x00,0x3F,0xE0,0x40,0x20,0xBF,0x20,0x21,0x20,0x21,0x20,0x3F,0x20,0x20,0x20,0x01,0xC0,0x00,0x00}},
  {0x82E5, {0xFF,0xE0,0x15,0x00,0x04,0x00,0xFF,0xE0,0x08,0x00,0x10,0x00,0x3F,0xC0,0x50,0x40,0x90,0x40,0x1F,0xC0,0x10,0x40,0x00,0x00}},
  {0x82E6, {0xFF,0xE0,0x20,0x80,0x04,0x00,0xFF,0xE0,0x04,0x00,0x04,0x00,0x7F,0xC0,0x40,0x40,0x40,0x40,0x7F,0xC0,0x40,0x40,0x00,0x00}},
  {0x82EB, {0xFF,0xE0,0x11,0x00,0x04,0x00,0x07,0xE0,0x04,0x00,0x04,0x00,0x7F,0xC0,0x40,0x40,0x40,0x40,0x7F,0xC0,0x40,0x40,0x00,0x00}},
  {0x82F1, {0xFF,0xE0,0x11,0x00,0x04,0x00,0x7F,0xC0,0x44,0x40,0x44,0x40,0x44,0x40,0xFF,0xE0,0x0A,0x00,0x31,0x80,0xC0,0x60,0x00,0x00}},
  {0x82F9, {0xFF,0xE0,0x11,0x00,0x00,0x00,0x7F,0xC0,0x04,0x00,0x24,0x80,0x15,0x00,0xFF,0xE0,0x04,0x00,0x04,0x00,0x04,0x00,0x00,0x00}},
  {0x8301, {0xFF,0xE0,0x11,0x00,0x04,0x00,0x44,0x40,0x44,0x40,0x7F,0xC0,0x04,0x00,0x44,0x40,0x44,0x40,0x44,0x40,0x7F,0xC0,0x00,0x00}},
  {0x8302, {0xFF,0xE0,0x11,0x00,0x02,0x80,0x7F,0xE0,0x42,0x00,0x42,0x40,0x42,0x40,0x42,0x80,0x41,0x20,0x42,0xA0,0x8C,0x60,0x00,0x00}},
  {0x8303, {0xFF,0xE0,0x11,0x00,0x40,0x00,0x2F,0xC0,0x08,0x40,0x88,0x40,0x48,0x40,0x09,0x80,0x28,0x20,0x48,0x20,0x87,0xE0,0x00,0x00}},
  {0x8304, {0xFF,0xE0,0x11,0x00,0x00,0x00,0x20,0x00,0xFD,0xE0,0x25,0x20,0x25,0x20,0x25,0x20,0x45,0x20,0x45,0xE0,0x99,0x20,0x00,0x00}},
  {0x8305, {0xFF,0xE0,0x11,0x00,0x7F,0xC0,0x08,0x80,0x05,0x00,0xFF,0xE0,0x0A,0x20,0x12,0x40,0x22,0x00,0xC2,0x00,0x06,0x00,0x00,0x00}},
  {0x8309, {0xFF,0xE0,0x11,0x00,0x04,0x00,0xFF,0xE0,0x04,0x00,0x04,0x00,0x7F,0xC0,0x15,0x00,0x24,0x80,0xC4,0x60,0x04,0x00,0x00,0x00}},
  {0x830E, {0xFF,0xE0,0x11,0x00,0x7F,0xC0,0x01,0x80,0x06,0x00,0x19,0x80,0xE0,0x60,0x3F,0x80,0x04,0x00,0x04,0x00,0xFF,0xE0,0x00,0x00}},
  {0x8327, {0xFF,0xE0,0x11,0x00,0x04,0x00,0x7F,0xC0,0x44,0x40,0x44,0x40,0x7F,0xC0,0x04,0x00,0x04,0x40,0xFF,0xE0,0x00,0x20,0x00,0x00}},
  {0x832B, {0x11,0x00,0xFF,0xE0,0x11,0x00,0x82,0x00,0x41,0x00,0x3F,0xE0,0x88,0x00,0x48,0x00,0x08,0x00,0x48,0x00,0x8F,0xC0,0x00,0x00}},
  {0x832C, {0xFF,0xE0,0x11,0x00,0x08,0x00,0xFF,0xE0,0x10,0x00,0x21,0x00,0x61,0x00,0xA7,0xC0,0x21,0x00,0x21,0x00,0x2F,0xE0,0x00,0x00}},
  {0x8334, {0xFF,0xE0,0x11,0x00,0x7F,0xC0,0x40,0x40,0x5F,0x40,0x51,0x40,0x51,0x40,0x5F,0x40,0x40,0x40,0x7F,0xC0,0x00,0x00,0x00,0x00}},
  {0x8335, {0xFF,0xE0,0x11,0x00,0x7F,0xC0,0x40,0x40,0x44,0x40,0x5F,0x40,0x44,0x40,0x4A,0x40,0x51,0x40,0x40,0x40,0x7F,0xC0,0x00,0x00}},
  {0x8336, {0xFF,0xE0,0x11,0x00,0x04,0x00,0x0A,0x00,0x31,0x80,0xC4,0x60,0x3F,0x80,0x04,0x00,0x24,0x80,0x44,0x40,0x0C,0x00,0x00,0x00}},
  {0x8338, {0xFF,0xE0,0x11,0x00,0x00,0x00,0x7F,0xC0,0x20,0x80,0x3F,0x80,0x20,0x80,0x3F,0x80,0x20,0xE0,0xFF,0x80,0x00,0x80,0x00,0x00}},
  {0x8346, {0xFF,0x20,0x24,0xA0,0x00,0xA0,0x7E,0xA0,0x24,0xA0,0x24,0xA0,0xFF,0xA0,0x24,0xA0,0x24,0x20,0x44,0x20,0x84,0x60,0x00,0x00}},
  {0x8349, {0xFF,0xE0,0x11,0x00,0x7F,0xC0,0x40,0x40,0x7F,0xC0,0x40,0x40,0x7F,0xC0,0x04,0x00,0xFF,0xE0,0x04,0x00,0x04,0x00,0x00,0x00}},
  {0x8350, {0xFF,0xE0,0x20,0x80,0x08,0x00,0xFF,0xE0,0x10,0x00,0x27,0xC0,0x60,0x80,0xA1,0x00,0x2F,0xE0,0x21,0x00,0x23,0x00,0x00,0x00}},
  {0x8352, {0xFF,0xE0,0x24,0x80,0x02,0x00,0xFF,0xE0,0x20,0x00,0x3F,0xC0,0x00,0x00,0x24,0x80,0x24,0x80,0x44,0xA0,0x84,0x60,0x00,0x00}},
  {0x8354, {0xFF,0xE0,0x11,0x00,0x08,0x00,0x7F,0xC0,0x10,0x40,0x61,0x80,0x21,0x00,0xFB,0xE0,0x29,0x20,0x49,0x20,0x9A,0x60,0x00,0x00}},
  {0x835A, {0xFF,0xE0,0x11,0x00,0x04,0x00,0x7F,0xC0,0x04,0x00,0x24,0x80,0x15,0x00,0xFF,0xE0,0x0A,0x00,0x31,0x80,0xC0,0x60,0x00,0x00}},
  {0x835E, {0xFF,0xE0,0x11,0x00,0x03,0x80,0x3C,0x00,0x04,0x00,0xFF,0xE0,0x11,0x00,0x20,0x80,0xD1,0x60,0x11,0x00,0x21,0x00,0x00,0x00}},
  {0x8360, {0xFF,0xE0,0x11,0x00,0x04,0x00,0xFF,0xE0,0x20,0x80,0x1F,0x00,0xE0,0xE0,0x11,0x00,0x11,0x00,0x21,0x00,0x41,0x00,0x00,0x00}},
  {0x8361, {0xFF,0xE0,0x11,0x00,0x4F,0x80,0x21,0x00,0x06,0x00,0x8F,0xE0,0x42,0xA0,0x04,0xA0,0x29,0x20,0x42,0x20,0x8C,0xC0,0x00,0x00}},
  {0x8363, {0xFF,0xE0,0x11,0x00,0x00,0x00,0xFF,0xE0,0x84,0x20,0x04,0x00,0xFF,0xE0,0x15,0x00,0x24,0x80,0xC4,0x60,0x04,0x00,0x00,0x00}},
  {0x8364, {0xFF,0xE0,0x11,0x00,0xFF,0xE0,0x88,0x20,0x7F,0xC0,0x14,0x00,0x3F,0x80,0x04,0x00,0xFF,0xE0,0x04,0x00,0x04,0x00,0x00,0x00}},
  {0x8367, {0xFF,0xE0,0x11,0x00,0x00,0x00,0xFF,0xE0,0x84,0x20,0x24,0x40,0x2A,0x40,0x4A,0x80,0x11,0x00,0x20,0x80,0xC0,0x60,0x00,0x00}},
  {0x836F, {0xFF,0xE0,0x11,0x00,0x22,0x00,0x4B,0xE0,0xF4,0x20,0x20,0x20,0x42,0x20,0xF9,0x20,0x00,0x20,0x1C,0x20,0xE0,0xC0,0x00,0x00}},
  {0x8377, {0xFF,0xE0,0x11,0x00,0x2F,0xE0,0x20,0x40,0x4F,0x40,0xC9,0x40,0x49,0x40,0x4F,0x40,0x48,0x40,0x40,0x40,0x41,0xC0,0x00,0x00}},
  {0x8378, {0xFF,0xE0,0x15,0x00,0x7F,0xC0,0x04,0x00,0xFF,0xE0,0x80,0x20,0x3F,0x00,0x02,0x00,0xFF,0xE0,0x04,0x00,0x1C,0x00,0x00,0x00}},
  {0x8389, {0xFF,0xE0,0x11,0x00,0x0C,0x40,0x71,0x40,0x11,0x40,0xFD,0x40,0x11,0x40,0x39,0x40,0x55,0x40,0x90,0x40,0x10,0xC0,0x00,0x00}},
  {0x83AB, {0xFF,0xE0,0x11,0x00,0x7F,0xC0,0x40,0x40,0x7F,0xC0,0x40,0x40,0x7F,0xC0,0x08,0x00,0xFF,0xE0,0x11,0x00,0xE0,0xE0,0x00,0x00}},
  {0x83B1, {0xFF,0xE0,0x11,0x00,0x04,0x00,0x7F,0xC0,0x24,0x80,0x15,0x00,0xFF,0xE0,0x0E,0x00,0x35,0x80,0xC4,0x60,0x04,0x00,0x00,0x00}},
  {0x83B2, {0xFF,0xE0,0x11,0x00,0x82,0x00,0x5F,0xE0,0x05,0x00,0xCF,0xC0,0x41,0x00,0x5F,0xE0,0x41,0x00,0x41,0x00,0xBF,0xE0,0x00,0x00}},
  {0x83B7, {0xFF,0xE0,0x20,0x80,0x88,0x40,0x51,0x20,0x21,0x00,0xDF,0xE0,0x11,0x00,0x32,0x80,0xD2,0x80,0x14,0x40,0x68,0x20,0x00,0x00}},
  {0x83B9, {0xFF,0xE0,0x11,0x00,0xFF,0xE0,0x80,0x20,0x7F,0xC0,0x04,0x00,0x04,0x00,0x3F,0x80,0x05,0x00,0x04,0x80,0xFF,0xE0,0x00,0x00}},
  {0x83BA, {0xFF,0xE0,0x11,0x00,0xFF,0xE0,0x88,0x20,0x3F,0x80,0x28,0x80,0x25,0x80,0x3F,0xE0,0x00,0x20,0xFF,0x20,0x00,0x60,0x00,0x00}},
  {0x83BD, {0xFF,0xE0,0x11,0x00,0x04,0x80,0x7F,0xC0,0x11,0x00,0x20,0x80,0xD1,0x60,0x11,0x00,0xFF,0xE0,0x11,0x00,0x21,0x00,0x00,0x00}},
  {0x83C7, {0xFF,0xE0,0x11,0x00,0x20,0x80,0x20,0x80,0xFB,0xE0,0x48,0x80,0x8B,0xE0,0x52,0x20,0x22,0x20,0x53,0xE0,0x8A,0x20,0x00,0x00}},
  {0x83CA, {0xFF,0xE0,0x51,0x00,0x7F,0xC0,0x88,0x40,0x49,0x40,0x2A,0x40,0xFF,0x40,0x2A,0x40,0x49,0x40,0x88,0x40,0x0B,0x80,0x00,0x00}},
  {0x83CC, {0xFF,0xE0,0x11,0x00,0x7F,0xC0,0x41,0x40,0x5E,0x40,0x44,0x40,0x7F,0xC0,0x55,0x40,0x64,0xC0,0x44,0x40,0x7F,0xC0,0x00,0x00}},
  {0x83DC, {0xFF,0xE0,0x11,0x00,0x01,0xC0,0xFE,0x00,0x48,0x80,0x25,0x00,0x04,0x00,0xFF,0xE0,0x15,0x00,0x24,0x80,0xC4,0x60,0x00,0x00}},
  {0x83E0, {0xFF,0xE0,0x11,0x00,0x41,0x00,0x2F,0xE0,0x89,0x20,0x49,0x00,0x0F,0xC0,0x2A,0x40,0x4A,0x40,0x91,0x80,0x26,0x60,0x00,0x00}},
  {0x83E9, {0xFF,0xE0,0x11,0x00,0x04,0x00,0x7F,0xC0,0x20,0x80,0xFF,0xE0,0x00,0x00,0x7F,0xC0,0x40,0x40,0x7F,0xC0,0x40,0x40,0x00,0x00}},
  {0x83F1, {0xFF,0xE0,0x15,0x00,0x7F,0xC0,0x04,0x00,0xFF,0xE0,0x20,0x80,0x48,0x40,0x9F,0x20,0x31,0x00,0x0E,0x00,0xF1,0xE0,0x00,0x00}},
  {0x83F2, {0xFF,0xE0,0x11,0x00,0x0A,0x00,0xFB,0xE0,0x0A,0x00,0x7B,0xC0,0x0A,0x00,0x0A,0x00,0xFB,0xE0,0x0A,0x00,0x0A,0x00,0x00,0x00}},
  {0x8404, {0xFF,0xE0,0x51,0x00,0x7F,0xE0,0xA0,0x20,0x3F,0x20,0x48,0x20,0xFF,0xA0,0x08,0x20,0x49,0x20,0x7F,0x20,0x00,0xC0,0x00,0x00}},
  {0x840C, {0xFF,0xE0,0x11,0x00,0x03,0xE0,0xFA,0x20,0x8A,0x20,0xFB,0xE0,0x8A,0x20,0x8B,0xE0,0xFA,0x20,0x84,0x20,0x08,0xE0,0x00,0x00}},
  {0x840D, {0xFF,0xE0,0x11,0x00,0x80,0x00,0x5F,0xC0,0x02,0x00,0x92,0x40,0x4A,0x80,0x3F,0xE0,0x02,0x00,0x42,0x00,0x82,0x00,0x00,0x00}},
  {0x840E, {0xFF,0xE0,0x11,0x40,0x7F,0x80,0x04,0x00,0xFF,0xE0,0x24,0x80,0x48,0x40,0xFF,0xE0,0x11,0x00,0x0E,0x00,0x71,0xC0,0x00,0x00}},
  {0x841D, {0xFF,0xE0,0x11,0x00,0x7F,0xC0,0x4A,0x40,0x7F,0xC0,0x10,0x00,0x3F,0xC0,0xD0,0x80,0x0B,0x00,0x1C,0x00,0xE0,0x00,0x00,0x00}},
  {0x8424, {0xFF,0xE0,0x11,0x00,0xFF,0xE0,0x84,0x20,0x7F,0xC0,0x44,0x40,0x44,0x40,0x7F,0xC0,0x04,0x20,0xFF,0xE0,0x00,0x20,0x00,0x00}},
  {0x8425, {0xFF,0xE0,0x11,0x00,0xFF,0xE0,0x80,0x20,0x3F,0x80,0x20,0x80,0x3F,0x80,0x00,0x00,0x7F,0xC0,0x40,0x40,0x7F,0xC0,0x00,0x00}},
  {0x8427, {0xFF,0xE0,0x15,0x00,0x7F,0xC0,0x04,0x40,0xFF,0xE0,0x04,0x40,0x7F,0xC0,0x04,0x00,0x4E,0x40,0x55,0x40,0x84,0x40,0x00,0x00}},
  {0x8428, {0xFF,0xE0,0x11,0x00,0xF0,0x80,0x97,0xE0,0x92,0x40,0xA1,0x80,0x97,0xE0,0xD4,0x00,0xA4,0x00,0x88,0x00,0x90,0x00,0x00,0x00}},
  {0x843D, {0xFF,0xE0,0x11,0x00,0x44,0x00,0x2F,0x80,0x14,0x80,0x83,0x00,0x5C,0xE0,0x00,0x00,0x2F,0xC0,0x48,0x40,0x8F,0xC0,0x00,0x00}},
  {0x8457, {0xFF,0xE0,0x15,0x00,0x3E,0x80,0x05,0x00,0xFF,0xE0,0x08,0x00,0x3F,0xC0,0xE0,0x40,0x3F,0xC0,0x20,0x40,0x3F,0xC0,0x00,0x00}},
  {0x845B, {0xFF,0xE0,0x11,0x00,0x3F,0xC0,0x20,0x40,0x3F,0xC0,0x20,0x40,0x7F,0xE0,0x44,0x20,0xAA,0x20,0x3F,0xA0,0x00,0x60,0x00,0x00}},
  {0x8461, {0xFF,0xE0,0x51,0x00,0x7F,0xE0,0x8A,0x20,0xFF,0xA0,0x49,0x20,0x7F,0x20,0x49,0x20,0x7F,0x20,0x49,0x20,0x43,0x60,0x00,0x00}},
  {0x8463, {0xFF,0xE0,0x11,0x00,0x7F,0xC0,0x04,0x00,0xFF,0xE0,0x24,0x80,0x3F,0x80,0x24,0x80,0x7F,0xC0,0x04,0x00,0xFF,0xE0,0x00,0x00}},
  {0x846B, {0xFF,0xE0,0x11,0x00,0x20,0x00,0x23,0xE0,0xFA,0x20,0x23,0xE0,0xFA,0x20,0x8B,0xE0,0x8A,0x20,0xFA,0x20,0x84,0x60,0x00,0x00}},
  {0x846C, {0xFF,0xE0,0x11,0x00,0xFF,0xE0,0x22,0x40,0x7B,0x80,0xCA,0x20,0x31,0xE0,0xD1,0x00,0x7F,0xC0,0x11,0x00,0x21,0x00,0x00,0x00}},
  {0x8471, {0xFF,0xE0,0x11,0x00,0x3F,0xC0,0x6A,0x40,0x1A,0x40,0x66,0x40,0x19,0x80,0x04,0x00,0x52,0x40,0x50,0xA0,0x8F,0xA0,0x00,0x00}},
  {0x8475, {0xFF,0xE0,0x11,0x00,0x7A,0x40,0x89,0x80,0x50,0xA0,0x3F,0x40,0xC4,0x20,0x3F,0x80,0x0A,0x00,0x11,0x80,0x60,0x40,0x00,0x00}},
  {0x8482, {0xFF,0xE0,0x11,0x00,0x04,0x00,0x7F,0xC0,0x11,0x00,0xFF,0xE0,0x84,0x20,0x7F,0xC0,0x44,0x40,0x44,0xC0,0x04,0x00,0x00,0x00}},
  {0x848B, {0xFF,0xE0,0x11,0x00,0x24,0x00,0xAF,0xC0,0x74,0x80,0x23,0x00,0x2C,0x80,0x7F,0xE0,0xA8,0x80,0x24,0x80,0x21,0x80,0x00,0x00}},
  {0x8499, {0xFF,0xE0,0x11,0x00,0xFF,0xE0,0x80,0x20,0x3F,0x80,0x18,0x40,0x64,0x80,0x1B,0x00,0x66,0x80,0x1A,0x60,0xE6,0x00,0x00,0x00}},
  {0x849C, {0xFF,0xE0,0x11,0x00,0x00,0x00,0x71,0xC0,0x00,0x00,0xFB,0xE0,0x20,0x80,0x71,0xC0,0xAA,0xA0,0x20,0x80,0x61,0x80,0x00,0x00}},
  {0x84B2, {0xFF,0xE0,0x13,0x40,0xBF,0xE0,0x42,0x00,0x1F,0xC0,0x92,0x40,0x5F,0xC0,0x12,0x40,0x5F,0xC0,0x92,0x40,0x10,0xC0,0x00,0x00}},
  {0x84B8, {0xFF,0xE0,0x11,0x00,0x7F,0x00,0x02,0x20,0xF5,0x40,0x24,0x80,0x4C,0x60,0xBF,0x80,0x00,0x00,0x52,0x40,0x89,0x20,0x00,0x00}},
  {0x84BF, {0xFF,0xE0,0x15,0x00,0xFF,0xE0,0x00,0x00,0x3F,0x80,0x20,0x80,0xFF,0xE0,0x80,0x20,0x9F,0x20,0x91,0x20,0x9F,0x60,0x00,0x00}},
  {0x84C4, {0xFF,0xE0,0x15,0x00,0xFF,0xE0,0x21,0x00,0x7E,0x00,0x08,0x40,0xFF,0xE0,0x24,0xA0,0x3F,0x80,0x24,0x80,0x3F,0x80,0x00,0x00}},
  {0x84C9, {0xFF,0xE0,0x15,0x00,0xFF,0xE0,0x91,0x20,0x24,0x80,0x0A,0x00,0x31,0x80,0xC0,0x60,0x3F,0x80,0x20,0x80,0x3F,0x80,0x00,0x00}},
  {0x84D6, {0xFF,0xE0,0x15,0x00,0x7F,0xC0,0x51,0x40,0x4E,0x40,0x51,0x40,0x7F,0xC0,0x42,0x40,0x7B,0x80,0x42,0x20,0x79,0xE0,0x00,0x00}},
  {0x84DD, {0xFF,0xE0,0x20,0x80,0x12,0x00,0x53,0xE0,0x54,0x80,0x50,0x40,0x00,0x00,0x7F,0xC0,0x4A,0x40,0x4A,0x40,0xFF,0xE0,0x00,0x00}},
  {0x84EC, {0xFF,0xE0,0x95,0x00,0x4F,0x80,0x18,0x80,0xC7,0x00,0x7A,0xE0,0x4F,0x80,0x42,0x00,0x5F,0xC0,0x42,0x00,0xBF,0xE0,0x00,0x00}},
  {0x8511, {0xFF,0xE0,0x11,0x00,0x7F,0xC0,0x4A,0x40,0x7F,0xC0,0x05,0x00,0x7F,0xE0,0x44,0x40,0x62,0x80,0x51,0x20,0x86,0xE0,0x00,0x00}},
  {0x8513, {0xFF,0xE0,0x11,0x00,0x7F,0xC0,0x48,0x40,0x44,0x40,0xFF,0xE0,0x91,0x20,0xFF,0xE0,0x20,0x80,0x1F,0x00,0xE0,0xE0,0x00,0x00}},
  {0x8517, {0xFF,0xE0,0x15,0x00,0x02,0x00,0x7F,0xE0,0x48,0x80,0x7F,0xE0,0x48,0x80,0x4F,0x80,0x40,0x00,0x55,0x40,0xA2,0xA0,0x00,0x00}},
  {0x851A, {0xFF,0xE0,0x11,0x00,0x7C,0x40,0x44,0x40,0x7D,0xE0,0x40,0x40,0x7D,0x40,0x48,0xC0,0x5C,0x40,0xAA,0x40,0x18,0xC0,0x00,0x00}},
  {0x852B, {0xFF,0xE0,0x11,0x00,0xFF,0xE0,0x04,0x00,0x27,0xC0,0x24,0x00,0xFF,0xE0,0x40,0x00,0x7F,0xE0,0x00,0x20,0x55,0x60,0x00,0x00}},
  {0x852C, {0xFF,0xE0,0x11,0x00,0x00,0x80,0xF7,0xE0,0x11,0x00,0x22,0x40,0xB7,0xE0,0xA0,0x20,0xA5,0x40,0xB5,0x40,0xC9,0x60,0x00,0x00}},
  {0x853C, {0xFF,0xE0,0x11,0x00,0x4F,0xC0,0x28,0x40,0x0F,0xC0,0xC8,0x40,0x4F,0xE0,0x51,0x20,0x4A,0xA0,0x6F,0xA0,0x40,0x60,0x00,0x00}},
  {0x853D, {0xFF,0xE0,0x20,0x80,0x95,0x00,0x59,0x00,0x11,0xE0,0xFE,0x40,0x95,0x40,0xBD,0x40,0xD4,0x80,0x95,0x40,0x8E,0x20,0x00,0x00}},
  {0x8549, {0xFF,0xE0,0x15,0x00,0x3F,0xE0,0x62,0x00,0xBF,0xC0,0x22,0x00,0x3F,0xC0,0x22,0x00,0x3F,0xE0,0x52,0x40,0x89,0x20,0x00,0x00}},
  {0x854A, {0xFF,0xE0,0x20,0x80,0x08,0x00,0x04,0x00,0x51,0x40,0x8F,0x20,0x22,0x00,0x11,0x40,0xA6,0x20,0xAA,0x80,0x19,0x80,0x00,0x00}},
  {0x8574, {0xFF,0xE0,0x11,0x00,0x4F,0x80,0x98,0x80,0xEF,0x80,0x48,0x80,0x8F,0x80,0xE0,0x00,0x1F,0xC0,0xD5,0x40,0x3F,0xE0,0x00,0x00}},
  {0x857E, {0xFF,0xE0,0x20,0x80,0x7F,0xC0,0x04,0x00,0xFF,0xE0,0xA4,0xA0,0x7F,0xC0,0x44,0x40,0x7F,0xC0,0x44,0x40,0x7F,0xC0,0x00,0x00}},
  {0x8584, {0xFF,0xE0,0x11,0x00,0x82,0x40,0x5F,0xE0,0x0A,0x40,0x8F,0xC0,0x4A,0x40,0x1F,0xE0,0x08,0x80,0x44,0x80,0x81,0x80,0x00,0x00}},
  {0x8587, {0xFF,0xE0,0x11,0x00,0x48,0x80,0xAA,0x80,0x3E,0xE0,0x41,0x40,0xDD,0x40,0x41,0x40,0x5C,0x80,0x55,0x40,0x66,0x20,0x00,0x00}},
  {0x859B, {0xFF,0xE0,0x11,0x00,0x20,0x80,0x7B,0xE0,0x49,0x40,0x78,0x80,0x43,0xE0,0x78,0x80,0x49,0xC0,0x78,0x80,0x48,0x80,0x00,0x00}},
  {0x85AA, {0xFF,0xE0,0x20,0x80,0x10,0x60,0x7D,0x80,0x29,0x00,0xFF,0x00,0x11,0xE0,0x7D,0x40,0x11,0x40,0x55,0x40,0xB2,0x40,0x00,0x00}},
  {0x85AF, {0xFF,0xE0,0x11,0x00,0x7F,0xC0,0x4A,0x40,0x7F,0xC0,0x08,0x00,0xFF,0xE0,0x20,0x40,0x7F,0xC0,0xA0,0x40,0x3F,0xC0,0x00,0x00}},
  {0x85CF, {0xFF,0xE0,0x11,0x40,0xBF,0xE0,0xA0,0x80,0xEF,0x80,0x2A,0xA0,0xEF,0xA0,0xA9,0x40,0xAF,0x40,0x2A,0xE0,0x4F,0x20,0x00,0x00}},
  {0x85D0, {0xFF,0xE0,0x11,0x00,0x22,0x00,0xD7,0xC0,0x64,0x40,0xD7,0xC0,0x34,0x40,0xD7,0xC0,0x32,0x80,0xD4,0xA0,0x68,0x60,0x00,0x00}},
  {0x85D5, {0xFF,0xE0,0x11,0x00,0x27,0xC0,0x75,0x40,0x27,0xC0,0x75,0x40,0x27,0xC0,0xF1,0x00,0x6F,0xE0,0xB9,0x20,0x2B,0xA0,0x00,0x00}},
  {0x85E4, {0xFF,0xE0,0x20,0x80,0x75,0x40,0x51,0x00,0x57,0xC0,0x72,0x00,0x5F,0xE0,0x74,0x40,0x59,0x20,0x55,0x40,0xBB,0x20,0x00,0x00}},
  {0x85FB, {0xFF,0xE0,0x11,0x00,0x8F,0x80,0x48,0x80,0x1F,0xC0,0x95,0x40,0x5D,0xC0,0x02,0x00,0x1F,0xE0,0x4A,0x80,0x92,0x40,0x00,0x00}},
  {0x8611, {0xFF,0xE0,0x24,0x80,0x7F,0xE0,0x48,0x80,0x7D,0xE0,0x6A,0xA0,0x5F,0xC0,0x48,0x00,0x5F,0xC0,0x68,0x40,0x8F,0xC0,0x00,0x00}},
  {0x8638, {0xFF,0xE0,0x11,0x00,0xFA,0x80,0x27,0xE0,0xFA,0x80,0xAB,0xE0,0xDA,0x80,0x8B,0xE0,0xF8,0x00,0x8A,0xA0,0xFA,0xA0,0x00,0x00}},
  {0x864E, {0x07,0xC0,0x04,0x00,0x7F,0xE0,0x44,0x20,0x47,0x80,0x7C,0x20,0x43,0xE0,0x40,0x00,0x4F,0x80,0x48,0xA0,0xB0,0x60,0x00,0x00}},
  {0x864F, {0x04,0x00,0x7F,0xE0,0x44,0x20,0x47,0x80,0x7C,0x20,0x43,0xE0,0x44,0x00,0x5F,0xC0,0x44,0x40,0x48,0x40,0x91,0x80,0x00,0x00}},
  {0x8650, {0x04,0x00,0x7F,0xE0,0x45,0x20,0x5E,0x40,0x43,0xC0,0x40,0x00,0x5F,0xC0,0x50,0x00,0x7F,0xE0,0x50,0x00,0x9F,0xC0,0x00,0x00}},
  {0x8651, {0x07,0xC0,0x04,0x00,0x7F,0xE0,0x44,0x20,0x47,0x80,0x7C,0x20,0x43,0xE0,0x42,0x00,0x55,0x40,0x54,0xA0,0xA3,0xA0,0x00,0x00}},
  {0x865A, {0x07,0xC0,0x04,0x00,0x7F,0xE0,0x44,0x20,0x47,0x80,0x7C,0x20,0x43,0xE0,0x45,0x00,0x55,0x40,0x4D,0x80,0xBF,0xE0,0x00,0x00}},
  {0x866B, {0x04,0x00,0x04,0x00,0x7F,0xC0,0x44,0x40,0x44,0x40,0x44,0x40,0x7F,0xC0,0x04,0x00,0x04,0x40,0xFF,0xE0,0x00,0x20,0x00,0x00}},
  {0x8671, {0x00,0x80,0x0E,0x80,0xF0,0x80,0x10,0x80,0xFE,0x80,0x92,0x80,0xFE,0x80,0x10,0xA0,0x14,0xA0,0xFE,0x60,0x02,0x20,0x00,0x00}},
  {0x8679, {0x27,0xC0,0x21,0x00,0xF9,0x00,0xA9,0x00,0xA9,0x00,0xF9,0x00,0x21,0x00,0x29,0x00,0x39,0x00,0xC1,0x00,0x0F,0xE0,0x00,0x00}},
  {0x867D, {0x20,0x80,0x20,0x80,0x3F,0x80,0x04,0x00,0x7F,0xC0,0x44,0x40,0x44,0x40,0x7F,0xC0,0x04,0x20,0xFF,0xE0,0x00,0x20,0x00,0x00}},
  {0x867E, {0x2F,0xE0,0x21,0x00,0xF9,0x00,0xA9,0x00,0xA9,0x80,0xF9,0x40,0x21,0x20,0x29,0x20,0x39,0x00,0xC9,0x00,0x01,0x00,0x00,0x00}},
  {0x8680, {0x41,0x00,0x71,0x00,0x9F,0xE0,0x29,0x20,0x49,0x20,0x49,0x20,0x4F,0xE0,0x41,0x00,0x51,0x20,0x61,0xE0,0x4F,0x20,0x00,0x00}},
  {0x8681, {0x20,0x80,0x20,0xA0,0xFA,0x20,0xAA,0x20,0xAA,0x20,0xA9,0x40,0xF9,0x40,0x20,0x80,0x28,0x80,0x39,0x40,0xCA,0x20,0x00,0x00}},
  {0x8682, {0x20,0x40,0x22,0x40,0xFA,0x40,0xAA,0x40,0xAB,0xE0,0xF8,0x20,0x20,0x20,0x2F,0xA0,0x38,0x20,0xC8,0x20,0x00,0xC0,0x00,0x00}},
  {0x868A, {0x20,0x80,0x20,0x00,0xFF,0xE0,0xAA,0x40,0xAA,0x40,0xFA,0x40,0x22,0x40,0x2A,0x80,0x39,0x00,0xCA,0x80,0x04,0x60,0x00,0x00}},
  {0x868C, {0x20,0x80,0x23,0xE0,0xF8,0x80,0xA8,0x80,0xAB,0xE0,0xF8,0x80,0x20,0x80,0x2B,0xE0,0x38,0x80,0xC8,0x80,0x00,0x80,0x00,0x00}},
  {0x8693, {0x23,0xA0,0x20,0xA0,0xF8,0xA0,0xAB,0xA0,0xAA,0x20,0xFA,0x20,0x23,0xA0,0x28,0xA0,0x38,0xA0,0xC8,0xA0,0x03,0x20,0x00,0x00}},
  {0x8695, {0x08,0x00,0xFF,0xE0,0x11,0x00,0x24,0x80,0xC4,0x60,0x3F,0x80,0x24,0x80,0x3F,0x80,0x04,0x40,0x7F,0xC0,0x00,0x40,0x00,0x00}},
  {0x869C, {0x23,0xE0,0x20,0x40,0xF9,0x40,0xAA,0x40,0xAB,0xE0,0xF8,0xC0,0x21,0x40,0x29,0x40,0x3A,0x40,0xCC,0x40,0x00,0xC0,0x00,0x00}},
  {0x86A3, {0x21,0x40,0x21,0x40,0xFA,0x20,0xAA,0x20,0xAC,0x80,0xF8,0x80,0x21,0x00,0x29,0x40,0x3A,0x20,0xCB,0xE0,0x00,0x20,0x00,0x00}},
  {0x86A4, {0x24,0x80,0x11,0x00,0x0E,0x00,0x31,0x80,0xC4,0x60,0x3F,0x80,0x24,0x80,0x3F,0x80,0x04,0x40,0xFF,0xE0,0x00,0x20,0x00,0x00}},
  {0x86AA, {0x22,0x40,0x21,0x40,0xF8,0x40,0xAA,0x40,0xA9,0x40,0xF8,0x40,0x20,0x60,0x2B,0xC0,0x38,0x40,0xC8,0x40,0x00,0x40,0x00,0x00}},
  {0x86AF, {0x23,0x80,0x22,0x00,0xFA,0x00,0xAA,0x00,0xAB,0xE0,0xFA,0x40,0x22,0x40,0x2A,0x40,0x3A,0x40,0xCA,0x40,0x07,0xE0,0x00,0x00}},
  {0x86C0, {0x20,0x80,0x20,0x00,0xFB,0xE0,0xA8,0x80,0xA8,0x80,0xF8,0x80,0x23,0xE0,0x28,0x80,0x38,0x80,0xC8,0x80,0x03,0xE0,0x00,0x00}},
  {0x86C6, {0x23,0xC0,0x22,0x40,0xFA,0x40,0xAB,0xC0,0xAA,0x40,0xFA,0x40,0x23,0xC0,0x2A,0x40,0x3A,0x40,0xCA,0x40,0x07,0xE0,0x00,0x00}},
  {0x86C7, {0x20,0x80,0x27,0xE0,0xFC,0x20,0xA8,0x00,0xAA,0x20,0xAA,0x40,0xFA,0x80,0x23,0x00,0x2A,0x20,0x3A,0x20,0xC9,0xE0,0x00,0x00}},
  {0x86C9, {0x21,0x00,0x22,0x80,0xFA,0x40,0xAD,0x20,0xA8,0x80,0xFB,0xC0,0x20,0x40,0x28,0x80,0x3A,0x80,0xC9,0x00,0x00,0x80,0x00,0x00}},
  {0x86CB, {0x04,0x20,0x24,0x00,0x27,0xC0,0x54,0x00,0x8F,0xE0,0x04,0x00,0x7F,0xC0,0x44,0x40,0x7F,0xC0,0x04,0x20,0xFF,0xE0,0x00,0x00}},
  {0x86D4, {0x2F,0xE0,0x28,0x20,0xF8,0x20,0xAB,0xA0,0xAA,0xA0,0xFA,0xA0,0x2B,0xA0,0x28,0x20,0x38,0x20,0xCF,0xE0,0x08,0x20,0x00,0x00}},
  {0x86D9, {0x20,0x80,0x23,0xE0,0xF8,0x80,0xA8,0x80,0xAB,0xE0,0xA8,0x00,0xF8,0x80,0x23,0xE0,0x28,0x80,0x38,0x80,0xCF,0xE0,0x00,0x00}},
  {0x86DB, {0x25,0x00,0x27,0xC0,0xF9,0x00,0xA9,0x00,0xAF,0xE0,0xF9,0x00,0x23,0x80,0x2D,0x40,0x39,0x20,0xC9,0x00,0x01,0x00,0x00,0x00}},
  {0x86E4, {0x21,0x00,0x22,0x80,0xFA,0x40,0xAC,0x20,0xAB,0xC0,0xF8,0x00,0x23,0xC0,0x2A,0x40,0x3A,0x40,0xCB,0xC0,0x02,0x40,0x00,0x00}},
  {0x86EE, {0xFF,0xE0,0x11,0x00,0x51,0x40,0x91,0x20,0x04,0x00,0x7F,0xC0,0x44,0x40,0x7F,0xC0,0x04,0x20,0xFF,0xE0,0x00,0x20,0x00,0x00}},
  {0x86F9, {0x20,0x40,0x21,0x40,0xF8,0x80,0xAB,0xE0,0xAA,0xA0,0xFB,0xE0,0x22,0xA0,0x2B,0xE0,0x3A,0xA0,0xCA,0xA0,0x02,0x60,0x00,0x00}},
  {0x86FE, {0x26,0xC0,0x22,0xA0,0xFA,0x80,0xAF,0xE0,0xAA,0x80,0xFB,0xA0,0x26,0xC0,0x2A,0x80,0x3A,0xA0,0xCB,0x60,0x06,0x20,0x00,0x00}},
  {0x8700, {0x4A,0x40,0x7F,0xC0,0x20,0x00,0x3F,0xE0,0x48,0x20,0xFF,0x20,0x49,0x20,0x7F,0x20,0x08,0xA0,0xFF,0xA0,0x00,0xC0,0x00,0x00}},
  {0x8702, {0x21,0xE0,0x23,0x20,0xF8,0xC0,0xAB,0x20,0xA8,0x80,0xFB,0xE0,0x20,0x80,0x2B,0xE0,0x38,0x80,0xCB,0xE0,0x00,0x80,0x00,0x00}},
  {0x8708, {0x24,0x40,0x24,0x40,0xFF,0xC0,0xA8,0x00,0xAF,0xC0,0xF9,0x00,0x21,0x00,0x2F,0xE0,0x3A,0x80,0xC4,0x40,0x08,0x20,0x00,0x00}},
  {0x8712, {0x2D,0xC0,0x24,0x40,0xF4,0x40,0xA9,0x60,0xA9,0x40,0xF5,0x40,0x25,0x40,0x25,0xE0,0x3C,0x00,0xC4,0x00,0x0B,0xE0,0x00,0x00}},
  {0x8713, {0x26,0xC0,0x22,0x40,0xFA,0x40,0xAC,0xE0,0xAF,0x40,0xF9,0x40,0x25,0x40,0x2D,0x40,0x3A,0xE0,0xC2,0x00,0x05,0xE0,0x00,0x00}},
  {0x8715, {0x21,0x40,0x20,0x00,0xFB,0xE0,0xAA,0x20,0xAA,0x20,0xAA,0x20,0xFB,0xE0,0x21,0x40,0x29,0x40,0x39,0x40,0xCA,0x60,0x00,0x00}},
  {0x8717, {0x22,0x20,0x22,0x20,0xFB,0xE0,0xA8,0x80,0xAB,0xE0,0xFA,0xA0,0x22,0xA0,0x2B,0x60,0x3A,0x20,0xCA,0x20,0x02,0x60,0x00,0x00}},
  {0x8718, {0x24,0xE0,0x27,0xA0,0xFA,0xA0,0xAA,0xA0,0xAA,0xA0,0xFF,0xA0,0x22,0xA0,0x2A,0xA0,0x3D,0xE0,0xC5,0xA0,0x09,0x00,0x00,0x00}},
  {0x871C, {0xFF,0xE0,0x88,0x20,0x55,0x40,0x52,0xA0,0x8F,0xA0,0x34,0x00,0x7F,0xC0,0x44,0x40,0x7F,0xC0,0x04,0x20,0xFF,0xE0,0x00,0x00}},
  {0x8721, {0x21,0x40,0x23,0xE0,0xF9,0x40,0xAF,0xE0,0xA8,0x00,0xFB,0xE0,0x22,0x20,0x2B,0xE0,0x3A,0x20,0xCB,0xE0,0x02,0x20,0x00,0x00}},
  {0x873B, {0x27,0xE0,0x20,0x80,0xFB,0xC0,0xA8,0x80,0xAF,0xE0,0xFA,0x40,0x23,0xC0,0x2A,0x40,0x3B,0xC0,0xCA,0x40,0x02,0xC0,0x00,0x00}},
  {0x8747, {0x22,0x20,0x23,0xE0,0xF8,0x80,0xAB,0xE0,0xAA,0xA0,0xFB,0xE0,0x22,0xA0,0x2B,0xE0,0x3A,0x80,0xC8,0xA0,0x00,0x60,0x00,0x00}},
  {0x8749, {0x21,0x40,0x23,0xE0,0xFA,0xA0,0xAB,0xE0,0xAA,0xA0,0xFA,0xA0,0x23,0xE0,0x28,0x80,0x3B,0xE0,0xC8,0x80,0x00,0x80,0x00,0x00}},
  {0x874C, {0x27,0x40,0x22,0xC0,0xFA,0x40,0xAF,0x40,0xAA,0xC0,0xFB,0x40,0x26,0x60,0x2B,0xC0,0x3A,0x40,0xCA,0x40,0x02,0x40,0x00,0x00}},
  {0x874E, {0x22,0x40,0x23,0xC0,0xFA,0x40,0xAB,0xC0,0xA9,0x00,0xF9,0xE0,0x22,0xA0,0x29,0x60,0x3A,0x20,0xCB,0xA0,0x00,0x60,0x00,0x00}},
  {0x8757, {0x23,0xE0,0x22,0x20,0xFB,0xE0,0xAA,0x20,0xAB,0xE0,0xF8,0x00,0x23,0xE0,0x28,0x80,0x3B,0xE0,0xC8,0x80,0x03,0xE0,0x00,0x00}},
  {0x8759, {0x23,0xE0,0x22,0x20,0xFB,0xE0,0xAA,0x00,0xAB,0xE0,0xFA,0xA0,0x26,0xA0,0x2B,0xE0,0x3A,0xA0,0xCA,0xA0,0x02,0x60,0x00,0x00}},
  {0x8760, {0x20,0x00,0x23,0xE0,0xFA,0x20,0xAB,0xE0,0xA8,0x00,0xFB,0xE0,0x22,0xA0,0x2B,0xE0,0x3A,0xA0,0xCB,0xE0,0x02,0x20,0x00,0x00}},
  {0x8774, {0x24,0xE0,0x2E,0xA0,0xF4,0xA0,0xA4,0xE0,0xAE,0xA0,0xFA,0xA0,0x2A,0xE0,0x2A,0xA0,0x3E,0xA0,0xC8,0xA0,0x01,0x60,0x00,0x00}},
  {0x8776, {0x25,0x40,0x2F,0xE0,0xF5,0x40,0xA5,0xC0,0xA4,0x00,0xF7,0xE0,0x21,0x00,0x2F,0xE0,0x33,0x80,0xC5,0x40,0x09,0x20,0x00,0x00}},
  {0x8783, {0x23,0xE0,0x21,0x40,0xF8,0x80,0xAB,0xE0,0xAA,0x20,0xF8,0x80,0x23,0xE0,0x29,0x00,0x39,0xE0,0xC9,0x20,0x02,0x60,0x00,0x00}},
  {0x878D, {0x00,0x80,0x70,0x80,0x53,0xE0,0x72,0xA0,0x02,0xA0,0xFA,0xA0,0xDB,0xE0,0xA8,0x80,0xF8,0xA0,0xA8,0xE0,0x9B,0xA0,0x00,0x00}},
  {0x879F, {0x24,0x20,0x23,0xC0,0xFA,0x40,0xAB,0xC0,0xAA,0x40,0xFB,0xC0,0x20,0x80,0x2F,0xE0,0x38,0x00,0xCA,0x40,0x04,0x20,0x00,0x00}},
  {0x87BA, {0x22,0xA0,0x23,0xE0,0xFA,0xA0,0xAB,0xE0,0xA9,0x40,0xFB,0x80,0x21,0x20,0x2B,0xE0,0x38,0x80,0xCA,0xC0,0x05,0xA0,0x00,0x00}},
  {0x87C0, {0x2F,0xE0,0x21,0x00,0xFA,0x80,0xAB,0xA0,0xAD,0x40,0xFA,0xA0,0x23,0x80,0x29,0x00,0x3F,0xE0,0xC1,0x00,0x01,0x00,0x00,0x00}},
  {0x87C6, {0x23,0xE0,0x21,0x40,0xFB,0xE0,0xAA,0x20,0xAB,0xE0,0xFA,0x20,0x23,0xE0,0x28,0x80,0x3B,0xE0,0xC9,0x40,0x02,0x20,0x00,0x00}},
  {0x87CB, {0x27,0x80,0x22,0xA0,0xF8,0x80,0xAF,0xE0,0xAA,0xC0,0xFC,0xA0,0x22,0x00,0x29,0x40,0x3A,0x20,0xCA,0xA0,0x11,0x80,0x00,0x00}},
  {0x87E5, {0x23,0xE0,0x21,0x40,0xFB,0xE0,0xA8,0x80,0xAB,0xE0,0xFA,0xA0,0x23,0xE0,0x2A,0xA0,0x3B,0xE0,0xC9,0x40,0x02,0x20,0x00,0x00}},
  {0x87F9, {0x89,0x20,0x7D,0x60,0x56,0x80,0x7D,0xE0,0x54,0x80,0x84,0x80,0x7F,0xC0,0x44,0x40,0x7F,0xC0,0x04,0x20,0xFF,0xE0,0x00,0x00}},
  {0x8815, {0x21,0x00,0x2F,0xE0,0xF9,0x20,0xA5,0x40,0xA0,0x00,0xFF,0xE0,0x21,0x00,0x2F,0xE0,0x3A,0xA0,0xCA,0xA0,0x08,0x60,0x00,0x00}},
  {0x8822, {0x7F,0xC0,0x08,0x00,0xFF,0xE0,0x31,0x80,0xDF,0x60,0x31,0x80,0xFF,0xE0,0xAA,0xA0,0xFB,0xE0,0x20,0x80,0xFB,0xE0,0x00,0x00}},
  {0x8840, {0x08,0x00,0x10,0x00,0x7F,0xC0,0x4A,0x40,0x4A,0x40,0x4A,0x40,0x4A,0x40,0x4A,0x40,0x4A,0x40,0x4A,0x40,0xFF,0xE0,0x00,0x00}},
  {0x8845, {0x12,0xA0,0x21,0xC0,0x7C,0x80,0x57,0xE0,0x54,0x80,0x54,0x80,0x57,0xE0,0x54,0x80,0x5E,0x80,0xF0,0x80,0x00,0x80,0x00,0x00}},
  {0x884C, {0x27,0xC0,0x40,0x00,0x90,0x00,0x2F,0xE0,0x60,0x80,0xA0,0x80,0x20,0x80,0x20,0x80,0x20,0x80,0x20,0x80,0x23,0x80,0x00,0x00}},
  {0x884D, {0x42,0xE0,0x80,0x00,0x10,0x00,0x28,0xE0,0x64,0x40,0xA0,0x40,0x20,0x40,0x22,0x40,0x24,0x40,0x28,0x40,0x20,0xC0,0x00,0x00}},
  {0x8854, {0x48,0xE0,0x8E,0x00,0x30,0x00,0x5E,0xE0,0xC8,0x40,0x48,0x40,0x5E,0x40,0x48,0x40,0x4A,0x40,0x4C,0x40,0x48,0xC0,0x00,0x00}},
  {0x8857, {0x44,0xE0,0x8E,0x00,0x24,0x00,0x44,0xE0,0xDF,0x40,0x40,0x40,0x44,0x40,0x4E,0x40,0x44,0x40,0x47,0x40,0x58,0xC0,0x00,0x00}},
  {0x8859, {0x5E,0xE0,0x88,0x00,0x3E,0x00,0x52,0xE0,0xD2,0x40,0x7F,0x40,0x40,0x40,0x5E,0x40,0x52,0x40,0x52,0x40,0x5E,0xC0,0x00,0x00}},
  {0x8861, {0x4E,0xE0,0x92,0x00,0x3F,0x00,0x55,0xE0,0xDF,0x40,0x55,0x40,0x5F,0x40,0x44,0x40,0x5F,0x40,0x4A,0x40,0x51,0xC0,0x00,0x00}},
  {0x8863, {0x02,0x00,0xFF,0xE0,0x08,0x00,0x14,0x40,0x14,0x80,0x33,0x00,0x52,0x00,0x91,0x00,0x14,0x80,0x18,0x60,0x10,0x00,0x00,0x00}},
  {0x8865, {0x21,0x00,0xF1,0x00,0x11,0x00,0x21,0x80,0x29,0x40,0x71,0x20,0xA9,0x20,0x21,0x00,0x21,0x00,0x21,0x00,0x21,0x00,0x00,0x00}},
  {0x8868, {0x04,0x00,0x7F,0xC0,0x04,0x00,0x3F,0x80,0x04,0x00,0xFF,0xE0,0x0A,0x00,0x12,0x20,0x31,0x40,0xD4,0x80,0x18,0x60,0x00,0x00}},
  {0x8869, {0x2F,0xC0,0xF4,0x40,0x15,0x40,0x24,0xC0,0x2C,0x40,0x72,0x80,0xAA,0x80,0x21,0x00,0x22,0x80,0x24,0x40,0x28,0x20,0x00,0x00}},
  {0x886B, {0x20,0x80,0xF1,0x00,0x12,0x20,0x20,0x40,0x28,0x80,0x71,0x00,0xAA,0x20,0x20,0x40,0x20,0x80,0x21,0x00,0x26,0x00,0x00,0x00}},
  {0x886C, {0x20,0x40,0xF0,0x40,0x17,0xE0,0x20,0x40,0x28,0x40,0x72,0x40,0xA9,0x40,0x21,0x40,0x20,0x40,0x20,0x40,0x21,0xC0,0x00,0x00}},
  {0x8870, {0xFF,0xE0,0x00,0x00,0x3F,0x80,0x20,0x80,0xFF,0xE0,0x20,0x80,0x3F,0x80,0x0A,0x00,0x31,0x40,0xD4,0x80,0x18,0x60,0x00,0x00}},
  {0x8877, {0x04,0x00,0xFF,0xE0,0x04,0x00,0x7F,0xC0,0x44,0x40,0x7F,0xC0,0x0C,0x00,0x12,0x20,0x31,0x40,0xD4,0x80,0x18,0x60,0x00,0x00}},
  {0x8881, {0x7F,0xC0,0x04,0x00,0xFF,0xE0,0x00,0x00,0x7F,0xC0,0x40,0x40,0x7F,0xC0,0x12,0x20,0x31,0x40,0xD4,0x80,0x18,0x60,0x00,0x00}},
  {0x8884, {0x27,0x00,0xF1,0x00,0x11,0x00,0x21,0x00,0x37,0xE0,0x61,0x00,0xB1,0x00,0x22,0x80,0x22,0x80,0x24,0x40,0x28,0x20,0x00,0x00}},
  {0x888B, {0x22,0x40,0x62,0xE0,0xAF,0x00,0x20,0xA0,0x20,0x60,0x04,0x00,0xFF,0xE0,0x0A,0x00,0x31,0x40,0xD4,0x80,0x18,0x60,0x00,0x00}},
  {0x888D, {0x22,0x00,0xF7,0xE0,0x18,0x20,0x27,0xA0,0x34,0xA0,0x64,0xA0,0xB7,0xA0,0x24,0x60,0x24,0x00,0x24,0x20,0x23,0xE0,0x00,0x00}},
  {0x8892, {0x27,0xC0,0xF4,0x40,0x14,0x40,0x27,0xC0,0x34,0x40,0x64,0x40,0xB4,0x40,0x27,0xC0,0x20,0x00,0x20,0x00,0x2F,0xE0,0x00,0x00}},
  {0x8896, {0x41,0x00,0xE1,0x00,0x2F,0xE0,0x49,0x20,0x69,0x20,0xCF,0xE0,0x69,0x20,0x49,0x20,0x49,0x20,0x4F,0xE0,0x48,0x20,0x00,0x00}},
  {0x889C, {0x21,0x00,0xF7,0xE0,0x11,0x00,0x21,0x00,0x37,0xC0,0x61,0x00,0xB3,0x80,0x25,0x40,0x29,0x20,0x21,0x00,0x21,0x00,0x00,0x00}},
  {0x88AB, {0x20,0x80,0xF7,0xE0,0x14,0xA0,0x24,0x80,0x37,0xC0,0x65,0x40,0xB5,0x40,0x25,0x40,0x24,0x80,0x29,0x40,0x32,0x20,0x00,0x00}},
  {0x88AD, {0xFF,0xE0,0x12,0x80,0x23,0x00,0x46,0x20,0x99,0xE0,0x04,0x00,0xFF,0xE0,0x0A,0x00,0x31,0x40,0xD4,0x80,0x18,0x60,0x00,0x00}},
  {0x88B1, {0x22,0xC0,0xF4,0xA0,0x14,0x80,0x2D,0xE0,0x34,0x80,0x64,0x80,0xB4,0x80,0x25,0x40,0x25,0x40,0x25,0x40,0x26,0x20,0x00,0x00}},
  {0x88C1, {0x7D,0x20,0x11,0x00,0xFF,0xE0,0x21,0x00,0x11,0x40,0xFD,0x40,0x11,0x40,0x2A,0x80,0x64,0xA0,0xB5,0x60,0x22,0x20,0x00,0x00}},
  {0x88C2, {0x21,0x20,0x7D,0x20,0xA5,0x20,0x18,0x20,0xE0,0x60,0x04,0x00,0xFF,0xE0,0x0A,0x00,0x31,0x40,0xD4,0x80,0x18,0x60,0x00,0x00}},
  {0x88C5, {0x51,0x00,0x1F,0xE0,0x31,0x00,0x51,0x00,0x97,0xC0,0x04,0x00,0xFF,0xE0,0x0A,0x00,0x31,0x40,0xD4,0x80,0x18,0x60,0x00,0x00}},
  {0x88C6, {0x29,0x20,0xF5,0x40,0x11,0x00,0x27,0xE0,0x28,0x20,0x70,0x20,0xAB,0xE0,0x20,0x20,0x20,0x20,0x27,0xE0,0x20,0x20,0x00,0x00}},
  {0x88D5, {0x44,0x40,0xE9,0x20,0x21,0x00,0x42,0x80,0x64,0x40,0xC8,0x20,0x67,0xC0,0x44,0x40,0x44,0x40,0x47,0xC0,0x44,0x40,0x00,0x00}},
  {0x88D9, {0x4F,0xC0,0xE2,0x40,0x2F,0xE0,0x42,0x40,0x6F,0xC0,0xC4,0x00,0x6F,0xC0,0x54,0x40,0x44,0x40,0x47,0xC0,0x44,0x40,0x00,0x00}},
  {0x88E4, {0x4F,0xE0,0xE8,0x80,0x28,0x80,0x4F,0xE0,0x69,0x00,0xCA,0x80,0x6B,0xE0,0x48,0x80,0x4B,0xE0,0x48,0x80,0x50,0x80,0x00,0x00}},
  {0x88F3, {0x15,0x00,0xFF,0xE0,0x80,0x20,0x3F,0x80,0x20,0x80,0x3F,0x80,0x04,0x00,0xFF,0xE0,0x0A,0x40,0x31,0x80,0xD8,0x60,0x00,0x00}},
  {0x88F8, {0x49,0x20,0xEF,0xE0,0x29,0x20,0x4F,0xE0,0x61,0x00,0xDF,0xE0,0x61,0x00,0x43,0x80,0x45,0x40,0x59,0x20,0x41,0x00,0x00,0x00}},
  {0x88F9, {0xFF,0xE0,0x44,0x40,0x7F,0xC0,0x44,0x40,0x7F,0xC0,0x04,0x00,0xFF,0xE0,0x24,0x80,0x4A,0x40,0x31,0x80,0xD8,0x60,0x00,0x00}},
  {0x8902, {0x44,0x80,0xEE,0x80,0x24,0x80,0x5F,0xC0,0x60,0xA0,0xC4,0xA0,0x6E,0x80,0x44,0x80,0x47,0x80,0x58,0x80,0x40,0x80,0x00,0x00}},
  {0x8910, {0x24,0x40,0xF7,0xC0,0x14,0x40,0x27,0xC0,0x32,0x00,0x63,0xE0,0xB5,0x20,0x2A,0xA0,0x24,0x20,0x27,0xA0,0x20,0xC0,0x00,0x00}},
  {0x8912, {0xFF,0xE0,0x24,0x40,0x67,0xC0,0xA1,0x00,0x2F,0xE0,0x25,0x40,0x2D,0x20,0x0A,0x00,0x31,0x40,0xD4,0x80,0x18,0x60,0x00,0x00}},
  {0x8925, {0x48,0x00,0xEB,0xE0,0x28,0x00,0x4F,0xE0,0x6A,0xA0,0xCA,0x40,0x6B,0x20,0x48,0x40,0x4F,0xE0,0x4A,0x40,0x50,0xC0,0x00,0x00}},
  {0x892A, {0x29,0x20,0xF5,0xE0,0x15,0x20,0x21,0xE0,0x3D,0x80,0x65,0x60,0xB5,0x40,0x25,0xA0,0x25,0x20,0x26,0x00,0x29,0xE0,0x00,0x00}},
  {0x895F, {0x2F,0xE0,0xF4,0x80,0x1D,0xC0,0x26,0xA0,0x30,0x00,0x67,0xC0,0xB0,0x00,0x2F,0xE0,0x25,0x40,0x29,0x20,0x23,0x00,0x00,0x00}},
  {0x897F, {0x0A,0x00,0x0A,0x00,0x7F,0xC0,0x4A,0x40,0x4A,0x40,0x4A,0x40,0x51,0xC0,0x60,0x40,0x40,0x40,0x7F,0xC0,0x40,0x40,0x00,0x00}},
  {0x8981, {0xFF,0xE0,0x0A,0x00,0x7F,0xC0,0x4A,0x40,0x7F,0xC0,0x08,0x00,0xFF,0xE0,0x10,0x80,0x31,0x00,0x0E,0x00,0xF1,0xC0,0x00,0x00}},
  {0x8986, {0x09,0x00,0x7F,0xE0,0x49,0x20,0x7F,0xE0,0x24,0x40,0x57,0xC0,0xA4,0x40,0x67,0xC0,0xAC,0x40,0x23,0x80,0x2C,0x60,0x00,0x00}},
  {0x89C1, {0x7F,0xC0,0x40,0x40,0x44,0x40,0x44,0x40,0x44,0x40,0x44,0x40,0x4A,0x40,0x0A,0x00,0x12,0x20,0x22,0x20,0xC1,0xE0,0x00,0x00}},
  {0x89C2, {0x07,0xC0,0xF4,0x40,0x14,0x40,0x95,0x40,0x55,0x40,0x55,0x40,0x25,0x40,0x22,0x80,0x52,0xA0,0x94,0xA0,0x08,0x60,0x00,0x00}},
  {0x89C4, {0x27,0xC0,0x24,0x40,0x74,0x40,0x25,0x40,0x25,0x40,0xFD,0x40,0x25,0x40,0x22,0x80,0x52,0xA0,0x54,0xA0,0x88,0x60,0x00,0x00}},
  {0x89C5, {0xFC,0x00,0x48,0x40,0x24,0x80,0x00,0x00,0x7F,0xC0,0x40,0x40,0x44,0x40,0x44,0x40,0x0A,0x00,0x32,0x20,0xC1,0xE0,0x00,0x00}},
  {0x89C6, {0x27,0xC0,0xF4,0x40,0x15,0x40,0x25,0x40,0x35,0x40,0x6D,0x40,0xA5,0x40,0x22,0x80,0x22,0x80,0x24,0xA0,0x28,0x60,0x00,0x00}},
  {0x89C8, {0x93,0xE0,0x92,0x80,0x94,0x40,0x10,0x00,0x7F,0xC0,0x40,0x40,0x44,0x40,0x44,0x40,0x0A,0x00,0x32,0x20,0xC1,0xE0,0x00,0x00}},
  {0x89C9, {0x24,0x80,0xFF,0xE0,0x80,0x20,0xBF,0xA0,0x20,0x80,0x24,0x80,0x24,0x80,0x24,0x80,0x0A,0x00,0x32,0x20,0xC1,0xE0,0x00,0x00}},
  {0x89D2, {0x3F,0x00,0x41,0x00,0x82,0x00,0x7F,0xC0,0x44,0x40,0x7F,0xC0,0x44,0x40,0x7F,0xC0,0x44,0x40,0x44,0x40,0x80,0xC0,0x00,0x00}},
  {0x89E3, {0x39,0x20,0x49,0x20,0x92,0x60,0x7C,0x00,0x55,0x40,0x7D,0xE0,0x56,0x40,0x7C,0x40,0x55,0xE0,0x54,0x40,0x8C,0x40,0x00,0x00}},
  {0x89E6, {0x70,0x80,0x90,0x80,0x23,0xE0,0xFA,0xA0,0xAA,0xA0,0xFA,0xA0,0xAB,0xE0,0xF8,0x80,0xA8,0xA0,0xA8,0xE0,0x1B,0xA0,0x00,0x00}},
  {0x8A00, {0x04,0x00,0xFF,0xE0,0x00,0x00,0x7F,0xC0,0x00,0x00,0x7F,0xC0,0x00,0x00,0x7F,0xC0,0x40,0x40,0x7F,0xC0,0x40,0x40,0x00,0x00}},
  {0x8A89, {0x24,0x80,0xFF,0xE0,0x20,0x80,0x44,0x40,0xBF,0xA0,0x00,0x00,0x7F,0xC0,0x00,0x00,0x7F,0xC0,0x40,0x40,0x7F,0xC0,0x00,0x00}},
  {0x8A8A, {0x7F,0xC0,0x08,0x00,0xFF,0xE0,0x24,0x80,0x7F,0xC0,0x80,0x20,0x7F,0xC0,0x00,0x00,0x7F,0xC0,0x40,0x40,0x7F,0xC0,0x00,0x00}},
  {0x8A93, {0xF7,0x00,0x24,0x00,0xF7,0xE0,0x24,0x80,0x68,0x80,0x08,0x00,0xFF,0xE0,0x00,0x00,0x7F,0xC0,0x20,0x80,0x3F,0x80,0x00,0x00}},
  {0x8B66, {0xFD,0xE0,0x4A,0x40,0x7D,0x40,0xD4,0x80,0x75,0x40,0x0A,0x20,0xFF,0xE0,0x00,0x00,0x7F,0xC0,0x20,0x80,0x3F,0x80,0x00,0x00}},
  {0x8B6C, {0x4B,0xE0,0x79,0x40,0x43,0xE0,0x78,0x80,0xA9,0xC0,0x3A,0x80,0xFF,0xE0,0x00,0x00,0x7F,0xC0,0x20,0x80,0x3F,0x80,0x00,0x00}},
  {0x8BA1, {0x21,0x00,0x01,0x00,0x01,0x00,0xE1,0x00,0x2F,0xE0,0x21,0x00,0x21,0x00,0x29,0x00,0x31,0x00,0x21,0x00,0x01,0x00,0x00,0x00}},
  {0x8BA2, {0x2F,0xE0,0x00,0x80,0x00,0x80,0xE0,0x80,0x20,0x80,0x20,0x80,0x20,0x80,0x28,0x80,0x30,0x80,0x20,0x80,0x03,0x80,0x00,0x00}},
  {0x8BA4, {0x21,0x00,0x01,0x00,0x01,0x00,0xE1,0x00,0x21,0x00,0x22,0x80,0x22,0x80,0x2A,0x80,0x34,0x40,0x24,0x40,0x08,0x20,0x00,0x00}},
  {0x8BA5, {0x2F,0x80,0x08,0x80,0x08,0x80,0xC8,0x80,0x48,0x80,0x48,0x80,0x48,0x80,0x48,0x80,0x68,0xA0,0x50,0xA0,0x20,0x60,0x00,0x00}},
  {0x8BA8, {0x20,0x40,0x00,0x40,0x0F,0xE0,0xE0,0x40,0x20,0x40,0x24,0x40,0x22,0x40,0x22,0x40,0x28,0x40,0x30,0x40,0x21,0xC0,0x00,0x00}},
  {0x8BA9, {0x21,0x00,0x01,0x00,0x01,0x00,0xE1,0xC0,0x21,0x00,0x21,0x00,0x21,0x00,0x29,0x00,0x31,0x00,0x21,0x00,0x0F,0xE0,0x00,0x00}},
  {0x8BAD, {0x29,0x20,0x09,0x20,0x09,0x20,0xC9,0x20,0x49,0x20,0x49,0x20,0x49,0x20,0x59,0x20,0x69,0x20,0x51,0x20,0x20,0x20,0x00,0x00}},
  {0x8BAE, {0x21,0x00,0x01,0x20,0x08,0x20,0xE8,0x20,0x24,0x40,0x24,0x40,0x22,0x80,0x29,0x00,0x32,0x80,0x24,0x40,0x08,0x20,0x00,0x00}},
  {0x8BAF, {0x2F,0x80,0x04,0x80,0x04,0x80,0xE4,0x80,0x2F,0x80,0x24,0x80,0x24,0x80,0x24,0x80,0x34,0xA0,0x24,0x60,0x04,0x20,0x00,0x00}},
  {0x8BB0, {0x27,0xC0,0x00,0x40,0x00,0x40,0xE0,0x40,0x27,0xC0,0x24,0x00,0x24,0x00,0x2C,0x00,0x34,0x20,0x24,0x20,0x03,0xE0,0x00,0x00}},
  {0x8BB2, {0x24,0x80,0x04,0x80,0x1F,0xE0,0xC4,0x80,0x44,0x80,0x44,0x80,0x5F,0xE0,0x44,0x80,0x64,0x80,0x48,0x80,0x10,0x80,0x00,0x00}},
  {0x8BB3, {0x21,0x00,0x0F,0xE0,0x01,0x00,0xE7,0xC0,0x21,0x00,0x2F,0xE0,0x21,0x20,0x29,0x20,0x31,0x60,0x21,0x00,0x01,0x00,0x00,0x00}},
  {0x8BB6, {0x5F,0xE0,0x00,0x40,0x08,0x40,0xC8,0x40,0x4F,0xE0,0x40,0xC0,0x41,0x40,0x52,0x40,0x64,0x40,0x48,0x40,0x11,0xC0,0x00,0x00}},
  {0x8BB8, {0x24,0x00,0x07,0xC0,0x09,0x00,0xE1,0x00,0x21,0x00,0x21,0x00,0x2F,0xE0,0x21,0x00,0x29,0x00,0x31,0x00,0x21,0x00,0x00,0x00}},
  {0x8BB9, {0x25,0x00,0x09,0x20,0x09,0x40,0xD9,0x80,0x49,0x00,0x4B,0x00,0x4D,0x00,0x49,0x00,0x69,0x20,0x49,0x20,0x08,0xE0,0x00,0x00}},
  {0x8BBA, {0x42,0x00,0x05,0x00,0x08,0x80,0xD0,0x60,0x48,0x00,0x48,0x80,0x4B,0x00,0x4C,0x00,0x48,0x40,0x68,0x40,0x47,0xC0,0x00,0x00}},
  {0x8BBC, {0x24,0x80,0x04,0x80,0x08,0x40,0xC8,0x40,0x52,0x20,0x42,0x00,0x44,0x00,0x54,0x80,0x68,0x40,0x4F,0xC0,0x00,0x40,0x00,0x00}},
  {0x8BBD, {0x5F,0xC0,0x10,0x40,0x18,0xC0,0xD5,0x40,0x52,0x40,0x52,0x40,0x55,0x40,0x58,0xC0,0x70,0x40,0x50,0x60,0x20,0x20,0x00,0x00}},
  {0x8BBE, {0x24,0x80,0x04,0x80,0x04,0x80,0xE8,0x60,0x20,0x00,0x2F,0xC0,0x24,0x40,0x22,0x80,0x31,0x00,0x22,0x80,0x0C,0x60,0x00,0x00}},
  {0x8BBF, {0x21,0x00,0x0F,0xE0,0x02,0x00,0xE2,0x00,0x23,0xE0,0x22,0x20,0x22,0x20,0x2A,0x20,0x34,0x20,0x24,0x20,0x08,0xC0,0x00,0x00}},
  {0x8BC0, {0x22,0x00,0x0F,0xC0,0x02,0x40,0xC2,0x40,0x42,0x40,0x5F,0xE0,0x42,0x00,0x45,0x00,0x65,0x00,0x48,0x80,0x10,0x60,0x00,0x00}},
  {0x8BC1, {0x5F,0xE0,0x01,0x00,0x01,0x00,0xC1,0x00,0x49,0x00,0x49,0xE0,0x49,0x00,0x59,0x00,0x69,0x00,0x49,0x00,0x1F,0xE0,0x00,0x00}},
  {0x8BC4, {0x27,0xC0,0x01,0x00,0x09,0x20,0xE5,0x20,0x25,0x40,0x21,0x00,0x2F,0xE0,0x21,0x00,0x31,0x00,0x21,0x00,0x01,0x00,0x00,0x00}},
  {0x8BC5, {0x2F,0xC0,0x08,0x40,0x08,0x40,0xCF,0xC0,0x48,0x40,0x48,0x40,0x4F,0xC0,0x58,0x40,0x68,0x40,0x48,0x40,0x3F,0xE0,0x00,0x00}},
  {0x8BC6, {0x2F,0xC0,0x08,0x40,0x08,0x40,0xC8,0x40,0x48,0x40,0x4F,0xC0,0x40,0x00,0x40,0x00,0x64,0x80,0x48,0x40,0x10,0x20,0x00,0x00}},
  {0x8BC8, {0x24,0x00,0x07,0xE0,0x0A,0x00,0xE2,0x00,0x23,0xC0,0x22,0x00,0x22,0x00,0x2B,0xE0,0x32,0x00,0x22,0x00,0x02,0x00,0x00,0x00}},
  {0x8BC9, {0x2E,0x00,0x08,0x00,0x08,0x00,0xCF,0xE0,0x48,0x80,0x48,0x80,0x4B,0x80,0x58,0xC0,0x68,0xA0,0x48,0x80,0x10,0x80,0x00,0x00}},
  {0x8BCA, {0x22,0x00,0x05,0x00,0x08,0x80,0xD2,0x60,0x44,0x00,0x49,0x00,0x42,0x40,0x4C,0x80,0x61,0x00,0x46,0x00,0x18,0x00,0x00,0x00}},
  {0x8BCD, {0x4F,0xE0,0x00,0x20,0x1F,0xA0,0xC0,0x20,0x4F,0xA0,0x48,0xA0,0x48,0xA0,0x4F,0xA0,0x48,0x20,0x60,0x20,0x41,0xC0,0x00,0x00}},
  {0x8BD1, {0x24,0x40,0x02,0x80,0x01,0x00,0xC2,0x80,0x4D,0x60,0x41,0x00,0x47,0xC0,0x51,0x00,0x6F,0xE0,0x41,0x00,0x01,0x00,0x00,0x00}},
  {0x8BD5, {0x40,0x80,0x0F,0xE0,0x00,0x80,0xC0,0x80,0x4E,0x80,0x44,0x80,0x44,0x80,0x44,0x80,0x46,0xA0,0x6C,0x60,0x40,0x20,0x00,0x00}},
  {0x8BD7, {0x41,0x00,0x0F,0xC0,0x01,0x00,0xDF,0xE0,0x40,0x80,0x5F,0xE0,0x40,0x80,0x48,0x80,0x44,0x80,0x60,0x80,0x41,0x80,0x00,0x00}},
  {0x8BDA, {0x41,0x20,0x1F,0xE0,0x11,0x00,0xD1,0x00,0x5E,0xA0,0x52,0xA0,0x52,0xC0,0x52,0x80,0x76,0xA0,0x51,0x60,0x22,0x20,0x00,0x00}},
  {0x8BDD, {0x2F,0x00,0x01,0x00,0x01,0x00,0xDF,0xE0,0x41,0x00,0x41,0x00,0x4F,0xE0,0x58,0x20,0x68,0x20,0x4F,0xE0,0x08,0x20,0x00,0x00}},
  {0x8BDE, {0x5B,0x80,0x08,0x80,0x08,0x80,0xD2,0xE0,0x52,0x80,0x5A,0x80,0x4A,0x80,0x4B,0xE0,0x68,0x00,0x50,0x00,0x2F,0xE0,0x00,0x00}},
  {0x8BE1, {0x27,0xC0,0x08,0x40,0x10,0x80,0xCF,0xE0,0x48,0x00,0x4B,0xC0,0x4A,0x40,0x4A,0xC0,0x6A,0x00,0x4A,0x20,0x11,0xE0,0x00,0x00}},
  {0x8BE2, {0x4F,0xE0,0x10,0x20,0x2F,0xA0,0xC8,0xA0,0x48,0xA0,0x4F,0xA0,0x48,0xA0,0x48,0xA0,0x6F,0xA0,0x48,0x20,0x00,0xC0,0x00,0x00}},
  {0x8BE5, {0x21,0x00,0x0F,0xE0,0x02,0x00,0xE4,0x40,0x2F,0x80,0x21,0x20,0x22,0x40,0x2C,0x80,0x31,0x80,0x22,0x40,0x0C,0x20,0x00,0x00}},
  {0x8BE6, {0x22,0x80,0x0F,0xE0,0x01,0x00,0xC1,0x00,0x4F,0xE0,0x41,0x00,0x41,0x00,0x5F,0xE0,0x61,0x00,0x41,0x00,0x01,0x00,0x00,0x00}},
  {0x8BEB, {0x40,0x80,0x1F,0xE0,0x00,0x80,0xCA,0x80,0x4A,0xA0,0x5F,0xA0,0x4A,0xC0,0x4A,0xC0,0x6A,0xA0,0x51,0x60,0x02,0x20,0x00,0x00}},
  {0x8BEC, {0x5F,0xC0,0x02,0x00,0x0A,0x80,0xCA,0x80,0x4A,0x80,0x4A,0x80,0x57,0x40,0x62,0x20,0x42,0x00,0x62,0x00,0x5F,0xE0,0x00,0x00}},
  {0x8BED, {0x42,0x00,0x0F,0xC0,0x04,0x40,0xC4,0x40,0x5F,0xE0,0x40,0x00,0x4F,0xC0,0x48,0x40,0x68,0x40,0x4F,0xC0,0x08,0x40,0x00,0x00}},
  {0x8BEF, {0x48,0x80,0x08,0x80,0x0F,0x80,0xC0,0x00,0x5F,0xC0,0x42,0x00,0x7F,0xE0,0x42,0x00,0x65,0x00,0x48,0x80,0x10,0x60,0x00,0x00}},
  {0x8BF1, {0x27,0x00,0x01,0x00,0x0F,0xE0,0xE5,0x40,0x29,0x20,0x27,0xC0,0x22,0x40,0x2A,0xE0,0x34,0x20,0x24,0x20,0x08,0xC0,0x00,0x00}},
  {0x8BF2, {0x27,0xE0,0x08,0x00,0x17,0xC0,0xC4,0x40,0x45,0x40,0x5F,0xE0,0x48,0x40,0x49,0x40,0x6F,0xE0,0x40,0x40,0x01,0x80,0x00,0x00}},
  {0x8BF4, {0x24,0x80,0x00,0x00,0x0F,0xC0,0xC8,0x40,0x48,0x40,0x48,0x40,0x4F,0xC0,0x54,0x80,0x64,0x80,0x48,0xA0,0x10,0x60,0x00,0x00}},
  {0x8BF5, {0x20,0x40,0x02,0x80,0x01,0x00,0xCF,0xE0,0x49,0x20,0x4F,0xE0,0x49,0x20,0x4F,0xE0,0x69,0x20,0x49,0x20,0x08,0x60,0x00,0x00}},
  {0x8BF7, {0x5F,0xE0,0x02,0x00,0x0F,0xC0,0xC2,0x00,0x5F,0xE0,0x48,0x40,0x4F,0xC0,0x48,0x40,0x4F,0xC0,0x68,0x40,0x48,0xC0,0x00,0x00}},
  {0x8BF8, {0x42,0x20,0x07,0x40,0x02,0x80,0xDF,0xE0,0x42,0x00,0x47,0xC0,0x4C,0x40,0x57,0xC0,0x44,0x40,0x67,0xC0,0x44,0x40,0x00,0x00}},
  {0x8BFA, {0x44,0x80,0x1F,0xE0,0x04,0x80,0xC2,0x00,0x5F,0xE0,0x44,0x00,0x47,0xC0,0x4C,0x40,0x54,0x40,0x67,0xC0,0x44,0x40,0x00,0x00}},
  {0x8BFB, {0x4F,0xC0,0x02,0x00,0x1F,0xE0,0xC0,0x20,0x45,0x00,0x53,0x00,0x49,0x00,0x5F,0xE0,0x62,0x80,0x44,0x40,0x18,0x20,0x00,0x00}},
  {0x8BFD, {0x22,0x80,0x0E,0xE0,0x02,0x80,0xE2,0x80,0x2E,0xE0,0x22,0x80,0x22,0x80,0x2E,0xE0,0x32,0x80,0x22,0x80,0x02,0x80,0x00,0x00}},
  {0x8BFE, {0x52,0x40,0x1F,0xC0,0x12,0x40,0xDF,0xC0,0x42,0x00,0x7F,0xE0,0x42,0x00,0x47,0x00,0x6A,0x80,0x52,0x60,0x02,0x00,0x00,0x00}},
  {0x8C01, {0x24,0x80,0x0F,0xE0,0x09,0x00,0xD9,0x00,0x6F,0xC0,0x49,0x00,0x49,0x00,0x4F,0xC0,0x69,0x00,0x49,0x00,0x0F,0xE0,0x00,0x00}},
  {0x8C03, {0x48,0x20,0x09,0x20,0x0B,0xA0,0xC9,0x20,0x4F,0xE0,0x48,0x20,0x4B,0xA0,0x4A,0xA0,0x6B,0xA0,0x48,0x20,0x10,0xE0,0x00,0x00}},
  {0x8C05, {0x21,0x00,0x0F,0xE0,0x00,0x00,0xE7,0xC0,0x24,0x40,0x24,0x40,0x27,0xC0,0x21,0x00,0x35,0x40,0x29,0x20,0x03,0x00,0x00,0x00}},
  {0x8C06, {0x5F,0xE0,0x00,0x00,0x0F,0xC0,0xC8,0x40,0x4F,0xC0,0x40,0x00,0x4F,0xC0,0x40,0x80,0x6F,0xE0,0x41,0x00,0x03,0x00,0x00,0x00}},
  {0x8C08, {0x25,0x20,0x05,0x40,0x09,0x00,0xE2,0xC0,0x2C,0x20,0x21,0x00,0x25,0x20,0x29,0x40,0x32,0x80,0x24,0x40,0x18,0x20,0x00,0x00}},
  {0x8C0A, {0x41,0x00,0x1F,0xE0,0x10,0x20,0xCF,0xC0,0x48,0x40,0x4F,0xC0,0x48,0x40,0x4F,0xC0,0x48,0x40,0x68,0x40,0x5F,0xE0,0x00,0x00}},
  {0x8C0B, {0x2F,0xE0,0x04,0x40,0x07,0xC0,0xE4,0x40,0x27,0xC0,0x21,0x00,0x2F,0xE0,0x23,0x80,0x35,0x40,0x29,0x20,0x01,0x00,0x00,0x00}},
  {0x8C0D, {0x25,0x40,0x0F,0xE0,0x05,0x40,0xE5,0xC0,0x24,0x00,0x27,0xE0,0x21,0x00,0x2F,0xE0,0x33,0x80,0x25,0x40,0x09,0x20,0x00,0x00}},
  {0x8C0E, {0x5F,0xE0,0x04,0x80,0x02,0x00,0xDF,0xE0,0x48,0x00,0x4F,0xC0,0x40,0x00,0x4A,0x80,0x6A,0x80,0x4A,0xA0,0x10,0x60,0x00,0x00}},
  {0x8C10, {0x4E,0xC0,0x08,0x80,0x0A,0xA0,0xCC,0x60,0x41,0x00,0x4F,0xE0,0x48,0x20,0x4F,0xE0,0x48,0x20,0x6F,0xE0,0x48,0x20,0x00,0x00}},
  {0x8C12, {0x28,0x40,0x0F,0xC0,0x08,0x40,0xCF,0xC0,0x44,0x00,0x4F,0xE0,0x51,0x20,0x42,0xA0,0x68,0x20,0x4F,0x20,0x00,0x60,0x00,0x00}},
  {0x8C13, {0x51,0x20,0x1F,0xE0,0x11,0x20,0xDF,0xE0,0x48,0x40,0x4F,0xC0,0x48,0x40,0x4F,0xC0,0x48,0x40,0x68,0x40,0x48,0xC0,0x00,0x00}},
  {0x8C1A, {0x2F,0xE0,0x04,0x40,0x02,0x80,0xCF,0xE0,0x48,0x80,0x4B,0x00,0x48,0xC0,0x4B,0x00,0x68,0x20,0x48,0xC0,0x17,0x00,0x00,0x00}},
  {0x8C1C, {0x4A,0xA0,0x01,0xC0,0x00,0x80,0xDB,0xE0,0x48,0x80,0x49,0xC0,0x4A,0xA0,0x48,0x80,0x68,0x80,0x54,0x00,0x23,0xE0,0x00,0x00}},
  {0x8C22, {0x5E,0x40,0x12,0x40,0x1E,0xE0,0xD2,0x40,0x5E,0x40,0x53,0x40,0x7E,0xC0,0x4A,0x40,0x52,0x40,0x62,0x40,0x46,0xC0,0x00,0x00}},
  {0x8C23, {0x4F,0x00,0x02,0x20,0x09,0x40,0xC4,0x00,0x47,0xC0,0x49,0x00,0x41,0x00,0x4F,0xE0,0x41,0x00,0x69,0x20,0x4F,0xE0,0x00,0x00}},
  {0x8C24, {0x5F,0xE0,0x08,0x40,0x04,0x80,0xDF,0xE0,0x52,0x20,0x41,0x00,0x5F,0xE0,0x44,0x00,0x67,0xE0,0x48,0x20,0x10,0xC0,0x00,0x00}},
  {0x8C26, {0x45,0x00,0x1F,0xE0,0x05,0x00,0xDF,0xC0,0x45,0x40,0x5F,0xE0,0x45,0x40,0x5F,0xC0,0x6D,0x80,0x55,0x40,0x05,0x20,0x00,0x00}},
  {0x8C28, {0x2F,0xE0,0x04,0x40,0x07,0xC0,0xE1,0x00,0x2F,0xE0,0x29,0x20,0x2F,0xE0,0x21,0x00,0x2F,0xE0,0x31,0x00,0x2F,0xE0,0x00,0x00}},
  {0x8C2C, {0x4A,0xA0,0x06,0x60,0x0A,0xA0,0xC1,0x00,0x46,0x80,0x59,0x60,0x46,0x00,0x40,0x80,0x4F,0x20,0x60,0xC0,0x4F,0x00,0x00,0x00}},
  {0x8C2D, {0x22,0x80,0x0F,0xE0,0x0A,0xA0,0xEF,0xE0,0x24,0x40,0x27,0xC0,0x24,0x40,0x27,0xC0,0x31,0x00,0x2F,0xE0,0x01,0x00,0x00,0x00}},
  {0x8C31, {0x2F,0xE0,0x02,0x80,0x0A,0xA0,0xE2,0x80,0x2F,0xE0,0x20,0x00,0x27,0xC0,0x24,0x40,0x37,0xC0,0x24,0x40,0x07,0xC0,0x00,0x00}},
  {0x8C34, {0x57,0xC0,0x0D,0x40,0x07,0xC0,0xC1,0x00,0x47,0xE0,0x5A,0x40,0x4B,0xC0,0x4A,0x00,0x6B,0xC0,0x4A,0x40,0x17,0xE0,0x00,0x00}},
  {0x8C37, {0x20,0x80,0x44,0x40,0x0A,0x00,0x11,0x00,0x20,0x80,0xC0,0x60,0x3F,0x80,0x20,0x80,0x20,0x80,0x3F,0x80,0x20,0x80,0x00,0x00}},
  {0x8C41, {0xFE,0x20,0x92,0x00,0x7C,0x80,0x11,0x40,0x7E,0x20,0x10,0x00,0xFF,0xC0,0x11,0x40,0x7D,0x40,0x45,0xC0,0x7D,0x40,0x00,0x00}},
  {0x8C46, {0xFF,0xE0,0x00,0x00,0x7F,0xC0,0x40,0x40,0x40,0x40,0x7F,0xC0,0x00,0x00,0x40,0x40,0x20,0x80,0x11,0x00,0xFF,0xE0,0x00,0x00}},
  {0x8C4C, {0xEF,0xE0,0x08,0x20,0xE4,0x00,0xA6,0xE0,0xAA,0xA0,0xEA,0xA0,0x16,0xE0,0xA2,0x80,0x44,0xA0,0x34,0xA0,0xC8,0x60,0x00,0x00}},
  {0x8C61, {0x3F,0x00,0x41,0x00,0xFF,0xC0,0x44,0x40,0x7F,0xC0,0x18,0x40,0x64,0x80,0x1B,0x00,0x66,0x80,0x1A,0x60,0xE6,0x00,0x00,0x00}},
  {0x8C6A, {0xFF,0xE0,0x00,0x00,0x3F,0x80,0x20,0x80,0xFF,0xE0,0x80,0x20,0x7F,0xC0,0x18,0x00,0x65,0x40,0x0A,0x80,0x76,0x60,0x00,0x00}},
  {0x8C6B, {0xF3,0xC0,0x14,0x80,0xAF,0xE0,0x45,0x20,0x27,0xE0,0xFB,0x00,0x2D,0xA0,0x22,0xC0,0x2D,0xC0,0x22,0xA0,0x6D,0x80,0x00,0x00}},
  {0x8C79, {0x41,0x00,0xA9,0xE0,0x52,0x20,0x24,0x20,0xD1,0x20,0x28,0xA0,0xD8,0xA0,0x28,0x20,0xC8,0x20,0x08,0x20,0x30,0xC0,0x00,0x00}},
  {0x8C7A, {0x40,0x40,0xA8,0x40,0x53,0xE0,0x20,0x40,0xD0,0xC0,0x28,0xC0,0xD9,0x40,0x2A,0x40,0xCC,0x40,0x08,0x40,0x30,0xC0,0x00,0x00}},
  {0x8C8C, {0x42,0x00,0xA7,0xE0,0x54,0x20,0x27,0xE0,0xD4,0x20,0x37,0xE0,0xD2,0x80,0x32,0x80,0xD2,0x80,0x14,0xA0,0x68,0x60,0x00,0x00}},
  {0x8D1D, {0x7F,0xC0,0x40,0x40,0x44,0x40,0x44,0x40,0x44,0x40,0x44,0x40,0x44,0x40,0x48,0x40,0x13,0x00,0x20,0xC0,0xC0,0x20,0x00,0x00}},
  {0x8D1E, {0x04,0x00,0x07,0xE0,0x04,0x00,0x7F,0xC0,0x40,0x40,0x44,0x40,0x44,0x40,0x44,0x40,0x0B,0x00,0x30,0xC0,0xC0,0x20,0x00,0x00}},
  {0x8D1F, {0x3F,0x00,0x41,0x00,0x82,0x00,0x7F,0xC0,0x40,0x40,0x44,0x40,0x44,0x40,0x44,0x40,0x0B,0x00,0x30,0xC0,0xC0,0x20,0x00,0x00}},
  {0x8D21, {0x04,0x00,0x04,0x00,0xFF,0xE0,0x00,0x00,0x7F,0xC0,0x40,0x40,0x44,0x40,0x44,0x40,0x0B,0x00,0x30,0xC0,0xC0,0x20,0x00,0x00}},
  {0x8D22, {0xF8,0x40,0x88,0x40,0xAB,0xE0,0xA8,0x40,0xA8,0xC0,0xA8,0xC0,0xA9,0x40,0xAA,0x40,0x24,0x40,0x50,0x40,0x88,0xC0,0x00,0x00}},
  {0x8D23, {0xFF,0xE0,0x04,0x00,0x7F,0xC0,0x04,0x00,0xFF,0xE0,0x00,0x00,0x7F,0xC0,0x44,0x40,0x44,0x40,0x1B,0x80,0xE0,0x60,0x00,0x00}},
  {0x8D24, {0x92,0x40,0x91,0x80,0x92,0x40,0x14,0x20,0x00,0x00,0x7F,0xC0,0x44,0x40,0x44,0x40,0x0B,0x00,0x30,0xC0,0xC0,0x20,0x00,0x00}},
  {0x8D25, {0xF9,0x00,0x8A,0x00,0xAB,0xE0,0xAC,0x40,0xAA,0x40,0xAA,0x40,0xAA,0x40,0xAA,0x80,0x21,0x00,0x52,0x80,0x8C,0x60,0x00,0x00}},
  {0x8D26, {0xFA,0x40,0x8A,0x80,0xAB,0x00,0xAA,0x00,0xAF,0xE0,0xAA,0x80,0xAA,0x80,0xAA,0x40,0x22,0x40,0x53,0x20,0x8A,0x00,0x00,0x00}},
  {0x8D27, {0x22,0x80,0x63,0x00,0xA2,0x20,0x2D,0xE0,0x20,0x00,0x7F,0xC0,0x44,0x40,0x44,0x40,0x0B,0x00,0x30,0xC0,0xC0,0x20,0x00,0x00}},
  {0x8D28, {0x7E,0x00,0x42,0x00,0x7F,0xE0,0x42,0x00,0x5F,0xC0,0x50,0x40,0x52,0x40,0x52,0x40,0x55,0x40,0x88,0x80,0x10,0x40,0x00,0x00}},
  {0x8D29, {0xFB,0x80,0x8A,0x00,0xAA,0x00,0xAB,0xE0,0xAA,0xA0,0xAA,0xA0,0xAA,0xA0,0xAA,0xA0,0x22,0x40,0x54,0xA0,0x89,0x20,0x00,0x00}},
  {0x8D2A, {0x0A,0x00,0x31,0x80,0xC4,0x60,0x3F,0x80,0x01,0x00,0x7F,0xC0,0x44,0x40,0x44,0x40,0x0B,0x00,0x30,0xC0,0xC0,0x20,0x00,0x00}},
  {0x8D2B, {0x40,0x40,0xBF,0xA0,0x10,0x80,0x23,0x00,0x40,0x00,0x7F,0xC0,0x44,0x40,0x44,0x40,0x0B,0x00,0x30,0xC0,0xC0,0x20,0x00,0x00}},
  {0x8D2C, {0xFB,0x80,0x88,0x00,0xA9,0x00,0xA8,0x80,0xAB,0xE0,0xA8,0x20,0xA8,0x40,0xA8,0x80,0x21,0x00,0x53,0x00,0x8C,0xE0,0x00,0x00}},
  {0x8D2D, {0xFA,0x00,0x8B,0xE0,0xAC,0x20,0xA9,0x20,0xA9,0x20,0xAA,0x20,0xAA,0xA0,0xAB,0xA0,0x20,0xA0,0x50,0x20,0x88,0xC0,0x00,0x00}},
  {0x8D2E, {0xF8,0x80,0x88,0x00,0xAB,0xE0,0xAA,0x20,0xAA,0x20,0xA8,0x00,0xA8,0x00,0xA8,0x00,0x20,0x00,0x53,0xE0,0x88,0x00,0x00,0x00}},
  {0x8D2F, {0x44,0x40,0xFF,0xE0,0x44,0x40,0x7F,0xC0,0x00,0x00,0x7F,0xC0,0x44,0x40,0x44,0x40,0x0B,0x00,0x30,0xC0,0xC0,0x20,0x00,0x00}},
  {0x8D30, {0xFF,0xE0,0x01,0x00,0x7D,0x00,0x01,0x00,0x7D,0x00,0x01,0x00,0x7D,0x00,0x44,0x80,0x54,0xA0,0x28,0x60,0x44,0x20,0x00,0x00}},
  {0x8D31, {0xF9,0x20,0x89,0xE0,0xAF,0x00,0xA9,0x00,0xA9,0xE0,0xAF,0x00,0xA9,0x40,0xA9,0x80,0x21,0x20,0x52,0xA0,0x8C,0x60,0x00,0x00}},
  {0x8D34, {0xF8,0x80,0x88,0x80,0xA8,0xE0,0xA8,0x80,0xA8,0x80,0xAB,0xE0,0xAA,0x20,0xAA,0x20,0x22,0x20,0x53,0xE0,0x8A,0x20,0x00,0x00}},
  {0x8D35, {0x7F,0xC0,0x44,0x40,0x7F,0xC0,0x04,0x00,0xFF,0xE0,0x00,0x00,0x7F,0xC0,0x44,0x40,0x44,0x40,0x1B,0x80,0xE0,0x60,0x00,0x00}},
  {0x8D37, {0x22,0x40,0x62,0xE0,0xAF,0x00,0x20,0xA0,0x20,0x60,0x7F,0xC0,0x44,0x40,0x44,0x40,0x0B,0x00,0x30,0xC0,0xC0,0x20,0x00,0x00}},
  {0x8D38, {0xE3,0xE0,0xA1,0x20,0x91,0x20,0xEA,0x60,0x00,0x00,0x7F,0xC0,0x44,0x40,0x44,0x40,0x0B,0x00,0x30,0xC0,0xC0,0x20,0x00,0x00}},
  {0x8D39, {0xFF,0xC0,0x0A,0x40,0x7F,0xC0,0x4A,0x00,0x7F,0xE0,0x12,0x20,0x7F,0xE0,0x44,0x40,0x44,0x40,0x1B,0x80,0xE0,0x60,0x00,0x00}},
  {0x8D3A, {0xFD,0xE0,0x25,0x20,0x45,0x20,0x99,0xE0,0x00,0x00,0x7F,0xC0,0x44,0x40,0x44,0x40,0x0B,0x00,0x30,0xC0,0xC0,0x20,0x00,0x00}},
  {0x8D3C, {0x88,0x80,0x8F,0xE0,0xA8,0x80,0xAA,0x80,0xAA,0xA0,0xAF,0xA0,0xAA,0xC0,0x22,0x80,0x54,0xA0,0x49,0x60,0x82,0x20,0x00,0x00}},
  {0x8D3E, {0x11,0x00,0xFF,0xE0,0x91,0x20,0xFF,0xE0,0x00,0x00,0x7F,0xC0,0x44,0x40,0x44,0x40,0x0B,0x00,0x30,0xC0,0xC0,0x20,0x00,0x00}},
  {0x8D3F, {0xF9,0x00,0x8F,0xE0,0xAA,0x00,0xAB,0xE0,0xAE,0x20,0xAB,0xE0,0xAA,0x20,0xAB,0xE0,0x22,0x20,0x52,0x20,0x8A,0x60,0x00,0x00}},
  {0x8D41, {0x27,0x00,0x61,0x00,0xAF,0xE0,0x21,0x00,0x27,0xC0,0x00,0x00,0x7F,0xC0,0x44,0x40,0x44,0x40,0x1B,0x80,0xE0,0x60,0x00,0x00}},
  {0x8D42, {0xFB,0xC0,0x8C,0x40,0xAA,0x40,0xA9,0x80,0xAA,0x40,0xAC,0x20,0xAB,0xC0,0xAA,0x40,0x22,0x40,0x53,0xC0,0x8A,0x40,0x00,0x00}},
  {0x8D43, {0xF8,0x80,0x8B,0xE0,0xAA,0x00,0xAA,0x80,0xAA,0x80,0xAB,0xE0,0xAA,0x80,0xAA,0x80,0x22,0x80,0x52,0x80,0x8D,0xE0,0x00,0x00}},
  {0x8D44, {0x27,0xE0,0x09,0x20,0x22,0x80,0xCC,0x60,0x00,0x00,0x7F,0xC0,0x44,0x40,0x44,0x40,0x0B,0x00,0x30,0xC0,0xC0,0x20,0x00,0x00}},
  {0x8D4A, {0xF8,0x80,0x89,0x40,0xAA,0x20,0xA9,0xC0,0xA8,0x00,0xAB,0xE0,0xA8,0x80,0xAA,0xC0,0x22,0xA0,0x54,0xA0,0x89,0x80,0x00,0x00}},
  {0x8D4B, {0xE6,0xC0,0xA0,0xA0,0xA0,0x80,0xAF,0xE0,0xA2,0x80,0xA2,0x80,0xAB,0x80,0x0A,0x80,0x4A,0xA0,0x4B,0x60,0xBC,0x20,0x00,0x00}},
  {0x8D4C, {0xF9,0x00,0x8B,0xA0,0xA9,0x40,0xAF,0xE0,0xA9,0x00,0xAB,0xE0,0xAE,0x20,0xAB,0xE0,0x22,0x20,0x53,0xE0,0x8A,0x20,0x00,0x00}},
  {0x8D4E, {0xFB,0xE0,0x88,0x80,0xAB,0xE0,0xA8,0x20,0xA9,0x40,0xAA,0xC0,0xA9,0x40,0xAB,0xE0,0x20,0x80,0x51,0x40,0x8A,0x20,0x00,0x00}},
  {0x8D4F, {0xFF,0xE0,0x80,0x20,0x3F,0x80,0x20,0x80,0x3F,0x80,0x00,0x00,0x7F,0xC0,0x44,0x40,0x44,0x40,0x1B,0x80,0xE0,0x60,0x00,0x00}},
  {0x8D50, {0x8A,0x20,0x8B,0xE0,0xAA,0x20,0xAB,0xE0,0xA9,0x00,0xAB,0xE0,0xAD,0x60,0x22,0xA0,0x54,0xA0,0x49,0x20,0x82,0xC0,0x00,0x00}},
  {0x8D54, {0xFB,0xE0,0x88,0x00,0xAA,0x20,0xA9,0x40,0xAB,0xE0,0xA8,0x00,0xAB,0xE0,0xAA,0x20,0x22,0x20,0x53,0xE0,0x8A,0x20,0x00,0x00}},
  {0x8D56, {0x21,0xC0,0xFA,0x40,0x24,0x80,0xFB,0xE0,0xAA,0x20,0xFA,0xA0,0x22,0xA0,0x72,0xA0,0xA9,0x40,0x22,0x20,0x24,0x20,0x00,0x00}},
  {0x8D58, {0x7D,0xE0,0x12,0x40,0xFD,0x40,0x20,0x80,0x79,0x40,0x8A,0x20,0x3F,0x80,0x24,0x80,0x24,0x80,0x1B,0x00,0xE0,0xC0,0x00,0x00}},
  {0x8D5A, {0xE5,0x00,0x9F,0xE0,0x85,0x00,0xAF,0xC0,0xA5,0x40,0xBF,0xE0,0xA5,0x40,0xAF,0xC0,0x2D,0x80,0x55,0x40,0x95,0x20,0x00,0x00}},
  {0x8D5B, {0xFF,0xE0,0x91,0x20,0x7F,0xC0,0x11,0x00,0xFF,0xE0,0x20,0x80,0x7F,0xC0,0xA4,0xA0,0x24,0x80,0x0B,0x00,0x30,0x80,0x00,0x00}},
  {0x8D5E, {0x7B,0xE0,0x94,0x80,0x7B,0xE0,0x31,0x80,0x5A,0xA0,0x94,0x60,0x7F,0xC0,0x44,0x40,0x44,0x40,0x1B,0x80,0xE0,0x60,0x00,0x00}},
  {0x8D60, {0xFF,0xE0,0x89,0x20,0xAD,0x60,0xA9,0x20,0xAF,0xE0,0xA8,0x00,0xAF,0xC0,0xAC,0x40,0x27,0xC0,0x54,0x40,0x8F,0xC0,0x00,0x00}},
  {0x8D61, {0xE8,0x80,0xAF,0xE0,0xAA,0x40,0xAD,0x20,0xAB,0xC0,0xA8,0x00,0xAB,0xC0,0x08,0x00,0x4B,0xC0,0x4A,0x40,0xB3,0xC0,0x00,0x00}},
  {0x8D62, {0xFF,0xE0,0x40,0x00,0x7F,0xC0,0x00,0x00,0xE0,0xE0,0xAF,0xA0,0xE8,0xA0,0xAA,0xE0,0xEA,0xA0,0xA6,0xA0,0x69,0x20,0x00,0x00}},
  {0x8D64, {0x04,0x00,0x7F,0xC0,0x04,0x00,0x04,0x00,0xFF,0xE0,0x11,0x00,0x51,0x40,0x51,0x20,0x91,0x20,0x21,0x00,0x43,0x00,0x00,0x00}},
  {0x8D66, {0x11,0x00,0x79,0x00,0x11,0xE0,0x12,0x40,0xFD,0x40,0x29,0x40,0x69,0x40,0xAC,0x80,0x28,0x80,0x49,0x40,0x9A,0x20,0x00,0x00}},
  {0x8D6B, {0x20,0x80,0xFB,0xE0,0x20,0x80,0x20,0x80,0xFB,0xE0,0x51,0x40,0xDB,0x40,0x55,0x60,0x51,0x40,0x51,0x40,0xB2,0xC0,0x00,0x00}},
  {0x8D70, {0x04,0x00,0x7F,0xC0,0x04,0x00,0x04,0x00,0xFF,0xE0,0x04,0x00,0x24,0x00,0x27,0xC0,0x24,0x00,0x54,0x00,0x8F,0xE0,0x00,0x00}},
  {0x8D74, {0x11,0x00,0x79,0x00,0x11,0x80,0x11,0x40,0xFD,0x20,0x11,0x20,0x51,0x00,0x5D,0x00,0x51,0x00,0x70,0x00,0x9F,0xE0,0x00,0x00}},
  {0x8D75, {0x12,0x20,0x79,0x20,0x11,0x40,0x11,0x40,0xFC,0x80,0x10,0x80,0x51,0x40,0x5D,0x20,0x52,0x20,0x70,0x00,0x9F,0xE0,0x00,0x00}},
  {0x8D76, {0x13,0xE0,0x78,0x80,0x10,0x80,0x10,0x80,0xFC,0x80,0x13,0xE0,0x50,0x80,0x5C,0x80,0x50,0x80,0x70,0x80,0x9F,0xE0,0x00,0x00}},
  {0x8D77, {0x13,0xC0,0x78,0x40,0x10,0x40,0x13,0xC0,0xFA,0x00,0x12,0x00,0x52,0x20,0x5A,0x20,0x51,0xE0,0x70,0x00,0x9F,0xE0,0x00,0x00}},
  {0x8D81, {0x11,0x00,0x7A,0x80,0x12,0x40,0x14,0xA0,0xFB,0x00,0x10,0x40,0x53,0x80,0x58,0x40,0x53,0x80,0x70,0x00,0x9F,0xE0,0x00,0x00}},
  {0x8D85, {0x13,0xE0,0x79,0x20,0x11,0x20,0x12,0x60,0xFC,0x00,0x13,0xE0,0x52,0x20,0x5E,0x20,0x53,0xE0,0x70,0x00,0x9F,0xE0,0x00,0x00}},
  {0x8D8A, {0x20,0x80,0xF7,0xE0,0x24,0x80,0x24,0xA0,0xF5,0xA0,0x26,0xC0,0xA4,0xA0,0xB1,0x60,0xA2,0x20,0xE0,0x00,0xBF,0xE0,0x00,0x00}},
  {0x8D8B, {0x11,0x00,0x7B,0xE0,0x12,0x20,0x14,0x40,0xFB,0xE0,0x10,0x20,0x53,0xE0,0x58,0x20,0x53,0xE0,0x70,0x00,0x9F,0xE0,0x00,0x00}},
  {0x8D9F, {0x25,0x40,0xF1,0x00,0x2F,0xE0,0x28,0x20,0xFB,0xA0,0x2A,0xA0,0xAB,0xA0,0xB8,0x20,0xA8,0x60,0xE0,0x00,0xBF,0xE0,0x00,0x00}},
  {0x8DA3, {0x2A,0xE0,0xFA,0x20,0x2E,0xA0,0x2A,0xA0,0xFE,0xA0,0x2A,0x40,0xAB,0x40,0xBE,0xA0,0xA3,0x20,0xE2,0x00,0xBF,0xE0,0x00,0x00}},
  {0x8DB3, {0x40,0x40,0x40,0x40,0x40,0x40,0x7F,0xC0,0x04,0x00,0x04,0x00,0x27,0xC0,0x24,0x00,0x24,0x00,0x54,0x00,0x8F,0xE0,0x00,0x00}},
  {0x8DB4, {0xF4,0x80,0x94,0x80,0x94,0x80,0xF4,0x80,0x24,0x80,0x34,0x80,0xA4,0x80,0xA4,0x80,0xB8,0x40,0xC8,0x40,0x10,0x20,0x00,0x00}},
  {0x8DBE, {0xF0,0x80,0x90,0x80,0x94,0x80,0xF4,0xE0,0x24,0x80,0x24,0x80,0xB4,0x80,0xA4,0x80,0xA4,0x80,0xB4,0x80,0xCF,0xE0,0x00,0x00}},
  {0x8DC3, {0xF7,0x00,0x91,0x00,0x91,0x00,0xF1,0x00,0x27,0xE0,0x31,0x00,0xA1,0x00,0xA2,0x80,0xB2,0x80,0xC4,0x40,0x08,0x20,0x00,0x00}},
  {0x8DCB, {0xF2,0x40,0x92,0x00,0x9F,0xE0,0xF2,0x00,0x23,0xE0,0x35,0x20,0xA5,0x20,0xA5,0x40,0xB8,0x80,0xC9,0x40,0x12,0x20,0x00,0x00}},
  {0x8DCC, {0xF1,0x00,0x95,0x00,0x97,0xC0,0xF9,0x00,0x21,0x00,0x2F,0xE0,0xB1,0x00,0xA2,0x80,0xA2,0x80,0xB4,0x40,0xC8,0x20,0x00,0x00}},
  {0x8DD1, {0xF2,0x00,0x97,0xE0,0x98,0x20,0xF7,0xA0,0x24,0xA0,0x24,0xA0,0xB7,0xA0,0xA4,0x60,0xA4,0x00,0xB4,0x20,0xC3,0xE0,0x00,0x00}},
  {0x8DDB, {0xF0,0x80,0x97,0xE0,0x94,0xA0,0xF4,0x80,0x27,0xC0,0x35,0x40,0xA5,0x40,0xA5,0x40,0xB4,0x80,0xC9,0x40,0x12,0x20,0x00,0x00}},
  {0x8DDD, {0x7B,0xE0,0x4A,0x00,0x4A,0x00,0x7B,0xE0,0x12,0x20,0x12,0x20,0x5A,0x20,0x53,0xE0,0x52,0x00,0x5A,0x00,0xE3,0xE0,0x00,0x00}},
  {0x8DDF, {0x94,0x40,0x94,0x40,0xF7,0xC0,0x24,0x40,0x24,0x40,0xB7,0xC0,0xA5,0x20,0xA5,0x40,0xB4,0x80,0xC6,0x40,0x04,0x20,0x00,0x00}},
  {0x8DE8, {0xF7,0xE0,0x92,0x80,0x94,0x40,0xFB,0xA0,0x20,0x00,0x2F,0xE0,0xB4,0x00,0xA7,0xC0,0xA0,0x40,0xB0,0x40,0xC1,0x80,0x00,0x00}},
  {0x8DEA, {0xF3,0xC0,0x94,0x40,0x98,0x80,0xF7,0xE0,0x24,0x00,0x35,0xE0,0xA5,0x20,0xA5,0x60,0xB5,0x00,0xC5,0x20,0x08,0xE0,0x00,0x00}},
  {0x8DEF, {0xF3,0xC0,0x94,0x40,0x9A,0x80,0xF1,0x00,0x22,0x80,0x2C,0x60,0xB7,0xC0,0xA4,0x40,0xA4,0x40,0xB7,0xC0,0xC4,0x40,0x00,0x00}},
  {0x8DF3, {0x92,0x80,0x9A,0xA0,0xF6,0xC0,0x22,0x80,0x22,0x80,0xB6,0xC0,0xAA,0xA0,0xA2,0x80,0xB2,0xA0,0xC4,0xA0,0x08,0x60,0x00,0x00}},
  {0x8DF5, {0xF1,0x20,0x91,0xE0,0x97,0x00,0xF1,0x00,0x21,0xE0,0x27,0x00,0xB1,0x40,0xA1,0x80,0xA1,0x20,0xB2,0xA0,0xCC,0x60,0x00,0x00}},
  {0x8DF7, {0xF3,0xC0,0x9E,0x00,0x92,0xA0,0xF1,0x20,0x26,0xE0,0x30,0x00,0xAF,0xE0,0xA2,0x80,0xB2,0x80,0xC4,0xA0,0x08,0x60,0x00,0x00}},
  {0x8DFA, {0x94,0x40,0x94,0x40,0xF4,0x40,0x29,0x20,0x21,0x00,0xB7,0xE0,0xA1,0x00,0xA3,0x80,0xB5,0x40,0xC9,0x20,0x01,0x00,0x00,0x00}},
  {0x8E0A, {0x90,0x40,0x92,0x80,0xF1,0x00,0x27,0xE0,0x25,0x20,0xB7,0xE0,0xA5,0x20,0xA7,0xE0,0xB5,0x20,0xC5,0x20,0x04,0x60,0x00,0x00}},
  {0x8E0F, {0xED,0xA0,0xA5,0x40,0xA5,0x40,0xEB,0x20,0x20,0x00,0x2F,0xE0,0xB8,0x20,0xAF,0xE0,0xA8,0x20,0xBF,0xE0,0xC8,0x20,0x00,0x00}},
  {0x8E22, {0x94,0x40,0x97,0xC0,0xF4,0x40,0x27,0xC0,0x22,0x00,0xB7,0xE0,0xAA,0xA0,0xA4,0xA0,0xB9,0x20,0xC2,0x20,0x04,0xC0,0x00,0x00}},
  {0x8E29, {0xEF,0x00,0xA2,0x20,0xA9,0x20,0xE4,0x40,0x21,0x00,0x2F,0xE0,0xB1,0x00,0xA3,0x80,0xA5,0x40,0xB9,0x20,0xC1,0x00,0x00,0x00}},
  {0x8E2A, {0xF7,0xE0,0x94,0x20,0x90,0x00,0xF7,0xC0,0x20,0x00,0x20,0x00,0xB7,0xE0,0xA1,0x00,0xA5,0x40,0xB9,0x20,0xC3,0x00,0x00,0x00}},
  {0x8E31, {0xF7,0xE0,0x95,0x40,0x97,0xE0,0xF5,0x40,0x25,0xC0,0x34,0x00,0xA7,0xE0,0xA5,0x20,0xB5,0x40,0xC4,0x80,0x0B,0x60,0x00,0x00}},
  {0x8E42, {0x91,0x40,0x90,0x80,0xF7,0xE0,0x21,0xA0,0x22,0x80,0xB5,0x80,0xA1,0x00,0xA7,0xE0,0xB3,0x80,0xC5,0x40,0x09,0x20,0x00,0x00}},
  {0x8E44, {0x9F,0xE0,0x94,0x40,0xF2,0x80,0x2F,0xE0,0x29,0x20,0xB7,0xC0,0xA5,0x40,0xA5,0x40,0xB5,0xC0,0xC1,0x00,0x01,0x00,0x00,0x00}},
  {0x8E48, {0xF7,0x00,0x91,0x20,0x94,0xA0,0xF2,0x40,0x21,0x00,0x26,0x60,0xB4,0x20,0xA6,0x60,0xA4,0x20,0xB7,0xE0,0xC4,0x20,0x00,0x00}},
  {0x8E4B, {0xF4,0x40,0x97,0xC0,0x94,0x40,0xF7,0xC0,0x20,0x00,0x2E,0xE0,0xB2,0x20,0xAA,0xA0,0xA6,0x60,0xBA,0xA0,0xC6,0x60,0x00,0x00}},
  {0x8E66, {0xE9,0x20,0xAF,0xE0,0xA0,0x00,0xEE,0xE0,0x2A,0xA0,0x3E,0xE0,0xAA,0xA0,0xAE,0xE0,0xBA,0xA0,0xCA,0xA0,0x17,0x60,0x00,0x00}},
  {0x8E6C, {0xF2,0xC0,0x9A,0xA0,0x94,0x40,0xF7,0xC0,0x28,0x20,0x27,0xC0,0xB4,0x40,0xA7,0xC0,0xA4,0x40,0xB2,0x80,0xCF,0xE0,0x00,0x00}},
  {0x8E6D, {0xEF,0xE0,0xA9,0x20,0xAD,0x60,0xE9,0x20,0x2F,0xE0,0x30,0x00,0xA7,0xC0,0xA4,0x40,0xB7,0xC0,0xC4,0x40,0x07,0xC0,0x00,0x00}},
  {0x8E72, {0xEF,0xE0,0xA2,0x80,0xAF,0xE0,0xEA,0xA0,0x2C,0xE0,0x3B,0x20,0xAF,0xE0,0xA0,0x40,0xBF,0xE0,0xC4,0x40,0x02,0xC0,0x00,0x00}},
  {0x8E81, {0x94,0x40,0x97,0xC0,0xF0,0x00,0x2E,0xE0,0x2A,0xA0,0xBE,0xE0,0xA1,0x00,0xAF,0xE0,0xB3,0x80,0xC5,0x40,0x09,0x20,0x00,0x00}},
  {0x8E8F, {0xEF,0xE0,0xA2,0x80,0xAB,0xE0,0xE1,0x20,0x2A,0xA0,0x3B,0xE0,0xAE,0xA0,0xAB,0xE0,0xBA,0xA0,0xCB,0xE0,0x0A,0x20,0x00,0x00}},
  {0x8EAB, {0x3F,0x80,0x20,0x80,0x3F,0x80,0x20,0x80,0x3F,0xA0,0x20,0xC0,0xFF,0x80,0x06,0x80,0x18,0x80,0xE0,0x80,0x03,0x80,0x00,0x00}},
  {0x8EAC, {0x7B,0xE0,0x48,0x20,0x78,0x20,0x4B,0xE0,0x7A,0x00,0x4A,0x00,0xFB,0xE0,0x28,0x20,0x48,0x20,0x88,0x20,0x18,0xC0,0x00,0x00}},
  {0x8EAF, {0x77,0xE0,0x54,0x00,0x76,0x40,0x55,0x40,0x75,0x40,0x54,0x80,0xF4,0x80,0x35,0x40,0x56,0x40,0x94,0x00,0x37,0xE0,0x00,0x00}},
  {0x8EB2, {0x7B,0x80,0x4A,0x80,0x7A,0x80,0x4C,0x60,0x79,0x00,0x4F,0xE0,0xF9,0x00,0x2B,0x80,0x4D,0x40,0x89,0x20,0x19,0x00,0x00,0x00}},
  {0x8EBA, {0x75,0x20,0x53,0x40,0x71,0x00,0x57,0xE0,0x74,0x20,0x55,0xE0,0xF5,0x60,0x35,0x60,0x55,0xE0,0x94,0x20,0x34,0x60,0x00,0x00}},
  {0x8F66, {0x08,0x00,0xFF,0xE0,0x10,0x00,0x24,0x00,0x44,0x00,0x7F,0xC0,0x04,0x00,0x04,0x00,0xFF,0xE0,0x04,0x00,0x04,0x00,0x00,0x00}},
  {0x8F67, {0x11,0x00,0xFD,0x00,0x21,0x00,0x21,0x00,0x51,0x00,0x7D,0x00,0x11,0x00,0x1D,0x00,0xF1,0x20,0x11,0x20,0x10,0xE0,0x00,0x00}},
  {0x8F68, {0x22,0x00,0xFA,0x00,0x47,0x80,0xA2,0x80,0xA2,0x80,0xFA,0x80,0x22,0x80,0x3A,0x80,0xE4,0xA0,0x24,0xA0,0x28,0x60,0x00,0x00}},
  {0x8F69, {0x27,0xC0,0xF1,0x00,0x41,0x00,0xA1,0x00,0xF1,0x00,0x2F,0xE0,0x31,0x00,0xE1,0x00,0x21,0x00,0x21,0x00,0x21,0x00,0x00,0x00}},
  {0x8F6C, {0x41,0x00,0xEF,0xC0,0x42,0x00,0xA2,0x00,0xAF,0xE0,0xF4,0x00,0x27,0xC0,0x30,0x40,0xE6,0x80,0x21,0x80,0x20,0x40,0x00,0x00}},
  {0x8F6E, {0x21,0x00,0xF2,0x80,0x44,0x40,0x68,0x20,0xA4,0x00,0xF4,0x40,0x25,0x80,0x36,0x00,0xE4,0x20,0x24,0x20,0x23,0xE0,0x00,0x00}},
  {0x8F6F, {0x22,0x00,0xF3,0xE0,0x44,0x20,0x64,0x40,0xA9,0x00,0xF1,0x00,0x21,0x00,0x32,0x80,0xE2,0x80,0x24,0x40,0x28,0x20,0x00,0x00}},
  {0x8F70, {0x7F,0xC0,0x14,0x00,0x3F,0x80,0x04,0x00,0xFF,0xE0,0x04,0x00,0x7B,0xC0,0x0A,0x40,0x2A,0x40,0x11,0x80,0x6A,0x60,0x00,0x00}},
  {0x8F74, {0x21,0x00,0xF1,0x00,0x4F,0xE0,0xA9,0x20,0xF9,0x20,0x2F,0xE0,0x39,0x20,0xE9,0x20,0x29,0x20,0x2F,0xE0,0x28,0x20,0x00,0x00}},
  {0x8F7B, {0x27,0xC0,0xF0,0x80,0x41,0x00,0xA2,0x80,0xF4,0x40,0x28,0x20,0x37,0xC0,0xE1,0x00,0x21,0x00,0x21,0x00,0x2F,0xE0,0x00,0x00}},
  {0x8F7D, {0x7D,0x20,0x11,0x00,0xFF,0xE0,0x21,0x00,0xFD,0x40,0x51,0x40,0x7D,0x40,0x10,0x80,0x1C,0xA0,0xF1,0x60,0x12,0x20,0x00,0x00}},
  {0x8F7F, {0x27,0x00,0xF1,0x00,0x4F,0xE0,0x62,0x80,0xA4,0x40,0xF8,0x20,0x24,0x40,0x34,0x40,0xE4,0x40,0x24,0x40,0x28,0x40,0x00,0x00}},
  {0x8F83, {0x21,0x00,0xF7,0xE0,0x40,0x00,0x62,0x80,0xA4,0x40,0xFA,0xA0,0x22,0x80,0x32,0x80,0xE1,0x00,0x22,0x80,0x2C,0x60,0x00,0x00}},
  {0x8F85, {0x41,0x20,0xEF,0xE0,0x41,0x00,0xAF,0xE0,0xA9,0x20,0xFF,0xE0,0x29,0x20,0x3F,0xE0,0xE9,0x20,0x29,0x20,0x28,0x60,0x00,0x00}},
  {0x8F86, {0x2F,0xE0,0xF2,0x80,0x42,0x80,0xAF,0xE0,0xFA,0xA0,0x2A,0xA0,0x3A,0xA0,0xED,0x60,0x28,0x20,0x28,0x20,0x28,0x60,0x00,0x00}},
  {0x8F88, {0xF1,0xE0,0x11,0x00,0xF1,0xE0,0x11,0x00,0x08,0x00,0x7F,0xC0,0x14,0x00,0x3F,0x80,0x04,0x00,0xFF,0xE0,0x04,0x00,0x00,0x00}},
  {0x8F89, {0x25,0x20,0xA9,0x00,0x77,0xE0,0x21,0x00,0xFA,0x80,0x53,0xE0,0x50,0x80,0x50,0x80,0x57,0xE0,0x58,0x80,0x90,0x80,0x00,0x00}},
  {0x8F90, {0x20,0x00,0xF7,0xC0,0x44,0x40,0xA7,0xC0,0xF0,0x00,0x2F,0xE0,0x39,0x20,0xEF,0xE0,0x29,0x20,0x2F,0xE0,0x28,0x20,0x00,0x00}},
  {0x8F91, {0x24,0x40,0xF7,0xC0,0x40,0x00,0x6F,0xE0,0xA4,0x40,0xF7,0xC0,0x24,0x40,0x37,0xC0,0xE4,0x60,0x2F,0xC0,0x20,0x40,0x00,0x00}},
  {0x8F93, {0x22,0x80,0xF4,0x40,0x4B,0xA0,0xA0,0x00,0xFE,0x20,0x2A,0xA0,0x3E,0xA0,0xEA,0xA0,0x2E,0xA0,0x2A,0x20,0x2A,0x60,0x00,0x00}},
  {0x8F95, {0x27,0xE0,0xF1,0x00,0x4F,0xE0,0xA0,0x00,0xF7,0xE0,0x24,0x20,0x37,0xE0,0xE2,0x80,0x26,0xA0,0x2A,0x40,0x23,0x20,0x00,0x00}},
  {0x8F96, {0x2F,0xE0,0xF9,0x20,0x47,0xC0,0x61,0x00,0xA7,0xC0,0xF1,0x00,0x2F,0xE0,0x31,0x00,0xE7,0xC0,0x24,0x40,0x27,0xC0,0x00,0x00}},
  {0x8F99, {0x5F,0x40,0xEA,0x80,0x5E,0xE0,0xA1,0x20,0xAE,0xA0,0xFA,0xA0,0x2E,0xA0,0x3A,0x40,0xEE,0x40,0x2A,0xA0,0x2B,0x20,0x00,0x00}},
  {0x8F9B, {0x04,0x00,0x7F,0xC0,0x20,0x80,0x11,0x00,0xFF,0xE0,0x04,0x00,0x04,0x00,0x7F,0xC0,0x04,0x00,0x04,0x00,0x04,0x00,0x00,0x00}},
  {0x8F9C, {0xFF,0xE0,0x04,0x00,0x7F,0xC0,0x40,0x40,0x7F,0xC0,0x04,0x00,0x7F,0xC0,0x11,0x00,0xFF,0xE0,0x04,0x00,0x04,0x00,0x00,0x00}},
  {0x8F9E, {0xE0,0x80,0x23,0xE0,0x20,0x00,0xFA,0x20,0x21,0x40,0x27,0xE0,0xF8,0x80,0x8B,0xE0,0x88,0x80,0xF8,0x80,0x88,0x80,0x00,0x00}},
  {0x8F9F, {0x71,0x00,0x57,0xC0,0x50,0x00,0x74,0x40,0x42,0x80,0x4F,0xE0,0x71,0x00,0xD7,0xC0,0x51,0x00,0x71,0x00,0x51,0x00,0x00,0x00}},
  {0x8FA3, {0x21,0x00,0xF7,0xE0,0x01,0x00,0x57,0xE0,0x25,0x20,0xF7,0xE0,0x21,0x00,0x73,0x80,0x25,0x40,0x29,0x20,0x41,0x00,0x00,0x00}},
  {0x8FA8, {0x24,0x80,0xF5,0xC0,0x04,0x00,0x55,0x40,0x2C,0x80,0xF7,0xE0,0x24,0x80,0x75,0xC0,0x24,0x80,0x24,0x80,0x48,0x80,0x00,0x00}},
  {0x8FA9, {0x24,0x80,0xF1,0xC0,0x0C,0x00,0x55,0x40,0x24,0x80,0xF7,0xE0,0x24,0x80,0x75,0xC0,0x26,0x80,0x24,0x80,0x40,0x80,0x00,0x00}},
  {0x8FAB, {0x44,0x40,0xE8,0xE0,0x0A,0x00,0xAC,0xA0,0x44,0x40,0xE8,0xE0,0x4E,0x40,0xE0,0xE0,0x42,0x40,0x4C,0x40,0x80,0x40,0x00,0x00}},
  {0x8FB0, {0x7F,0xE0,0x40,0x00,0x5F,0xC0,0x40,0x00,0x7F,0xE0,0x49,0x00,0x49,0x20,0x49,0x40,0x48,0x80,0x4C,0x40,0x88,0x20,0x00,0x00}},
  {0x8FB1, {0x40,0x00,0x5F,0xC0,0x40,0x00,0x7F,0xE0,0x52,0x40,0x51,0x80,0x98,0x60,0x00,0x80,0xFF,0xE0,0x20,0x80,0x11,0x80,0x00,0x00}},
  {0x8FB9, {0x22,0x00,0x02,0x00,0x0F,0xE0,0xE2,0x20,0x22,0x20,0x22,0x20,0x24,0x20,0x24,0x20,0x29,0xC0,0x50,0x00,0x8F,0xE0,0x00,0x00}},
  {0x8FBD, {0x2F,0xE0,0x00,0x20,0x00,0x40,0xE1,0x80,0x21,0x00,0x21,0x00,0x21,0x00,0x21,0x00,0x23,0x00,0x50,0x00,0x8F,0xE0,0x00,0x00}},
  {0x8FBE, {0x21,0x00,0x01,0x00,0x0F,0xE0,0xE1,0x00,0x21,0x00,0x22,0x80,0x22,0x40,0x24,0x20,0x28,0x20,0x50,0x00,0x8F,0xE0,0x00,0x00}},
  {0x8FC1, {0x27,0x00,0x01,0x00,0x01,0x00,0xE1,0x00,0x2F,0xE0,0x21,0x00,0x21,0x00,0x21,0x00,0x21,0x00,0x51,0x00,0x8F,0xE0,0x00,0x00}},
  {0x8FC2, {0x4F,0xE0,0x01,0x00,0x01,0x00,0xC1,0x00,0x5F,0xE0,0x41,0x00,0x41,0x00,0x41,0x00,0x47,0x00,0x40,0x00,0xBF,0xE0,0x00,0x00}},
  {0x8FC4, {0x24,0x00,0x0F,0xE0,0x10,0x00,0xE7,0xC0,0x20,0x80,0x21,0x00,0x22,0x20,0x24,0x20,0x27,0xE0,0x50,0x00,0x8F,0xE0,0x00,0x00}},
  {0x8FC5, {0x5F,0x80,0x04,0x80,0x04,0x80,0x04,0x80,0xDF,0x80,0x44,0x80,0x44,0xA0,0x44,0x60,0x44,0x20,0x40,0x00,0xBF,0xE0,0x00,0x00}},
  {0x8FC7, {0x20,0x40,0x00,0x40,0x0F,0xE0,0xE0,0x40,0x24,0x40,0x22,0x40,0x22,0x40,0x20,0x40,0x21,0xC0,0x50,0x00,0x8F,0xE0,0x00,0x00}},
  {0x8FC8, {0x5F,0xE0,0x04,0x00,0x04,0x00,0x07,0xC0,0xC4,0x40,0x44,0x40,0x48,0x40,0x48,0x40,0x51,0x80,0x40,0x00,0xBF,0xE0,0x00,0x00}},
  {0x8FCE, {0x59,0xE0,0x11,0x20,0x11,0x20,0xD1,0x20,0x51,0x20,0x55,0x20,0x59,0x20,0x51,0x60,0x41,0x00,0x41,0x00,0xBF,0xE0,0x00,0x00}},
  {0x8FD0, {0x27,0xC0,0x00,0x00,0x00,0x00,0xEF,0xE0,0x21,0x00,0x22,0x00,0x24,0x40,0x2F,0xE0,0x20,0x20,0x50,0x00,0x8F,0xE0,0x00,0x00}},
  {0x8FD1, {0x27,0x00,0x04,0x00,0x04,0x00,0xE7,0xE0,0x24,0x80,0x24,0x80,0x24,0x80,0x24,0x80,0x28,0x80,0x50,0x00,0x8F,0xE0,0x00,0x00}},
  {0x8FD4, {0x2F,0x00,0x08,0x00,0x0F,0xE0,0xE8,0x20,0x2A,0x20,0x29,0x40,0x28,0x80,0x29,0x40,0x32,0x20,0x50,0x00,0x8F,0xE0,0x00,0x00}},
  {0x8FD8, {0x2F,0xE0,0x00,0x80,0x01,0x00,0xE3,0x40,0x25,0x20,0x29,0x20,0x21,0x00,0x21,0x00,0x21,0x00,0x50,0x00,0x8F,0xE0,0x00,0x00}},
  {0x8FD9, {0x21,0x00,0x0F,0xE0,0x00,0x40,0xE4,0x40,0x22,0x80,0x21,0x00,0x22,0x80,0x24,0x40,0x28,0x20,0x50,0x00,0x8F,0xE0,0x00,0x00}},
  {0x8FDB, {0x24,0x80,0x0F,0xC0,0x04,0x80,0xE4,0x80,0x24,0x80,0x3F,0xE0,0x24,0x80,0x24,0x80,0x28,0x80,0x50,0x00,0x8F,0xE0,0x00,0x00}},
  {0x8FDC, {0x4F,0xC0,0x00,0x00,0x00,0x00,0x1F,0xE0,0xC4,0x80,0x44,0x80,0x44,0x80,0x48,0xA0,0x50,0x60,0x40,0x00,0xBF,0xE0,0x00,0x00}},
  {0x8FDD, {0x42,0x00,0x1F,0xE0,0x02,0x00,0xDF,0xC0,0x42,0x00,0x7F,0xE0,0x42,0x20,0x42,0x20,0x42,0xC0,0x42,0x00,0xBF,0xE0,0x00,0x00}},
  {0x8FDE, {0x42,0x00,0x1F,0xE0,0x04,0x00,0x09,0x00,0xCF,0xC0,0x41,0x00,0x41,0x00,0x5F,0xE0,0x41,0x00,0x41,0x00,0xBF,0xE0,0x00,0x00}},
  {0x8FDF, {0x24,0x20,0x04,0x20,0x04,0x20,0xE7,0xE0,0x24,0x80,0x24,0x40,0x24,0x40,0x24,0x20,0x28,0x20,0x50,0x00,0x8F,0xE0,0x00,0x00}},
  {0x8FEB, {0x22,0x00,0x0F,0xE0,0x08,0x20,0xE8,0x20,0x2F,0xE0,0x28,0x20,0x28,0x20,0x2F,0xE0,0x20,0x00,0x50,0x00,0x8F,0xE0,0x00,0x00}},
  {0x8FF0, {0x21,0x20,0x01,0x00,0x0F,0xE0,0xE1,0x00,0x23,0x80,0x25,0x40,0x29,0x20,0x21,0x00,0x21,0x00,0x50,0x00,0x8F,0xE0,0x00,0x00}},
  {0x8FF7, {0x29,0x20,0x05,0x40,0x01,0x00,0xEF,0xE0,0x21,0x00,0x23,0x80,0x25,0x40,0x29,0x20,0x21,0x00,0x51,0x00,0x8F,0xE0,0x00,0x00}},
  {0x8FF9, {0x41,0x00,0x1F,0xE0,0x04,0x80,0xC4,0x80,0x54,0xC0,0x54,0xA0,0x64,0xA0,0x48,0x80,0x51,0x80,0x40,0x00,0xBF,0xE0,0x00,0x00}},
  {0x8FFD, {0x44,0x00,0x1F,0xC0,0x10,0x40,0xDF,0xC0,0x50,0x00,0x5F,0xC0,0x50,0x40,0x50,0x40,0x5F,0xC0,0x40,0x00,0xBF,0xE0,0x00,0x00}},
  {0x9000, {0x28,0x40,0x0F,0xC0,0x08,0x40,0xEF,0xC0,0x2A,0x20,0x29,0x40,0x2A,0x80,0x2C,0x40,0x28,0x40,0x50,0x00,0x8F,0xE0,0x00,0x00}},
  {0x9001, {0x45,0x00,0x00,0x00,0x1F,0xC0,0xC2,0x00,0x42,0x00,0x7F,0xE0,0x42,0x00,0x45,0x00,0x48,0x80,0x50,0x40,0xBF,0xE0,0x00,0x00}},
  {0x9002, {0x27,0x00,0x01,0x00,0x01,0x00,0xEF,0xE0,0x21,0x00,0x27,0xC0,0x24,0x40,0x24,0x40,0x27,0xC0,0x50,0x00,0x8F,0xE0,0x00,0x00}},
  {0x9003, {0x45,0x00,0x15,0x40,0x0D,0x80,0xC5,0x00,0x4D,0x80,0x55,0x40,0x45,0x00,0x49,0x20,0x50,0xE0,0x40,0x00,0xBF,0xE0,0x00,0x00}},
  {0x9006, {0x45,0x00,0x3F,0xE0,0x02,0x00,0xD2,0x40,0x52,0x40,0x52,0x40,0x5F,0xC0,0x42,0x00,0x44,0x00,0x48,0x00,0xBF,0xE0,0x00,0x00}},
  {0x9009, {0x25,0x00,0x07,0xC0,0x09,0x00,0xE1,0x00,0x2F,0xE0,0x22,0x80,0x22,0x80,0x24,0xA0,0x28,0x60,0x50,0x00,0x8F,0xE0,0x00,0x00}},
  {0x900A, {0x5C,0x80,0x04,0x80,0x08,0x80,0x0A,0xC0,0xCE,0xA0,0x7A,0xA0,0x4C,0xA0,0x48,0x80,0x59,0x80,0x40,0x00,0xBF,0xE0,0x00,0x00}},
  {0x900F, {0x4F,0x80,0x02,0x00,0x1F,0xE0,0xCA,0x80,0x52,0x40,0x4F,0x80,0x44,0x80,0x45,0xC0,0x48,0x40,0x51,0x80,0xBF,0xE0,0x00,0x00}},
  {0x9010, {0x5F,0xE0,0x04,0x00,0x0A,0x20,0xD3,0x40,0x45,0x80,0x5B,0x40,0x45,0x20,0x59,0x20,0x46,0x00,0x40,0x00,0xBF,0xE0,0x00,0x00}},
  {0x9012, {0x45,0x00,0x1F,0xC0,0x02,0x40,0xDF,0xC0,0x52,0x00,0x5F,0xE0,0x46,0x20,0x4A,0x20,0x52,0xC0,0x42,0x00,0xBF,0xE0,0x00,0x00}},
  {0x9014, {0x22,0x80,0x04,0x40,0x0B,0xA0,0xE1,0x00,0x2F,0xE0,0x21,0x00,0x25,0x40,0x29,0x20,0x23,0x00,0x50,0x00,0x8F,0xE0,0x00,0x00}},
  {0x9017, {0x2F,0xE0,0x00,0x00,0x07,0xC0,0xE4,0x40,0x27,0xC0,0x20,0x00,0x24,0x40,0x22,0x80,0x2F,0xE0,0x50,0x00,0x8F,0xE0,0x00,0x00}},
  {0x901A, {0x44,0x80,0x03,0x00,0x1F,0xC0,0xD2,0x40,0x5F,0xC0,0x52,0x40,0x5F,0xC0,0x52,0x40,0x52,0xC0,0x40,0x00,0xBF,0xE0,0x00,0x00}},
  {0x901B, {0x4B,0xE0,0x14,0x80,0x04,0x80,0xC4,0x80,0x4D,0xC0,0x54,0x80,0x44,0x80,0x44,0x80,0x5B,0xE0,0x40,0x00,0xBF,0xE0,0x00,0x00}},
  {0x901D, {0x49,0xC0,0x09,0x00,0x3D,0x00,0xC9,0xE0,0x4D,0x40,0x79,0x40,0x49,0x40,0x49,0x40,0x5A,0x40,0x40,0x00,0xBF,0xE0,0x00,0x00}},
  {0x901E, {0x24,0x40,0x04,0x40,0x07,0xC0,0xE0,0x00,0x2F,0xE0,0x21,0x00,0x27,0xC0,0x21,0x00,0x2F,0xE0,0x50,0x00,0x8F,0xE0,0x00,0x00}},
  {0x901F, {0x5F,0xE0,0x02,0x00,0x1F,0xC0,0xD2,0x40,0x52,0x40,0x5F,0xC0,0x47,0x00,0x4A,0x80,0x52,0x40,0x42,0x00,0xBF,0xE0,0x00,0x00}},
  {0x9020, {0x52,0x00,0x1F,0xC0,0x22,0x00,0xC2,0x00,0x7F,0xE0,0x40,0x00,0x5F,0xC0,0x50,0x40,0x5F,0xC0,0x40,0x00,0xBF,0xE0,0x00,0x00}},
  {0x9022, {0x4F,0x80,0x18,0x80,0x07,0x00,0xDA,0xE0,0x4F,0x80,0x42,0x00,0x4F,0x80,0x42,0x00,0x5F,0xC0,0x42,0x00,0xBF,0xE0,0x00,0x00}},
  {0x902E, {0x5F,0xC0,0x02,0x40,0x3F,0xE0,0xC2,0x40,0x5F,0xC0,0x42,0x00,0x57,0x40,0x4A,0x80,0x56,0x40,0x40,0x00,0xBF,0xE0,0x00,0x00}},
  {0x9038, {0x4F,0x80,0x10,0x80,0x3F,0xC0,0xD2,0x40,0x5F,0xC0,0x45,0x00,0x4A,0x80,0x52,0x20,0x61,0xE0,0x40,0x00,0xBF,0xE0,0x00,0x00}},
  {0x903B, {0x2A,0xA0,0x0A,0xA0,0x0F,0xE0,0xE2,0x00,0x23,0xE0,0x2C,0x20,0x22,0x40,0x21,0x80,0x2E,0x00,0x50,0x00,0x8F,0xE0,0x00,0x00}},
  {0x903C, {0x27,0xC0,0x04,0x40,0x07,0xC0,0xE0,0x00,0x2F,0xE0,0x29,0x20,0x2F,0xE0,0x29,0x20,0x2F,0xE0,0x50,0x00,0x8F,0xE0,0x00,0x00}},
  {0x903E, {0x45,0x00,0x08,0x80,0x37,0x60,0x00,0x00,0xDC,0x40,0x55,0x40,0x5D,0x40,0x55,0x40,0x5C,0x40,0x54,0xC0,0xBF,0xE0,0x00,0x00}},
  {0x9042, {0x44,0x80,0x1F,0xE0,0x04,0x00,0xCA,0x20,0x53,0x40,0x45,0x80,0x5B,0x40,0x45,0x20,0x59,0x20,0x46,0x00,0xBF,0xE0,0x00,0x00}},
  {0x9047, {0x4A,0x40,0x0F,0xC0,0x0A,0x40,0x0F,0xC0,0xC2,0x00,0x5F,0xE0,0x52,0xA0,0x57,0xA0,0x50,0x60,0x40,0x00,0xBF,0xE0,0x00,0x00}},
  {0x904D, {0x5F,0xC0,0x10,0x40,0x1F,0xC0,0xD0,0x00,0x5F,0xC0,0x75,0x40,0x5F,0xC0,0x55,0x40,0x50,0xC0,0x40,0x00,0xBF,0xE0,0x00,0x00}},
  {0x904F, {0x28,0x40,0x0F,0xC0,0x08,0x40,0xEF,0xC0,0x24,0x00,0x2F,0xE0,0x31,0x20,0x2A,0xA0,0x2F,0xA0,0x50,0x40,0x8F,0xE0,0x00,0x00}},
  {0x9053, {0x2F,0xE0,0x02,0x00,0x0F,0xE0,0xE8,0x20,0x2F,0xE0,0x28,0x20,0x2F,0xE0,0x28,0x20,0x2F,0xE0,0x50,0x00,0x8F,0xE0,0x00,0x00}},
  {0x9057, {0x5F,0xC0,0x12,0x40,0x1F,0xC0,0xC2,0x00,0x7F,0xE0,0x40,0x00,0x5F,0xC0,0x52,0x40,0x55,0x40,0x48,0x80,0xBF,0xE0,0x00,0x00}},
  {0x9063, {0x5F,0xC0,0x12,0x40,0x1F,0xC0,0xC2,0x00,0x7F,0xE0,0x48,0x80,0x4F,0x80,0x48,0x00,0x4F,0xC0,0x48,0x40,0xBF,0xE0,0x00,0x00}},
  {0x9065, {0x5F,0x00,0x0A,0x20,0x05,0x40,0xC7,0xC0,0x49,0x00,0x5F,0xE0,0x41,0x00,0x49,0x20,0x4F,0xE0,0x40,0x00,0xBF,0xE0,0x00,0x00}},
  {0x906D, {0x5F,0xE0,0x05,0x00,0x1F,0xC0,0xD5,0x40,0x5F,0xC0,0x55,0x40,0x5F,0xC0,0x48,0x80,0x4F,0x80,0x48,0x80,0xBF,0xE0,0x00,0x00}},
  {0x906E, {0x5F,0xE0,0x10,0x00,0x14,0x40,0x1F,0xE0,0xD4,0x40,0x57,0xC0,0x50,0x00,0x6A,0xA0,0x4A,0xA0,0x40,0x00,0xBF,0xE0,0x00,0x00}},
  {0x9075, {0x5F,0xC0,0x05,0x00,0x1F,0xC0,0xD5,0x40,0x59,0xC0,0x56,0x40,0x5F,0xC0,0x40,0x80,0x5F,0xE0,0x48,0x80,0xBF,0xE0,0x00,0x00}},
  {0x907F, {0x5D,0xC0,0x14,0x00,0x15,0x40,0xDC,0x80,0x53,0xE0,0x5C,0x80,0x74,0x80,0x55,0xC0,0x5C,0x80,0x40,0x80,0xBF,0xE0,0x00,0x00}},
  {0x9080, {0x5D,0x00,0x15,0xE0,0x1E,0x40,0xD5,0x40,0x5D,0x40,0x49,0x40,0x7E,0x80,0x50,0x80,0x5D,0x40,0x66,0x20,0xBF,0xE0,0x00,0x00}},
  {0x9091, {0x20,0x80,0x3F,0x80,0x00,0x00,0x7F,0xC0,0x44,0x40,0x44,0x40,0x7F,0xC0,0x40,0x00,0x40,0x20,0x40,0x20,0x3F,0xE0,0x00,0x00}},
  {0x9093, {0xFB,0xE0,0x0A,0x20,0x0A,0x40,0x8A,0x80,0x52,0x40,0x52,0x20,0x22,0x20,0x52,0x20,0x4A,0xC0,0x8A,0x00,0x02,0x00,0x00,0x00}},
  {0x90A2, {0xFD,0xE0,0x49,0x20,0x49,0x20,0x49,0x40,0xFD,0x40,0x49,0x20,0x49,0x20,0x49,0x20,0x49,0xC0,0x49,0x00,0x89,0x00,0x00,0x00}},
  {0x90A3, {0xFD,0xE0,0x25,0x20,0x25,0x20,0xFD,0x40,0x25,0x40,0x25,0x20,0xFD,0x20,0x25,0x20,0x25,0xC0,0x45,0x00,0x99,0x00,0x00,0x00}},
  {0x90A6, {0x7D,0xE0,0x11,0x20,0x11,0x20,0x7D,0x40,0x11,0x40,0x11,0x20,0xFD,0x20,0x11,0x20,0x21,0xC0,0x21,0x00,0x41,0x00,0x00,0x00}},
  {0x90AA, {0x7D,0xE0,0x09,0x20,0x29,0x20,0x49,0x40,0x7D,0x40,0x19,0x20,0x29,0x20,0x29,0x20,0x49,0xC0,0x89,0x00,0x19,0x00,0x00,0x00}},
  {0x90AE, {0x10,0xE0,0x10,0xA0,0xFE,0xA0,0x92,0xC0,0x92,0xC0,0xFE,0xA0,0x92,0xA0,0x92,0xA0,0x92,0xC0,0xFE,0x80,0x82,0x80,0x00,0x00}},
  {0x90BB, {0x11,0xE0,0x29,0x20,0x45,0x20,0x93,0x40,0x09,0x40,0x7D,0x20,0x05,0x20,0x09,0x20,0x29,0xC0,0x11,0x00,0x09,0x00,0x00,0x00}},
  {0x90C1, {0x21,0xE0,0xFF,0x20,0x41,0x20,0x7D,0x40,0xC5,0x40,0x7D,0x20,0x45,0x20,0x7D,0x20,0x45,0xC0,0x45,0x00,0x4D,0x00,0x00,0x00}},
  {0x90CA, {0x11,0xE0,0xFD,0x20,0x01,0x20,0x49,0x40,0x45,0x40,0x81,0x20,0x29,0x20,0x11,0x20,0x29,0xC0,0x45,0x00,0x81,0x00,0x00,0x00}},
  {0x90CE, {0x11,0xE0,0x7D,0x20,0x45,0x20,0x7D,0x40,0x45,0x40,0x7D,0x20,0x51,0x20,0x49,0x20,0x55,0xC0,0x65,0x00,0x41,0x00,0x00,0x00}},
  {0x90D1, {0x29,0xE0,0x01,0x20,0x7D,0x20,0x11,0x40,0x11,0x40,0xFF,0x20,0x11,0x20,0x29,0x20,0x25,0xC0,0x45,0x00,0x81,0x00,0x00,0x00}},
  {0x90E8, {0x7D,0xE0,0x01,0x20,0x45,0x20,0x29,0x40,0xFF,0x40,0x01,0x20,0x7D,0x20,0x45,0x20,0x45,0xC0,0x7D,0x00,0x45,0x00,0x00,0x00}},
  {0x90ED, {0xFD,0xE0,0x01,0x20,0x7D,0x20,0x45,0x40,0x7D,0x40,0x01,0x20,0x79,0x20,0x09,0x20,0xFD,0xC0,0x11,0x00,0x31,0x00,0x00,0x00}},
  {0x90FD, {0x25,0xE0,0x75,0x20,0x29,0x20,0xFD,0x40,0x21,0x40,0x7D,0x20,0xC5,0x20,0x7D,0x20,0x45,0xC0,0x7D,0x00,0x45,0x00,0x00,0x00}},
  {0x9119, {0x44,0xA0,0x7C,0xA0,0x10,0xA0,0xFE,0xC0,0x10,0xC0,0xFE,0xA0,0x82,0xA0,0xBA,0xA0,0xAA,0xC0,0xBA,0x80,0xFE,0x80,0x00,0x00}},
  {0x914C, {0xFE,0x80,0x28,0xE0,0xFF,0x20,0xAA,0x20,0xAB,0x20,0xC6,0xA0,0x82,0xA0,0xFE,0x20,0x82,0x20,0xFE,0x20,0x82,0xC0,0x00,0x00}},
  {0x914D, {0xFE,0xE0,0x28,0x20,0xFE,0x20,0xAA,0x20,0xAA,0xE0,0xC6,0x80,0x82,0x80,0xFE,0x80,0x82,0xA0,0xFE,0xA0,0x82,0x60,0x00,0x00}},
  {0x9152, {0xBF,0xE0,0x45,0x00,0x1F,0xC0,0x15,0x40,0x95,0x40,0x58,0xC0,0x10,0x40,0x1F,0xC0,0x50,0x40,0x9F,0xC0,0x10,0x40,0x00,0x00}},
  {0x9157, {0x21,0x40,0xF9,0x40,0xA8,0x80,0xAA,0xA0,0xDA,0xA0,0x8A,0xA0,0xFB,0x60,0x8A,0x20,0x8A,0x20,0xFB,0xE0,0x88,0x20,0x00,0x00}},
  {0x915D, {0xFE,0xC0,0x28,0x00,0xFE,0x00,0xAA,0x00,0xAB,0xE0,0xC6,0x80,0x82,0x80,0xFE,0x80,0x83,0x20,0xFF,0xE0,0x82,0x20,0x00,0x00}},
  {0x9163, {0xFA,0x40,0x27,0xE0,0xFA,0x40,0xAA,0x40,0xAA,0x40,0xDB,0xC0,0x8A,0x40,0xFA,0x40,0x8A,0x40,0xFB,0xC0,0x8A,0x40,0x00,0x00}},
  {0x9165, {0xFE,0xC0,0x28,0x40,0xFE,0x40,0xAB,0xE0,0xAA,0x40,0xC6,0x40,0x82,0xE0,0xFF,0x40,0x82,0x40,0xFE,0x40,0x82,0x40,0x00,0x00}},
  {0x916A, {0xFB,0xC0,0x24,0x40,0xFA,0x40,0xA9,0x80,0xAA,0x40,0xDC,0x20,0x8B,0xC0,0xFA,0x40,0x8A,0x40,0xFB,0xC0,0x8A,0x40,0x00,0x00}},
  {0x916C, {0xFA,0xA0,0x22,0xA0,0xFA,0xA0,0xAB,0xE0,0xAE,0xA0,0xDA,0xA0,0x8A,0xA0,0xFA,0xA0,0x8A,0xA0,0xFA,0xA0,0x8C,0x20,0x00,0x00}},
  {0x9171, {0x33,0xE0,0x16,0x40,0x31,0x80,0x56,0x00,0xFF,0xE0,0x11,0x00,0x7F,0xC0,0x51,0x40,0x6E,0xC0,0x40,0x40,0x7F,0xC0,0x00,0x00}},
  {0x9175, {0xFB,0xA0,0x21,0x40,0xFF,0xE0,0xA9,0x00,0xAF,0xC0,0xDA,0x40,0x8C,0x80,0xFB,0xE0,0x88,0x80,0xF8,0x80,0x89,0x80,0x00,0x00}},
  {0x9177, {0xFA,0x80,0x23,0xE0,0xFC,0x80,0xA8,0x80,0xAF,0xE0,0xD8,0x00,0x8B,0xE0,0xFA,0x20,0x8A,0x20,0xFB,0xE0,0x8A,0x20,0x00,0x00}},
  {0x9178, {0xFA,0x40,0x23,0xE0,0xF8,0x20,0xAA,0x40,0xAD,0x20,0xD9,0xC0,0x8A,0x40,0xFD,0x40,0x88,0x80,0xF9,0x40,0x8A,0x20,0x00,0x00}},
  {0x917F, {0xF8,0x80,0x23,0xE0,0xFA,0x20,0xAB,0xE0,0xAA,0x20,0xDB,0xE0,0x8A,0x80,0xFA,0xA0,0x8A,0x40,0xFB,0x40,0x8A,0x20,0x00,0x00}},
  {0x9187, {0xFB,0xE0,0x20,0x00,0xFB,0xE0,0xAA,0x20,0xAB,0xE0,0xD8,0x00,0x8B,0xC0,0xF8,0x40,0x8B,0xE0,0xF8,0x80,0x89,0x80,0x00,0x00}},
  {0x9189, {0x20,0x80,0xFB,0xE0,0xA9,0x40,0xA9,0x40,0xDA,0xA0,0x88,0x00,0xF8,0x80,0x8B,0xE0,0x88,0x80,0xF8,0x80,0x88,0x80,0x00,0x00}},
  {0x918B, {0xFA,0x40,0x27,0xE0,0xFA,0x40,0xAF,0xE0,0xA8,0x00,0xDB,0xC0,0x8A,0x40,0xFB,0xC0,0x8A,0x40,0xFB,0xC0,0x8A,0x40,0x00,0x00}},
  {0x9192, {0x22,0x20,0xFB,0xE0,0xAA,0x20,0xAB,0xE0,0xD8,0x80,0x8A,0x80,0xFB,0xE0,0x8C,0x80,0x8B,0xE0,0xF8,0x80,0x8B,0xE0,0x00,0x00}},
  {0x91C7, {0x7C,0x00,0x08,0x00,0x44,0x40,0x20,0x80,0x04,0x00,0xFF,0xE0,0x0E,0x00,0x15,0x00,0x24,0x80,0xC4,0x60,0x04,0x00,0x00,0x00}},
  {0x91CA, {0xE2,0x20,0x21,0x40,0xA8,0x80,0x71,0x40,0x26,0xA0,0xF0,0x80,0x23,0xE0,0x70,0x80,0xAF,0xE0,0x20,0x80,0x20,0x80,0x00,0x00}},
  {0x91CC, {0x44,0x40,0x44,0x40,0x7F,0xC0,0x44,0x40,0x44,0x40,0x7F,0xC0,0x04,0x00,0x7F,0xC0,0x04,0x00,0x04,0x00,0xFF,0xE0,0x00,0x00}},
  {0x91CD, {0x7C,0x00,0x04,0x00,0xFF,0xE0,0x44,0x40,0x7F,0xC0,0x44,0x40,0x7F,0xC0,0x04,0x00,0x7F,0xC0,0x04,0x00,0xFF,0xE0,0x00,0x00}},
  {0x91CE, {0xFB,0xE0,0xA8,0x20,0xF9,0x40,0xA8,0x80,0xFB,0xE0,0x20,0xA0,0xF8,0x80,0x20,0x80,0x38,0x80,0xE0,0x80,0x03,0x80,0x00,0x00}},
  {0x91CF, {0x44,0x40,0x42,0x40,0xFF,0xE0,0x44,0x40,0x7F,0xC0,0x44,0x40,0x7F,0xC0,0x04,0x00,0x7F,0xC0,0x04,0x00,0xFF,0xE0,0x00,0x00}},
  {0x91D1, {0x0A,0x00,0x11,0x00,0x20,0x80,0xDF,0x60,0x04,0x00,0x04,0x00,0x7F,0xC0,0x04,0x00,0x24,0x80,0x15,0x00,0xFF,0xE0,0x00,0x00}},
  {0x9274, {0x53,0xE0,0x54,0x80,0x5A,0x40,0x31,0x80,0xC0,0x60,0x3F,0x80,0x04,0x00,0x7F,0xC0,0x24,0x80,0x15,0x00,0xFF,0xE0,0x00,0x00}},
  {0x9488, {0x41,0x00,0x79,0x00,0x81,0x00,0x79,0x00,0x27,0xE0,0x21,0x00,0xF9,0x00,0x21,0x00,0x29,0x00,0x31,0x00,0x21,0x00,0x00,0x00}},
  {0x9489, {0x47,0xE0,0x78,0x80,0x80,0x80,0x78,0x80,0x20,0x80,0x20,0x80,0xF8,0x80,0x20,0x80,0x28,0x80,0x30,0x80,0x23,0x80,0x00,0x00}},
  {0x9493, {0x42,0x00,0x7B,0xE0,0x84,0x20,0x78,0x20,0x22,0x20,0x21,0x20,0xF9,0x20,0x20,0x20,0x28,0x20,0x30,0x20,0x20,0xC0,0x00,0x00}},
  {0x9499, {0x47,0xE0,0x70,0x80,0x80,0x80,0xF4,0xE0,0x44,0x80,0x44,0x80,0xF7,0xE0,0x40,0x20,0x50,0x20,0x60,0x20,0x40,0xC0,0x00,0x00}},
  {0x949D, {0x61,0x00,0x8F,0xE0,0x01,0x00,0xE9,0x20,0x49,0x20,0x49,0x20,0xEF,0xE0,0x41,0x00,0x41,0x20,0x61,0x20,0x40,0xE0,0x00,0x00}},
  {0x949E, {0x41,0x00,0x71,0x40,0x85,0x20,0xF5,0x20,0x45,0x20,0x49,0x00,0xF1,0x20,0x40,0x40,0x50,0x80,0x63,0x00,0x4C,0x00,0x00,0x00}},
  {0x949F, {0x40,0x80,0x78,0x80,0x83,0xE0,0x7A,0xA0,0x22,0xA0,0x22,0xA0,0xFB,0xE0,0x22,0xA0,0x28,0x80,0x30,0x80,0x20,0x80,0x00,0x00}},
  {0x94A0, {0x61,0x00,0x8F,0xE0,0x09,0x20,0xE9,0x20,0x49,0x20,0x4A,0xA0,0xEC,0x60,0x48,0x20,0x48,0x20,0x68,0x20,0x48,0x60,0x00,0x00}},
  {0x94A2, {0x6F,0xE0,0x88,0x20,0x08,0x20,0xEC,0x60,0x4A,0xA0,0x49,0x20,0xEA,0xA0,0x4C,0x60,0x48,0x20,0x68,0x20,0x48,0x60,0x00,0x00}},
  {0x94A5, {0x43,0xE0,0x7A,0x20,0x82,0x20,0x7B,0xE0,0x22,0x20,0x22,0x20,0xFB,0xE0,0x22,0x20,0x2A,0x20,0x32,0x20,0x24,0xE0,0x00,0x00}},
  {0x94A6, {0x42,0x00,0x73,0xE0,0x84,0x20,0xF4,0x40,0x49,0x00,0x41,0x00,0xF1,0x00,0x42,0x80,0x52,0x80,0x64,0x40,0x48,0x20,0x00,0x00}},
  {0x94A7, {0x22,0x00,0x3B,0xE0,0x44,0x20,0x8A,0x20,0x71,0x20,0x20,0x60,0xF8,0xA0,0x21,0x20,0x2A,0x20,0x34,0x20,0x20,0xC0,0x00,0x00}},
  {0x94A9, {0x42,0x00,0x77,0xE0,0x84,0x20,0xE9,0x20,0x41,0x20,0x42,0x20,0xF4,0xA0,0x47,0xA0,0x50,0xA0,0x60,0x20,0x40,0xC0,0x00,0x00}},
  {0x94AE, {0x4F,0xC0,0x72,0x40,0x82,0x40,0xF2,0x40,0x42,0x40,0x4F,0xC0,0xF4,0x40,0x44,0x40,0x44,0x40,0x64,0x40,0x5F,0xE0,0x00,0x00}},
  {0x94B1, {0x42,0x40,0x72,0xE0,0x8F,0x00,0xE2,0x00,0x42,0xE0,0x5F,0x00,0xF2,0x40,0x41,0x80,0x51,0x20,0x66,0xA0,0x58,0x60,0x00,0x00}},
  {0x94B3, {0x44,0x40,0x6F,0xE0,0x84,0x40,0xE4,0x40,0x44,0x40,0x47,0xC0,0xF4,0x40,0x44,0x40,0x54,0x40,0x67,0xC0,0x44,0x40,0x00,0x00}},
  {0x94BB, {0x41,0x00,0x71,0x00,0x81,0xE0,0xF1,0x00,0x41,0x00,0x47,0xE0,0xF4,0x20,0x44,0x20,0x54,0x20,0x67,0xE0,0x44,0x20,0x00,0x00}},
  {0x94BE, {0x6F,0xE0,0x89,0x20,0x09,0x20,0xEF,0xE0,0x49,0x20,0x49,0x20,0xEF,0xE0,0x49,0x20,0x41,0x00,0x61,0x00,0x41,0x00,0x00,0x00}},
  {0x94C1, {0x41,0x00,0x75,0x00,0x87,0xC0,0xE9,0x00,0x41,0x00,0x4F,0xE0,0xF1,0x00,0x42,0x80,0x52,0x80,0x64,0x40,0x48,0x20,0x00,0x00}},
  {0x94C3, {0x41,0x00,0x72,0x80,0x84,0x40,0xE9,0x20,0x40,0x80,0x47,0xC0,0xF0,0x40,0x40,0x80,0x52,0x80,0x61,0x00,0x40,0x80,0x00,0x00}},
  {0x94C5, {0x44,0x40,0x74,0x40,0x84,0x40,0xE8,0x20,0x40,0x00,0x47,0xC0,0xF4,0x40,0x44,0x40,0x54,0x40,0x67,0xC0,0x44,0x40,0x00,0x00}},
  {0x94C6, {0x6C,0xE0,0x8A,0xA0,0x0A,0xA0,0xEA,0xA0,0x4A,0xA0,0x4A,0xA0,0xEE,0xA0,0x4A,0xE0,0x42,0x80,0x64,0x80,0x48,0x80,0x00,0x00}},
  {0x94D0, {0x62,0x20,0x8F,0x40,0x02,0x80,0xEF,0xE0,0x42,0x00,0x47,0xC0,0xEC,0x00,0x57,0xC0,0x40,0x40,0x60,0x40,0x41,0x80,0x00,0x00}},
  {0x94DB, {0x69,0x20,0x85,0x40,0x01,0x00,0xEF,0xE0,0x40,0x20,0x40,0x20,0xE7,0xE0,0x40,0x20,0x40,0x20,0x6F,0xE0,0x40,0x20,0x00,0x00}},
  {0x94DC, {0x6F,0xE0,0x88,0x20,0x0B,0xA0,0xE8,0x20,0x4B,0xA0,0x4A,0xA0,0xEA,0xA0,0x4B,0xA0,0x48,0x20,0x68,0x20,0x48,0x60,0x00,0x00}},
  {0x94DD, {0x44,0x40,0x74,0x40,0x84,0x40,0xF7,0xC0,0x40,0x00,0x4F,0xE0,0xF8,0x20,0x48,0x20,0x48,0x20,0x6F,0xE0,0x48,0x20,0x00,0x00}},
  {0x94E1, {0x7E,0x20,0x92,0xA0,0x12,0xA0,0xF2,0xA0,0x52,0xA0,0x5A,0xA0,0xFA,0xA0,0x48,0xA0,0x68,0x20,0x54,0x20,0x22,0x60,0x00,0x00}},
  {0x94E3, {0x45,0x00,0x75,0x00,0x87,0xC0,0xE9,0x00,0x41,0x00,0x4F,0xE0,0xF2,0x80,0x42,0x80,0x52,0x80,0x64,0xA0,0x48,0x60,0x00,0x00}},
  {0x94ED, {0x41,0x00,0x73,0xE0,0x84,0x20,0xEA,0x40,0x41,0x80,0x42,0x00,0xF7,0xE0,0x4A,0x20,0x42,0x20,0x63,0xE0,0x42,0x20,0x00,0x00}},
  {0x94F2, {0x40,0x80,0x77,0xE0,0x80,0x00,0xF2,0x40,0x41,0x80,0x47,0xE0,0xF4,0x00,0x44,0x00,0x54,0x00,0x64,0x00,0x48,0x00,0x00,0x00}},
  {0x94F6, {0x44,0x40,0x74,0x40,0x87,0xC0,0xF4,0x40,0x44,0x40,0x47,0xC0,0xF5,0x20,0x45,0x40,0x54,0x80,0x66,0x40,0x44,0x20,0x00,0x00}},
  {0x94F8, {0x47,0xE0,0x71,0x00,0x87,0xC0,0xF1,0x00,0x4F,0xE0,0x42,0x40,0xF3,0xE0,0x44,0x40,0x45,0x40,0x68,0x40,0x40,0xC0,0x00,0x00}},
  {0x94FA, {0x61,0x20,0x8F,0xE0,0x01,0x00,0xEF,0xE0,0x49,0x20,0x4F,0xE0,0xE9,0x20,0x4F,0xE0,0x49,0x20,0x69,0x20,0x48,0x60,0x00,0x00}},
  {0x94FE, {0x44,0x40,0x71,0xE0,0x80,0x80,0xED,0x40,0x45,0xE0,0x44,0x40,0xF4,0x40,0x45,0xE0,0x44,0x40,0x6A,0x40,0x51,0xE0,0x00,0x00}},
  {0x9500, {0x69,0x20,0x85,0x40,0x01,0x00,0xEF,0xE0,0x48,0x20,0x4F,0xE0,0xE8,0x20,0x4F,0xE0,0x48,0x20,0x68,0x20,0x48,0x60,0x00,0x00}},
  {0x9501, {0x69,0x20,0x85,0x40,0x01,0x00,0xEF,0xE0,0x48,0x20,0x49,0x20,0xE9,0x20,0x49,0x20,0x42,0x80,0x64,0x40,0x58,0x20,0x00,0x00}},
  {0x9504, {0x6E,0x80,0x8B,0xE0,0x0A,0xA0,0xEE,0xA0,0x4A,0xA0,0x4E,0xA0,0xEA,0xA0,0x4B,0xA0,0x5C,0xA0,0x61,0x20,0x42,0x60,0x00,0x00}},
  {0x9505, {0x44,0x40,0x74,0x40,0x87,0xC0,0xF1,0x00,0x4F,0xE0,0x49,0x20,0xF9,0x20,0x4A,0xA0,0x5C,0x60,0x68,0x20,0x48,0x60,0x00,0x00}},
  {0x9508, {0x47,0x00,0x71,0x00,0x8F,0xE0,0xF5,0x40,0x49,0x20,0x47,0xC0,0xF2,0x40,0x42,0xE0,0x54,0x20,0x64,0x20,0x48,0xC0,0x00,0x00}},
  {0x9509, {0x41,0x00,0x75,0x40,0x85,0x40,0xF5,0x40,0x4B,0xA0,0x41,0x00,0xF1,0x00,0x47,0xC0,0x51,0x00,0x61,0x00,0x4F,0xE0,0x00,0x00}},
  {0x950B, {0x43,0xC0,0x76,0x40,0x81,0x80,0xF6,0x60,0x41,0x00,0x47,0xC0,0xF1,0x00,0x47,0xC0,0x51,0x00,0x6F,0xE0,0x41,0x00,0x00,0x00}},
  {0x950C, {0x41,0x00,0x77,0xC0,0x80,0x00,0xF4,0x40,0x42,0x80,0x4F,0xE0,0xF1,0x00,0x47,0xC0,0x51,0x00,0x61,0x00,0x41,0x00,0x00,0x00}},
  {0x9510, {0x42,0x80,0x70,0x00,0x87,0xC0,0xF4,0x40,0x44,0x40,0x47,0xC0,0xF2,0x80,0x42,0x80,0x52,0x80,0x64,0xA0,0x48,0x60,0x00,0x00}},
  {0x9519, {0x42,0x40,0x77,0xE0,0x82,0x40,0xEF,0xE0,0x40,0x00,0x47,0xE0,0xF4,0x20,0x47,0xE0,0x54,0x20,0x67,0xE0,0x44,0x20,0x00,0x00}},
  {0x951A, {0x6F,0xE0,0x84,0x40,0x00,0x00,0xEF,0xE0,0x49,0x20,0x49,0x20,0xEF,0xE0,0x49,0x20,0x49,0x20,0x6F,0xE0,0x48,0x20,0x00,0x00}},
  {0x9521, {0x44,0x40,0x77,0xC0,0x84,0x40,0xF7,0xC0,0x42,0x00,0x47,0xE0,0xFA,0xA0,0x44,0xA0,0x49,0x20,0x62,0x20,0x44,0xC0,0x00,0x00}},
  {0x9523, {0x6F,0xE0,0x8A,0xA0,0x0A,0xA0,0xEF,0xE0,0x42,0x00,0x43,0xE0,0xE4,0x20,0x4A,0x40,0x41,0x80,0x63,0x00,0x4C,0x00,0x00,0x00}},
  {0x9524, {0x67,0x00,0x81,0x00,0x0F,0xE0,0xE5,0x40,0x45,0x40,0x4F,0xE0,0xE5,0x40,0x45,0x40,0x4F,0xE0,0x61,0x00,0x47,0xC0,0x00,0x00}},
  {0x9525, {0x42,0x40,0x77,0xE0,0x84,0x80,0xEC,0x80,0x57,0xE0,0x44,0x80,0xF4,0x80,0x47,0xE0,0x54,0x80,0x64,0x80,0x47,0xE0,0x00,0x00}},
  {0x9526, {0x77,0xC0,0x84,0x40,0x07,0xC0,0xF4,0x40,0x47,0xC0,0xF1,0x00,0x4F,0xE0,0x59,0x20,0x69,0x20,0x49,0x60,0x01,0x00,0x00,0x00}},
  {0x9528, {0x6C,0x80,0x88,0xE0,0x08,0xA0,0xEF,0x20,0x4A,0x00,0x4A,0x40,0xEA,0x40,0x4A,0x40,0x6A,0xA0,0x4A,0xA0,0x11,0x20,0x00,0x00}},
  {0x952D, {0x40,0x80,0x77,0xE0,0x84,0x20,0xF0,0x00,0x47,0xE0,0x41,0x00,0xF5,0x00,0x45,0xC0,0x55,0x00,0x6B,0x00,0x51,0xE0,0x00,0x00}},
  {0x952E, {0x63,0xC0,0x99,0x40,0x0F,0xE0,0xE9,0x40,0x53,0xC0,0x59,0x00,0xEF,0xC0,0x49,0x00,0x5F,0xE0,0x69,0x00,0x57,0xE0,0x00,0x00}},
  {0x952F, {0x47,0xE0,0x74,0x20,0x87,0xE0,0xF4,0x80,0x47,0xE0,0x44,0x80,0xF7,0xE0,0x46,0x20,0x4A,0x20,0x6B,0xE0,0x52,0x20,0x00,0x00}},
  {0x9530, {0x60,0x80,0x81,0x00,0x0F,0xE0,0xE1,0x00,0x43,0x00,0x40,0x00,0xEF,0xE0,0x4A,0xA0,0x4A,0xA0,0x6A,0xA0,0x5F,0xE0,0x00,0x00}},
  {0x9539, {0x6C,0x80,0x84,0xA0,0x05,0xA0,0xEE,0xC0,0x44,0x80,0x46,0x80,0xEC,0x80,0x55,0x40,0x45,0x40,0x65,0x40,0x46,0x20,0x00,0x00}},
  {0x953B, {0x69,0x40,0x8D,0x40,0x0A,0x60,0xE8,0x00,0x4D,0xC0,0x49,0x40,0xE9,0x40,0x4D,0x40,0x58,0x80,0x69,0x40,0x4A,0x20,0x00,0x00}},
  {0x9540, {0x6F,0xE0,0x8A,0x40,0x0F,0xE0,0xEA,0x40,0x4B,0xC0,0x48,0x00,0xEF,0xC0,0x4A,0x40,0x4A,0x40,0x69,0x80,0x56,0x60,0x00,0x00}},
  {0x9547, {0x6F,0xC0,0x82,0x00,0x0F,0xC0,0xE8,0x40,0x4F,0xC0,0x48,0x40,0xEF,0xC0,0x48,0x40,0x5F,0xE0,0x64,0x80,0x48,0x40,0x00,0x00}},
  {0x954A, {0x64,0x40,0x87,0xC0,0x04,0x40,0xE7,0xC0,0x44,0x60,0x4F,0xC0,0xE0,0x40,0x4E,0xE0,0x4A,0xA0,0x64,0x40,0x4A,0xA0,0x00,0x00}},
  {0x9550, {0x6F,0xE0,0x80,0x00,0x07,0xC0,0xE4,0x40,0x47,0xC0,0x40,0x00,0xEF,0xE0,0x48,0x20,0x4B,0xA0,0x6A,0xA0,0x4B,0xA0,0x00,0x00}},
  {0x955C, {0x6F,0xC0,0x84,0x80,0x1F,0xE0,0xE0,0x00,0x4F,0xC0,0x48,0x40,0xEF,0xC0,0x48,0x40,0x4F,0xC0,0x64,0xA0,0x58,0xE0,0x00,0x00}},
  {0x9563, {0x4F,0xE0,0x71,0x00,0x8A,0xA0,0xE4,0x40,0x4F,0xE0,0x44,0x40,0xF7,0xC0,0x44,0x40,0x47,0xC0,0x65,0x40,0x4B,0x20,0x00,0x00}},
  {0x9570, {0x5F,0xE0,0x72,0x40,0x9F,0xE0,0xF2,0x80,0x57,0xE0,0xF2,0xA0,0x5F,0xE0,0x52,0xA0,0x77,0xE0,0x56,0xC0,0x2A,0xA0,0x00,0x00}},
  {0x9576, {0x6F,0xE0,0x80,0x00,0x0E,0xE0,0xEA,0xA0,0x4E,0xE0,0x42,0x80,0xEF,0xE0,0x42,0x80,0x4F,0xE0,0x66,0x40,0x4B,0x20,0x00,0x00}},
  {0x957F, {0x10,0xC0,0x13,0x00,0x1C,0x00,0x10,0x00,0xFF,0xE0,0x12,0x00,0x12,0x00,0x11,0x00,0x14,0x80,0x18,0x60,0x10,0x00,0x00,0x00}},
  {0x95E8, {0x20,0x20,0x00,0x20,0x40,0x20,0x40,0x20,0x40,0x20,0x40,0x20,0x40,0x20,0x40,0x20,0x40,0x20,0x40,0x20,0x40,0xE0,0x00,0x00}},
  {0x95EA, {0x20,0x20,0x04,0x20,0x44,0x20,0x44,0x20,0x4A,0x20,0x49,0x20,0x50,0xA0,0x60,0xA0,0x40,0x20,0x40,0x20,0x40,0xE0,0x00,0x00}},
  {0x95ED, {0x27,0xE0,0x00,0x20,0x42,0x20,0x42,0x20,0x5F,0xA0,0x42,0x20,0x46,0x20,0x4A,0x20,0x52,0x20,0x46,0x20,0x40,0xE0,0x00,0x00}},
  {0x95EE, {0x27,0xE0,0x00,0x20,0x40,0x20,0x4F,0x20,0x49,0x20,0x49,0x20,0x49,0x20,0x4F,0x20,0x40,0x20,0x40,0x20,0x40,0xE0,0x00,0x00}},
  {0x95EF, {0x40,0x20,0x00,0x20,0xBF,0x20,0x81,0x20,0x91,0x20,0x9F,0xA0,0x80,0xA0,0xBE,0xA0,0x80,0xA0,0x83,0x20,0x80,0x60,0x00,0x00}},
  {0x95F0, {0x40,0x20,0x00,0x20,0x9F,0x20,0x84,0x20,0x84,0x20,0x9F,0x20,0x84,0x20,0x84,0x20,0xBF,0xA0,0x80,0x20,0x80,0x60,0x00,0x00}},
  {0x95F2, {0x40,0x20,0x04,0x20,0x84,0x20,0xBF,0xA0,0x84,0x20,0x8E,0x20,0x95,0x20,0xA4,0xA0,0x84,0x20,0x84,0x20,0x80,0x60,0x00,0x00}},
  {0x95F4, {0x20,0x20,0x00,0x20,0x5F,0xA0,0x50,0xA0,0x50,0xA0,0x5F,0xA0,0x50,0xA0,0x50,0xA0,0x5F,0xA0,0x40,0x20,0x40,0xE0,0x00,0x00}},
  {0x95F7, {0x40,0x20,0x08,0x20,0x84,0x20,0x84,0x20,0x81,0x20,0xA8,0xA0,0xA8,0xA0,0xA8,0x20,0xC9,0x20,0x87,0x20,0x80,0xE0,0x00,0x00}},
  {0x95F8, {0x40,0x20,0x00,0x20,0xBF,0xA0,0xA4,0xA0,0xBF,0xA0,0xA4,0xA0,0xBF,0xA0,0x84,0x20,0x84,0x20,0x84,0x20,0x80,0x60,0x00,0x00}},
  {0x95F9, {0x44,0x20,0x02,0x20,0xBF,0xA0,0x84,0x20,0x84,0x20,0xBF,0xA0,0xA4,0xA0,0xA4,0xA0,0xA5,0xA0,0x84,0x20,0x84,0x60,0x00,0x00}},
  {0x95FA, {0x40,0x20,0x04,0x20,0x9F,0x20,0x84,0x20,0xBF,0xA0,0x84,0x20,0x9F,0x20,0x84,0x20,0xBF,0xA0,0x80,0x20,0x80,0x60,0x00,0x00}},
  {0x95FB, {0x40,0x20,0x00,0x20,0xBF,0xA0,0x91,0x20,0x9F,0x20,0x91,0x20,0x9F,0x20,0x91,0xA0,0xBF,0x20,0x81,0x20,0x80,0xE0,0x00,0x00}},
  {0x95FD, {0x44,0x20,0x04,0x20,0xBF,0xA0,0xA4,0xA0,0xA4,0xA0,0xBF,0xA0,0x84,0x20,0x85,0x20,0xBF,0xA0,0x80,0xA0,0x80,0x60,0x00,0x00}},
  {0x9600, {0x40,0x20,0x15,0x20,0xA4,0x20,0xE7,0xA0,0xBC,0x20,0xA5,0x20,0xA5,0x20,0xA2,0xA0,0xA5,0xA0,0xA8,0xA0,0x80,0x60,0x00,0x00}},
  {0x9601, {0x48,0x20,0x0F,0x20,0x91,0x20,0xAA,0x20,0x84,0x20,0x9B,0x20,0xE0,0xE0,0x9F,0x20,0x91,0x20,0x9F,0x20,0x91,0x60,0x00,0x00}},
  {0x9605, {0x40,0x20,0x11,0x20,0x8A,0x20,0xBF,0xA0,0xA0,0xA0,0xA0,0xA0,0xBF,0xA0,0x8A,0x20,0x92,0xA0,0xA1,0xA0,0x80,0x60,0x00,0x00}},
  {0x960E, {0x48,0x20,0x0F,0x20,0x91,0x20,0xA2,0x20,0x88,0x20,0xB3,0xA0,0xA0,0xA0,0xBB,0xA0,0xA0,0xA0,0xBF,0xA0,0x80,0x60,0x00,0x00}},
  {0x9610, {0x51,0x20,0x0A,0x20,0xBF,0xA0,0xA4,0xA0,0xBF,0xA0,0xA4,0xA0,0xBF,0xA0,0x84,0x20,0xFF,0xE0,0x84,0x20,0x84,0x60,0x00,0x00}},
  {0x9614, {0x40,0x20,0x01,0xA0,0xCE,0x20,0xA2,0x20,0x9F,0xE0,0xC2,0x20,0xAF,0xA0,0x88,0xA0,0xA8,0xA0,0xCF,0xA0,0x80,0x60,0x00,0x00}},
  {0x961F, {0xF1,0x00,0x91,0x00,0x91,0x00,0xA1,0x00,0xA1,0x00,0x92,0x80,0x92,0x80,0x92,0x80,0xE4,0x40,0x84,0x40,0x88,0x20,0x00,0x00}},
  {0x9631, {0xF2,0x40,0x92,0x40,0x97,0xE0,0xA2,0x40,0xA2,0x40,0x92,0x40,0x9F,0xE0,0x92,0x40,0xE2,0x40,0x84,0x40,0x88,0x40,0x00,0x00}},
  {0x9632, {0xF1,0x00,0x9F,0xE0,0x92,0x00,0xA2,0x00,0xA3,0xE0,0x92,0x20,0x92,0x20,0x92,0x20,0xE4,0x20,0x84,0x20,0x88,0xC0,0x00,0x00}},
  {0x9633, {0xF7,0xE0,0x94,0x20,0x94,0x20,0xA4,0x20,0xA7,0xE0,0x94,0x20,0x94,0x20,0x94,0x20,0xE4,0x20,0x87,0xE0,0x84,0x20,0x00,0x00}},
  {0x9634, {0x94,0x40,0x94,0x40,0xA7,0xC0,0xA4,0x40,0x94,0x40,0x97,0xC0,0x94,0x40,0x94,0x40,0xE4,0x40,0x88,0x40,0x91,0xC0,0x00,0x00}},
  {0x9635, {0xF1,0x00,0x97,0xE0,0x92,0x00,0xA2,0x80,0xA4,0x80,0x97,0xE0,0x90,0x80,0x90,0x80,0xE7,0xE0,0x80,0x80,0x80,0x80,0x00,0x00}},
  {0x9636, {0xF1,0x00,0x92,0x80,0x94,0x40,0xA8,0x20,0xA2,0x40,0x92,0x40,0x92,0x40,0x92,0x40,0xE4,0x40,0x84,0x40,0x88,0x40,0x00,0x00}},
  {0x963B, {0xF7,0xC0,0x94,0x40,0x94,0x40,0xA7,0xC0,0xA4,0x40,0x94,0x40,0x97,0xC0,0x94,0x40,0xE4,0x40,0x84,0x40,0x8F,0xE0,0x00,0x00}},
  {0x963F, {0xF7,0xE0,0x90,0x40,0x90,0x40,0xA7,0x40,0xA5,0x40,0x95,0x40,0x95,0x40,0x97,0x40,0xE4,0x40,0x80,0x40,0x81,0xC0,0x00,0x00}},
  {0x9644, {0xF2,0x40,0x94,0x40,0x95,0xE0,0xAC,0x40,0xA4,0x40,0x95,0x40,0x94,0xC0,0x94,0x40,0xE4,0x40,0x84,0x40,0x84,0xC0,0x00,0x00}},
  {0x9645, {0xF7,0xC0,0x90,0x00,0x90,0x00,0xAF,0xE0,0xA1,0x00,0x91,0x00,0x95,0x40,0x95,0x20,0xE9,0x20,0x81,0x00,0x83,0x00,0x00,0x00}},
  {0x9646, {0xE1,0x00,0xAF,0xE0,0xA1,0x00,0xC1,0x00,0xBF,0xE0,0xA1,0x00,0xA9,0x20,0xC9,0x20,0x89,0x20,0x8F,0xE0,0x80,0x20,0x00,0x00}},
  {0x9648, {0xE2,0x00,0xAF,0xE0,0xA4,0x00,0xC5,0x00,0xC9,0x00,0xAF,0xE0,0xA1,0x00,0xA9,0x40,0xC9,0x20,0x91,0x20,0x83,0x00,0x00,0x00}},
  {0x964B, {0xA0,0x80,0xA0,0x80,0xAB,0xE0,0xCA,0xA0,0xCA,0xA0,0xAB,0x60,0xAA,0x20,0xAA,0x20,0xCA,0x60,0x88,0x00,0x8F,0xE0,0x00,0x00}},
  {0x964C, {0xF7,0xE0,0x90,0x80,0x91,0x00,0xA7,0xE0,0xA4,0x20,0x94,0x20,0x97,0xE0,0x94,0x20,0xE4,0x20,0x87,0xE0,0x84,0x20,0x00,0x00}},
  {0x964D, {0xF3,0xC0,0x96,0x40,0x91,0x80,0xA6,0x60,0xA1,0x00,0x97,0xC0,0x91,0x00,0x95,0x00,0xE7,0xE0,0x81,0x00,0x81,0x00,0x00,0x00}},
  {0x9650, {0x94,0x40,0x94,0x40,0xA7,0xC0,0xA4,0x40,0x94,0x40,0x97,0xC0,0x95,0x20,0x95,0x40,0xE4,0x80,0x86,0x40,0x84,0x20,0x00,0x00}},
  {0x9655, {0xF1,0x00,0x9F,0xE0,0x91,0x00,0xA9,0x20,0xA5,0x40,0x91,0x00,0x9F,0xE0,0x91,0x00,0xE2,0x80,0x84,0x40,0x88,0x20,0x00,0x00}},
  {0x9661, {0xF1,0x00,0x97,0xC0,0x91,0x00,0xA1,0x00,0xA7,0xE0,0x91,0x00,0x95,0x00,0x95,0xC0,0xE5,0x00,0x8B,0x00,0x91,0xE0,0x00,0x00}},
  {0x9662, {0xE1,0x00,0xAF,0xE0,0xA8,0x20,0xC0,0x00,0xA7,0xC0,0xA0,0x00,0xAF,0xE0,0xC2,0x80,0x82,0x80,0x84,0xA0,0x88,0x60,0x00,0x00}},
  {0x9664, {0xE2,0x80,0xA4,0x40,0xA8,0x20,0xC7,0xC0,0xC1,0x00,0xAF,0xE0,0xA1,0x00,0xA5,0x40,0xC9,0x20,0x91,0x20,0x83,0x00,0x00,0x00}},
  {0x9668, {0xA4,0x40,0xA7,0xC0,0xA0,0x00,0xCF,0xE0,0xC8,0x20,0xA9,0x20,0xA9,0x20,0xA9,0x20,0xC2,0x80,0x84,0x40,0x88,0x20,0x00,0x00}},
  {0x9669, {0xF1,0x00,0x92,0x80,0x94,0x40,0xA8,0x20,0xA7,0xC0,0x90,0x00,0x92,0x40,0x99,0x40,0xE5,0x40,0x84,0x80,0x8F,0xE0,0x00,0x00}},
  {0x966A, {0xF7,0xC0,0x90,0x00,0x94,0x40,0xA2,0x80,0xAF,0xE0,0x90,0x00,0x97,0xC0,0x94,0x40,0xE4,0x40,0x87,0xC0,0x84,0x40,0x00,0x00}},
  {0x9675, {0xE7,0xC0,0xA1,0x00,0xAF,0xE0,0xC4,0x40,0xCA,0x20,0xA3,0xC0,0xA4,0x40,0xAA,0x80,0xC1,0x00,0x82,0x80,0x8C,0x60,0x00,0x00}},
  {0x9676, {0xEF,0xE0,0xB4,0x20,0xA7,0xA0,0xCA,0x20,0xC2,0x20,0xBF,0xA0,0xA2,0x20,0xAA,0xA0,0xCF,0xA0,0x80,0x20,0x80,0xC0,0x00,0x00}},
  {0x9677, {0xF3,0xC0,0x94,0x40,0x90,0x80,0xA2,0x00,0xA4,0x60,0x94,0x20,0x96,0xE0,0x94,0x20,0xE4,0x20,0x87,0xE0,0x84,0x20,0x00,0x00}},
  {0x9685, {0xA5,0x40,0xA7,0xC0,0xA5,0x40,0xC5,0x40,0xC7,0xC0,0xA1,0x00,0xAF,0xE0,0xA9,0x20,0xCB,0xA0,0x88,0xA0,0x88,0x60,0x00,0x00}},
  {0x9686, {0xE7,0xC0,0xAC,0x40,0xA3,0x80,0xCC,0x60,0xA3,0x80,0xA9,0x00,0xAF,0xE0,0xD1,0x00,0x87,0xC0,0x81,0x00,0x9F,0xE0,0x00,0x00}},
  {0x968F, {0xAF,0xE0,0xA2,0x00,0xB7,0xC0,0xCA,0x40,0xC3,0xC0,0xBA,0x40,0xAB,0xC0,0xAA,0x40,0xCA,0xC0,0x88,0x00,0x97,0xE0,0x00,0x00}},
  {0x9690, {0xE7,0x80,0xA8,0x80,0xB7,0xC0,0xC0,0x40,0xA7,0xC0,0xA0,0x40,0xAF,0xC0,0xC2,0x00,0x95,0x40,0x94,0xA0,0xA3,0xA0,0x00,0x00}},
  {0x9694, {0xA0,0x00,0xA7,0xC0,0xA4,0x40,0xC7,0xC0,0xC0,0x00,0xAF,0xE0,0xAA,0xA0,0xA9,0x20,0xCB,0xA0,0x89,0x20,0x89,0x60,0x00,0x00}},
  {0x9698, {0xE8,0x80,0xA0,0x00,0xBF,0xC0,0xC8,0x80,0xD0,0x40,0xA0,0x20,0xBF,0xC0,0xB5,0x40,0xD5,0x40,0x95,0x40,0xBF,0xE0,0x00,0x00}},
  {0x9699, {0xF5,0x40,0x99,0x20,0x97,0xC0,0xA4,0x40,0xA7,0xC0,0x94,0x40,0x97,0xC0,0x91,0x00,0xE5,0x40,0x89,0x20,0x83,0x00,0x00,0x00}},
  {0x969C, {0xF7,0xC0,0x92,0x80,0x9F,0xE0,0xA4,0x40,0xA7,0xC0,0x94,0x40,0x97,0xC0,0x91,0x00,0xEF,0xE0,0x81,0x00,0x81,0x00,0x00,0x00}},
  {0x96A7, {0xB2,0x80,0xAF,0xE0,0xA1,0x00,0xC2,0xA0,0xDD,0xC0,0xAA,0x80,0xAD,0xC0,0xAA,0xA0,0xCD,0x80,0x88,0x00,0x97,0xE0,0x00,0x00}},
  {0x96B6, {0x3F,0x80,0x04,0x80,0xFF,0xE0,0x04,0x80,0x3F,0x80,0x44,0x40,0x2E,0x80,0x15,0x00,0x24,0x80,0xC4,0x60,0x0C,0x00,0x00,0x00}},
  {0x96BE, {0xF2,0x40,0x17,0xE0,0x94,0x80,0x5C,0x80,0x57,0xE0,0x24,0x80,0x27,0xE0,0x54,0x80,0x54,0x80,0x97,0xE0,0x04,0x00,0x00,0x00}},
  {0x96C0, {0x24,0x80,0x45,0x40,0x86,0x20,0x19,0x00,0xFF,0xE0,0x22,0x00,0x3F,0xC0,0x22,0x00,0x3F,0xC0,0x22,0x00,0x3F,0xE0,0x00,0x00}},
  {0x96C1, {0x4A,0x80,0x4A,0x40,0x57,0xE0,0x74,0x80,0x5C,0x80,0x57,0xE0,0x54,0x80,0x57,0xE0,0x54,0x80,0x54,0x80,0x97,0xE0,0x00,0x00}},
  {0x96C4, {0x21,0x00,0xFB,0xE0,0x22,0x80,0x46,0x80,0x53,0xE0,0x52,0x80,0xA2,0x80,0x23,0xE0,0x4A,0x80,0x7A,0x80,0x0B,0xE0,0x00,0x00}},
  {0x96C5, {0xF9,0x00,0x13,0xE0,0x52,0x80,0x96,0x80,0xFB,0xE0,0x32,0x80,0x52,0x80,0x53,0xE0,0x92,0x80,0x12,0x80,0x33,0xE0,0x00,0x00}},
  {0x96C6, {0x3F,0xE0,0x62,0x00,0xBF,0xC0,0x22,0x00,0x3F,0xC0,0x22,0x00,0x3F,0xE0,0x04,0x00,0xFF,0xE0,0x24,0x80,0xC4,0x60,0x00,0x00}},
  {0x96C7, {0x7F,0xE0,0x40,0x20,0x7F,0xE0,0x49,0x00,0x5F,0xE0,0x71,0x00,0x5F,0xE0,0x51,0x00,0x5F,0xE0,0x51,0x00,0x9F,0xE0,0x00,0x00}},
  {0x96CC, {0x29,0x00,0x2B,0xE0,0xAA,0x80,0xAE,0x80,0xBB,0xE0,0xAA,0x80,0xAA,0x80,0xAB,0xE0,0xBE,0x80,0xCA,0x80,0x03,0xE0,0x00,0x00}},
  {0x96CF, {0x72,0x40,0x97,0xE0,0x24,0x80,0xFC,0x80,0x17,0xE0,0x14,0x80,0xF7,0xE0,0x14,0x80,0x14,0x80,0xF7,0xE0,0x14,0x00,0x00,0x00}},
  {0x96D5, {0x84,0x80,0xA5,0xE0,0xF5,0x40,0xA7,0x40,0xF5,0xE0,0x85,0x40,0xF5,0x40,0xD5,0xE0,0xF5,0x40,0x85,0x40,0x1D,0xE0,0x00,0x00}},
  {0x96E8, {0x04,0x00,0x04,0x00,0xFF,0xE0,0x84,0x20,0xA5,0x20,0x94,0xA0,0x84,0x20,0xA5,0x20,0x94,0xA0,0x84,0x20,0x80,0xE0,0x00,0x00}},
  {0x96EA, {0x04,0x00,0xFF,0xE0,0xB5,0xA0,0x04,0x00,0x75,0xC0,0x00,0x00,0x7F,0xC0,0x00,0x40,0x3F,0xC0,0x00,0x40,0x7F,0xC0,0x00,0x00}},
  {0x96F3, {0x04,0x00,0xFF,0xE0,0xB5,0xA0,0x04,0x00,0x75,0xC0,0x00,0x00,0x7F,0xE0,0x44,0x00,0x5F,0xC0,0x44,0x40,0x99,0x80,0x00,0x00}},
  {0x96F6, {0x04,0x00,0xFF,0xE0,0xB5,0xA0,0x04,0x00,0x75,0xC0,0x0A,0x00,0x35,0x80,0xDF,0x60,0x02,0x00,0x1C,0x00,0x03,0x00,0x00,0x00}},
  {0x96F7, {0x04,0x00,0xFF,0xE0,0xB5,0xA0,0x04,0x00,0x75,0xC0,0x00,0x00,0x7F,0xC0,0x44,0x40,0x7F,0xC0,0x44,0x40,0x7F,0xC0,0x00,0x00}},
  {0x96F9, {0x04,0x00,0xFF,0xE0,0x95,0x20,0x20,0x00,0x3F,0xC0,0x40,0x40,0xBE,0x40,0x22,0x40,0x3E,0xC0,0x20,0x20,0x1F,0xE0,0x00,0x00}},
  {0x96FE, {0x04,0x00,0xFF,0xE0,0xA4,0xA0,0x3F,0x80,0x51,0x00,0x0E,0x00,0x31,0x80,0xC8,0x60,0x3F,0x80,0x10,0x80,0x61,0x80,0x00,0x00}},
  {0x9700, {0x04,0x00,0xFF,0xE0,0xB5,0xA0,0x04,0x00,0x75,0xC0,0x00,0x00,0xFF,0xE0,0x04,0x00,0x7F,0xC0,0x4A,0x40,0x4A,0xC0,0x00,0x00}},
  {0x9707, {0x04,0x00,0xFF,0xE0,0x84,0x20,0x75,0xC0,0x00,0x00,0x7F,0xE0,0x40,0x00,0x7F,0xE0,0x52,0x40,0x51,0x80,0x98,0x60,0x00,0x00}},
  {0x9709, {0x04,0x00,0xFF,0xE0,0x95,0x20,0x3F,0xC0,0x40,0x00,0x3F,0x80,0x24,0x80,0xFF,0xE0,0x48,0x80,0x7F,0xC0,0x00,0x80,0x00,0x00}},
  {0x970D, {0x04,0x00,0xFF,0xE0,0xA4,0xA0,0x12,0x00,0x3F,0xE0,0x62,0x00,0xBF,0xC0,0x22,0x00,0x3F,0xC0,0x22,0x00,0x3F,0xE0,0x00,0x00}},
  {0x970E, {0x04,0x00,0xFF,0xE0,0xA4,0xA0,0x7F,0xC0,0x11,0x00,0xFF,0xE0,0x08,0x00,0xFF,0xE0,0x31,0x00,0x0E,0x00,0xF1,0xC0,0x00,0x00}},
  {0x971C, {0x04,0x00,0xFF,0xE0,0x95,0x20,0x20,0x00,0x27,0xE0,0xFC,0x20,0x27,0xE0,0x74,0x20,0xAF,0xE0,0x24,0x20,0x27,0xE0,0x00,0x00}},
  {0x971E, {0x04,0x00,0xFF,0xE0,0xA4,0xA0,0x7B,0xC0,0x48,0x40,0x7B,0xC0,0x40,0x00,0x7B,0xC0,0x42,0x40,0x79,0x80,0x46,0x60,0x00,0x00}},
  {0x9732, {0x04,0x00,0xFF,0xE0,0xA4,0xA0,0x01,0x00,0x79,0xC0,0x4A,0x40,0x79,0x80,0x16,0x60,0x5B,0xC0,0x52,0x40,0xFB,0xC0,0x00,0x00}},
  {0x9738, {0x04,0x00,0xFF,0xE0,0xA4,0xA0,0x00,0x00,0x45,0xE0,0xFF,0x20,0x45,0xE0,0x7D,0x20,0x11,0xE0,0xFD,0x20,0x12,0x60,0x00,0x00}},
  {0x9739, {0x04,0x00,0xFF,0xE0,0x95,0x20,0x00,0x80,0x7B,0xE0,0x49,0x40,0x78,0x80,0x43,0xE0,0x78,0x80,0xA9,0xC0,0x38,0x80,0x00,0x00}},
  {0x9752, {0xFF,0xE0,0x04,0x00,0x7F,0xC0,0x04,0x00,0xFF,0xE0,0x20,0x80,0x3F,0x80,0x20,0x80,0x3F,0x80,0x20,0x80,0x21,0x80,0x00,0x00}},
  {0x9756, {0x2F,0xE0,0x01,0x00,0xF7,0xC0,0x01,0x00,0x9F,0xE0,0x54,0x40,0x57,0xC0,0x04,0x40,0x37,0xC0,0xC4,0x40,0x04,0xC0,0x00,0x00}},
  {0x9759, {0xFB,0x80,0x24,0x80,0x79,0x00,0x27,0xC0,0xF9,0x40,0x57,0xE0,0x71,0x40,0x57,0xC0,0x71,0x40,0x51,0x00,0x53,0x00,0x00,0x00}},
  {0x975E, {0x0A,0x00,0xFB,0xE0,0x0A,0x00,0x0A,0x00,0x7B,0xC0,0x0A,0x00,0x0A,0x00,0xFB,0xE0,0x0A,0x00,0x0A,0x00,0x0A,0x00,0x00,0x00}},
  {0x9760, {0x3F,0xC0,0x44,0x00,0xFF,0xE0,0x20,0x80,0x3F,0x80,0x0A,0x00,0xFB,0xE0,0x0A,0x00,0xFB,0xE0,0x0A,0x00,0x0A,0x00,0x00,0x00}},
  {0x9761, {0x7F,0xE0,0x48,0x80,0x7D,0xE0,0x5A,0xC0,0x6D,0xA0,0x7D,0xE0,0x45,0x00,0x7D,0xE0,0x45,0x00,0x7D,0xE0,0x85,0x00,0x00,0x00}},
  {0x9762, {0xFF,0xE0,0x04,0x00,0x08,0x00,0x7F,0xE0,0x49,0x20,0x4F,0x20,0x49,0x20,0x4F,0x20,0x49,0x20,0x7F,0xE0,0x40,0x20,0x00,0x00}},
  {0x9769, {0xFF,0xE0,0x20,0x80,0x3F,0x80,0x04,0x00,0x7F,0xC0,0x44,0x40,0x7F,0xC0,0x04,0x00,0xFF,0xE0,0x04,0x00,0x04,0x00,0x00,0x00}},
  {0x9774, {0xFA,0x80,0x54,0xA0,0x76,0xA0,0x2A,0xC0,0xFA,0x80,0xAB,0x80,0xFA,0x80,0x22,0x80,0xFA,0xA0,0x22,0xA0,0x22,0x60,0x00,0x00}},
  {0x9776, {0xFB,0xE0,0x52,0xA0,0x72,0xA0,0x22,0xA0,0xFA,0xA0,0xAB,0xE0,0xFA,0x00,0x22,0x00,0xFA,0x20,0x22,0x20,0x21,0xE0,0x00,0x00}},
  {0x978B, {0xF9,0x00,0x57,0xC0,0x71,0x00,0x21,0x00,0xFF,0xE0,0xA8,0x00,0xF9,0x00,0x27,0xC0,0xF9,0x00,0x21,0x00,0x2F,0xE0,0x00,0x00}},
  {0x978D, {0xF8,0x80,0x57,0xE0,0x74,0x20,0x21,0x00,0xF9,0x00,0xAF,0xE0,0xFA,0x40,0x22,0x40,0xF9,0x80,0x22,0x40,0x2C,0x20,0x00,0x00}},
  {0x97A0, {0xFB,0xE0,0x54,0x20,0x71,0x20,0x25,0x60,0xF9,0x20,0xAF,0xE0,0xF9,0x20,0x23,0xA0,0xFD,0x60,0x21,0x20,0x20,0xC0,0x00,0x00}},
  {0x97AD, {0xFB,0xE0,0x54,0x80,0x77,0xE0,0x2C,0xA0,0xF7,0xE0,0xA4,0xA0,0xF7,0xE0,0x26,0x80,0xFD,0x80,0x24,0x80,0x25,0x60,0x00,0x00}},
  {0x97E7, {0x23,0xE0,0xF8,0xA0,0x20,0xA0,0xFA,0xA0,0x22,0xA0,0xFA,0xA0,0x2C,0xA0,0x28,0xA0,0x38,0xA0,0x21,0x20,0x22,0x60,0x00,0x00}},
  {0x97E9, {0xF9,0x00,0x27,0xE0,0xF9,0x00,0x8B,0xC0,0xF9,0x00,0x8F,0xE0,0xF9,0x20,0x21,0x20,0xF9,0x60,0x21,0x00,0x21,0x00,0x00,0x00}},
  {0x97ED, {0x11,0x00,0xF1,0xE0,0x11,0x00,0x11,0x00,0xF1,0xE0,0x11,0x00,0x11,0x00,0xF1,0xE0,0x11,0x00,0x11,0x00,0xFF,0xE0,0x00,0x00}},
  {0x97F3, {0x7F,0xC0,0x20,0x80,0x11,0x00,0xFF,0xE0,0x00,0x00,0x7F,0xC0,0x40,0x40,0x7F,0xC0,0x40,0x40,0x7F,0xC0,0x40,0x40,0x00,0x00}},
  {0x97F5, {0xF9,0x00,0x01,0xE0,0x8A,0x20,0x55,0x20,0xF8,0xA0,0x00,0x20,0xF8,0x60,0x88,0xA0,0xFB,0x20,0x88,0x20,0xF8,0xC0,0x00,0x00}},
  {0x9875, {0x04,0x00,0x08,0x00,0x7F,0xC0,0x40,0x40,0x40,0x40,0x44,0x40,0x44,0x40,0x44,0x40,0x0B,0x00,0x30,0xC0,0xC0,0x20,0x00,0x00}},
  {0x9876, {0xF1,0x00,0x22,0x00,0x2F,0xE0,0x28,0x20,0x29,0x20,0x29,0x20,0x29,0x20,0x29,0x20,0x22,0x80,0x64,0x40,0x18,0x20,0x00,0x00}},
  {0x9877, {0x81,0x00,0x82,0x00,0x8F,0xE0,0xE8,0x20,0x89,0x20,0x89,0x20,0x89,0x20,0xA9,0x20,0xC2,0x80,0x84,0x40,0x18,0x20,0x00,0x00}},
  {0x9879, {0xE1,0x00,0x42,0x00,0x4F,0xE0,0x48,0x20,0x49,0x20,0x49,0x20,0x49,0x20,0x69,0x20,0x82,0x80,0x04,0x40,0x18,0x20,0x00,0x00}},
  {0x987A, {0x88,0x80,0xA9,0x00,0xAB,0xE0,0xAA,0x20,0xAA,0xA0,0xAA,0xA0,0xAA,0xA0,0xAA,0xA0,0xA8,0x80,0x89,0x40,0x0A,0x20,0x00,0x00}},
  {0x987B, {0x41,0x00,0x82,0x00,0x0F,0xE0,0x28,0x20,0x49,0x20,0x89,0x20,0x09,0x20,0x29,0x20,0x42,0x80,0x84,0x40,0x18,0x20,0x00,0x00}},
  {0x987D, {0x73,0xE0,0x00,0x80,0x01,0x00,0xFB,0xE0,0x52,0x20,0x52,0xA0,0x52,0xA0,0x52,0xA0,0x58,0x80,0x51,0x40,0x82,0x20,0x00,0x00}},
  {0x987E, {0xFB,0xE0,0x80,0x80,0xB9,0x00,0xAB,0xE0,0xAA,0x20,0xAA,0xA0,0xBA,0xA0,0xA2,0xA0,0xA8,0x80,0xB1,0x40,0x22,0x20,0x00,0x00}},
  {0x987F, {0x23,0xE0,0xF8,0x80,0x21,0x00,0xAB,0xE0,0xAA,0x20,0xAA,0xA0,0xFA,0xA0,0x22,0xA0,0x28,0x80,0x31,0x40,0x22,0x20,0x00,0x00}},
  {0x9881, {0x50,0x80,0x49,0x00,0x8B,0xE0,0x02,0x20,0xFA,0xA0,0x4A,0xA0,0x4A,0xA0,0x4A,0xA0,0x48,0x80,0x49,0x40,0x9A,0x20,0x00,0x00}},
  {0x9882, {0x50,0x80,0x49,0x00,0x8B,0xE0,0x8A,0x20,0x22,0xA0,0x22,0xA0,0x42,0xA0,0x52,0xA0,0x88,0x80,0xF9,0x40,0x0A,0x20,0x00,0x00}},
  {0x9884, {0x73,0xE0,0x10,0x80,0x51,0x00,0x23,0xE0,0xFA,0x20,0x2A,0xA0,0x22,0xA0,0x22,0xA0,0x20,0x80,0x21,0x40,0x62,0x20,0x00,0x00}},
  {0x9885, {0x23,0xE0,0x38,0x80,0x21,0x00,0x7B,0xE0,0x4A,0x20,0x4A,0xA0,0x7A,0xA0,0x4A,0xA0,0x40,0x80,0x41,0x40,0x82,0x20,0x00,0x00}},
  {0x9886, {0x23,0xE0,0x50,0x80,0x89,0x00,0x27,0xE0,0x12,0x20,0xFA,0xA0,0x0A,0xA0,0x12,0xA0,0x50,0x80,0x21,0x40,0x12,0x20,0x00,0x00}},
  {0x9887, {0x10,0x80,0x7D,0x00,0x57,0xE0,0x52,0x20,0x7A,0xA0,0x4A,0xA0,0x4A,0xA0,0x6A,0xA0,0x50,0x80,0xA9,0x40,0x4A,0x20,0x00,0x00}},
  {0x9888, {0xFB,0xE0,0x10,0x80,0x21,0x00,0x53,0xE0,0x8A,0x20,0x06,0xA0,0xFA,0xA0,0x22,0xA0,0x20,0x80,0x39,0x40,0xC2,0x20,0x00,0x00}},
  {0x988A, {0x23,0xE0,0xF8,0x80,0x21,0x00,0xAB,0xE0,0x72,0x20,0x22,0xA0,0xFA,0xA0,0x22,0xA0,0x50,0x80,0x49,0x40,0x82,0x20,0x00,0x00}},
  {0x9891, {0x5C,0x80,0x51,0x00,0x53,0xE0,0xFE,0x20,0x12,0xA0,0x52,0xA0,0x56,0xA0,0x8A,0xA0,0x10,0x80,0x21,0x40,0xC2,0x20,0x00,0x00}},
  {0x9893, {0xE0,0x80,0x21,0x00,0xFB,0xE0,0x22,0x20,0x72,0xA0,0xAA,0xA0,0x22,0xA0,0x72,0xA0,0x50,0x80,0x59,0x40,0x92,0x20,0x00,0x00}},
  {0x9896, {0xE0,0x80,0x89,0x00,0x7B,0xE0,0x12,0x20,0x62,0xA0,0x22,0xA0,0xFA,0xA0,0x22,0xA0,0x70,0x80,0xA9,0x40,0x22,0x20,0x00,0x00}},
  {0x9897, {0xFB,0xE0,0xA8,0x80,0xF9,0x00,0xAB,0xE0,0xFA,0x20,0x22,0xA0,0xFA,0xA0,0x22,0xA0,0x70,0x80,0xA9,0x40,0x22,0x20,0x00,0x00}},
  {0x9898, {0x48,0x80,0x79,0x00,0x4B,0xE0,0x7A,0x20,0x02,0xA0,0xFE,0xA0,0x12,0xA0,0x59,0x40,0x52,0x20,0x50,0x00,0xBF,0xE0,0x00,0x00}},
  {0x989C, {0x7C,0x80,0x29,0x00,0x13,0xE0,0x7E,0x20,0x4A,0xA0,0x72,0xA0,0x4A,0xA0,0x72,0xA0,0x44,0x80,0x49,0x40,0xB2,0x20,0x00,0x00}},
  {0x989D, {0xFC,0x80,0xA5,0x00,0x7B,0xE0,0xCA,0x20,0x32,0xA0,0x4A,0xA0,0x86,0xA0,0x7A,0xA0,0x48,0x80,0x79,0x40,0x4A,0x20,0x00,0x00}},
  {0x98A0, {0x7B,0xE0,0x10,0x80,0x79,0x00,0x4B,0xE0,0x7A,0x20,0x4A,0xA0,0x7A,0xA0,0x4A,0xA0,0xFC,0x80,0x49,0x40,0x86,0x20,0x00,0x00}},
  {0x98A4, {0xFB,0xE0,0x00,0x80,0xF9,0x00,0xAB,0xE0,0xBA,0x20,0x8A,0xA0,0xFA,0xA0,0x52,0xA0,0x70,0x80,0x51,0x40,0xFA,0x20,0x00,0x00}},
  {0x98CE, {0x7F,0x80,0x40,0x80,0x42,0x80,0x62,0x80,0x54,0x80,0x48,0x80,0x48,0x80,0x54,0xA0,0x62,0xA0,0x40,0x60,0x80,0x20,0x00,0x00}},
  {0x98D2, {0x4F,0xC0,0x08,0x40,0xEC,0x40,0x0A,0xC0,0xA9,0x40,0xA9,0x40,0xAA,0xC0,0x4C,0x40,0x28,0x40,0xC8,0x60,0x10,0x20,0x00,0x00}},
  {0x98D8, {0x27,0xC0,0xFC,0x40,0xAC,0x40,0xFE,0xC0,0x05,0x40,0x75,0x40,0x05,0x40,0xFE,0xC0,0x24,0x40,0xAC,0x60,0x68,0x20,0x00,0x00}},
  {0x98DE, {0xFE,0x00,0x02,0x40,0x02,0x80,0x03,0x00,0x02,0x80,0x02,0x40,0x01,0x00,0x01,0x20,0x00,0xA0,0x00,0x60,0x00,0x20,0x00,0x00}},
  {0x98DF, {0x0A,0x00,0x31,0x80,0xC4,0x60,0x3F,0x80,0x20,0x80,0x3F,0x80,0x20,0x80,0x3F,0xA0,0x22,0x40,0x29,0x80,0x30,0x40,0x00,0x00}},
  {0x9910, {0x50,0x40,0x7D,0x40,0xA8,0x80,0x35,0x40,0xCA,0x20,0x35,0x80,0xFF,0xE0,0x24,0x80,0x3F,0xA0,0x21,0x40,0x30,0xE0,0x00,0x00}},
  {0x9965, {0x47,0x80,0x74,0x80,0x94,0x80,0x24,0x80,0x44,0x80,0x44,0x80,0x44,0x80,0x54,0x80,0x64,0xA0,0x48,0xA0,0x10,0x60,0x00,0x00}},
  {0x996D, {0x47,0x80,0x74,0x00,0x94,0x00,0x27,0xE0,0x45,0x20,0x45,0x20,0x45,0x40,0x55,0x40,0x64,0x80,0x49,0x40,0x12,0x20,0x00,0x00}},
  {0x996E, {0x42,0x00,0x73,0xE0,0x94,0x20,0x24,0x40,0x49,0x00,0x41,0x00,0x41,0x00,0x42,0x80,0x52,0x80,0x64,0x40,0x48,0x20,0x00,0x00}},
  {0x9970, {0x42,0x00,0x67,0xE0,0xA9,0x00,0x01,0x00,0x4F,0xE0,0x49,0x20,0x49,0x20,0x49,0x20,0x49,0x60,0x61,0x00,0x41,0x00,0x00,0x00}},
  {0x9971, {0x42,0x00,0x77,0xE0,0x94,0x20,0x2F,0xA0,0x54,0xA0,0x44,0xA0,0x47,0xA0,0x44,0x60,0x54,0x00,0x64,0x20,0x43,0xE0,0x00,0x00}},
  {0x9972, {0x4F,0xE0,0x60,0x20,0xAF,0xA0,0x00,0x20,0x4F,0xA0,0x48,0xA0,0x48,0xA0,0x4F,0xA0,0x48,0x20,0x60,0x20,0x41,0xC0,0x00,0x00}},
  {0x9975, {0x4F,0xE0,0x74,0x40,0x94,0x40,0x27,0xC0,0x44,0x40,0x47,0xC0,0x44,0x40,0x54,0x60,0x6F,0xC0,0x40,0x40,0x00,0x40,0x00,0x00}},
  {0x9976, {0x43,0xC0,0x76,0x00,0x92,0xA0,0x21,0x20,0x46,0xE0,0x40,0x00,0x4F,0xE0,0x42,0x80,0x52,0x80,0x64,0xA0,0x48,0x60,0x00,0x00}},
  {0x997A, {0x41,0x00,0x77,0xE0,0x90,0x00,0x22,0x80,0x44,0x40,0x4A,0xA0,0x42,0x80,0x42,0x80,0x51,0x00,0x62,0x80,0x4C,0x60,0x00,0x00}},
  {0x997C, {0x42,0x40,0x70,0x00,0x97,0xE0,0x22,0x40,0x42,0x40,0x42,0x40,0x4F,0xE0,0x42,0x40,0x52,0x40,0x62,0x40,0x44,0x40,0x00,0x00}},
  {0x997F, {0x4C,0xC0,0x74,0xA0,0x94,0x80,0x2F,0xE0,0x44,0x80,0x46,0xA0,0x4C,0xC0,0x44,0x80,0x55,0xA0,0x66,0x60,0x4C,0x20,0x00,0x00}},
  {0x9981, {0x4F,0x00,0x72,0x20,0x99,0x40,0x24,0x00,0x41,0x00,0x4F,0xE0,0x42,0x40,0x46,0x40,0x51,0x80,0x62,0x40,0x4C,0x20,0x00,0x00}},
  {0x9985, {0x43,0xC0,0x74,0x40,0x90,0x80,0x22,0x00,0x44,0x60,0x44,0x20,0x46,0xE0,0x44,0x20,0x54,0x20,0x67,0xE0,0x44,0x20,0x00,0x00}},
  {0x9986, {0x40,0x80,0x6F,0xE0,0xA8,0x20,0x07,0xC0,0x44,0x40,0x47,0xC0,0x44,0x00,0x47,0xE0,0x44,0x20,0x67,0xE0,0x44,0x20,0x00,0x00}},
  {0x998B, {0x47,0x80,0x68,0x80,0xA7,0xC0,0x05,0x40,0x47,0xC0,0x42,0x80,0x44,0xA0,0x4B,0x60,0x40,0x80,0x66,0x00,0x41,0x80,0x00,0x00}},
  {0x998D, {0x4F,0xE0,0x72,0x80,0x97,0xC0,0x24,0x40,0x47,0xC0,0x44,0x40,0x47,0xC0,0x51,0x00,0x6F,0xE0,0x42,0x80,0x0C,0x60,0x00,0x00}},
  {0x998F, {0x4D,0xE0,0x68,0xA0,0xAA,0xA0,0x0D,0x60,0x42,0x00,0x4F,0xE0,0x49,0x20,0x4F,0xE0,0x49,0x20,0x6F,0xE0,0x48,0x20,0x00,0x00}},
  {0x9992, {0x48,0x40,0x6F,0xC0,0xA8,0x40,0x1F,0xE0,0x54,0xA0,0x5F,0xE0,0x40,0x00,0x4F,0xC0,0x44,0x40,0x63,0x80,0x5C,0x60,0x00,0x00}},
  {0x9996, {0x11,0x00,0xFF,0xE0,0x04,0x00,0x7F,0xC0,0x40,0x40,0x7F,0xC0,0x40,0x40,0x7F,0xC0,0x40,0x40,0x7F,0xC0,0x40,0x40,0x00,0x00}},
  {0x9999, {0x3C,0x00,0x04,0x00,0xFF,0xE0,0x15,0x00,0x24,0x80,0xC4,0x60,0x3F,0x80,0x20,0x80,0x3F,0x80,0x20,0x80,0x3F,0x80,0x00,0x00}},
  {0x9A6C, {0x00,0x80,0x20,0x80,0x20,0x80,0x20,0x80,0x3F,0xE0,0x00,0x20,0x00,0x20,0xFF,0xA0,0x00,0x20,0x00,0x20,0x01,0xC0,0x00,0x00}},
  {0x9A6E, {0xF1,0x00,0x11,0x00,0x57,0xE0,0x51,0x00,0x51,0x00,0x79,0x00,0x0A,0x80,0x2A,0x80,0xCA,0x80,0x0A,0x40,0x34,0x20,0x00,0x00}},
  {0x9A6F, {0xF2,0xA0,0x12,0xA0,0x52,0xA0,0x52,0xA0,0x52,0xA0,0x7A,0xA0,0x0A,0xA0,0x2A,0xA0,0xCA,0xA0,0x0A,0xA0,0x34,0x20,0x00,0x00}},
  {0x9A70, {0xF0,0x80,0x12,0xA0,0x52,0xE0,0x53,0xA0,0x56,0xA0,0x7A,0xA0,0x0A,0xE0,0x2A,0x80,0xCA,0x20,0x0A,0x20,0x31,0xE0,0x00,0x00}},
  {0x9A71, {0xE7,0xE0,0x24,0x00,0xA6,0x40,0xA5,0x40,0xA5,0x40,0xF4,0x80,0x14,0x80,0x35,0x40,0xD6,0x40,0x14,0x00,0x67,0xE0,0x00,0x00}},
  {0x9A73, {0xF1,0x40,0x10,0x80,0x51,0x40,0x52,0x20,0x50,0x00,0x7A,0x20,0x0A,0x20,0x29,0x40,0xC8,0x80,0x09,0x40,0x36,0x20,0x00,0x00}},
  {0x9A74, {0xF0,0x80,0x13,0xE0,0x52,0x20,0x52,0x20,0x52,0x20,0x7B,0xE0,0x0A,0x20,0x2A,0x00,0xCA,0x00,0x0A,0x00,0x34,0x00,0x00,0x00}},
  {0x9A76, {0xF0,0x80,0x13,0xE0,0x52,0xA0,0x52,0xA0,0x52,0xA0,0x7B,0xE0,0x0C,0x80,0x2A,0x80,0xC9,0x00,0x0A,0x80,0x34,0x60,0x00,0x00}},
  {0x9A79, {0xF1,0x00,0x11,0xE0,0x52,0x20,0x54,0x20,0x53,0xA0,0x7A,0xA0,0x0A,0xA0,0x2B,0xA0,0xCA,0x20,0x08,0x20,0x30,0xC0,0x00,0x00}},
  {0x9A7B, {0xF0,0x80,0x10,0x00,0x57,0xE0,0x50,0x80,0x50,0x80,0x78,0x80,0x0B,0xE0,0x28,0x80,0xC8,0x80,0x08,0x80,0x37,0xE0,0x00,0x00}},
  {0x9A7C, {0xF0,0x80,0x17,0xE0,0x54,0x20,0x50,0x00,0x52,0x20,0x7A,0x40,0x0A,0x80,0x2B,0x00,0xCA,0x20,0x0A,0x20,0x31,0xE0,0x00,0x00}},
  {0x9A7E, {0xFD,0xE0,0x25,0x20,0x45,0x20,0x99,0xE0,0x00,0x00,0x7F,0x80,0x20,0x80,0x3F,0xE0,0x00,0x20,0xFE,0x20,0x00,0xC0,0x00,0x00}},
  {0x9A82, {0x4A,0x40,0x7B,0xC0,0x00,0x00,0x7F,0x80,0x00,0x80,0x20,0x80,0x3F,0xE0,0x00,0x20,0xFF,0x20,0x00,0x20,0x00,0xC0,0x00,0x00}},
  {0x9A84, {0xF7,0x00,0x11,0x00,0x57,0xE0,0x52,0x80,0x54,0x40,0x78,0x20,0x0A,0x40,0x2A,0x40,0xCA,0x40,0x0A,0x40,0x34,0x40,0x00,0x00}},
  {0x9A86, {0xF3,0xC0,0x14,0x40,0x52,0x40,0x51,0x80,0x52,0x40,0x7C,0x20,0x0B,0xC0,0x2A,0x40,0xCA,0x40,0x0B,0xC0,0x32,0x40,0x00,0x00}},
  {0x9A87, {0xF0,0x80,0x17,0xE0,0x51,0x00,0x52,0x20,0x57,0xC0,0x78,0x80,0x09,0x20,0x2E,0x40,0xC8,0x80,0x09,0x40,0x36,0x20,0x00,0x00}},
  {0x9A8C, {0xE1,0x00,0x22,0x80,0xA4,0x40,0xA8,0x20,0xA7,0xC0,0xF0,0x00,0x12,0x40,0x39,0x40,0xD5,0x40,0x14,0x80,0x6F,0xE0,0x00,0x00}},
  {0x9A8F, {0xE4,0x40,0x2F,0xE0,0xA0,0x20,0xA4,0x40,0xAA,0x20,0xF3,0xC0,0x14,0x40,0x3A,0x80,0xD1,0x00,0x12,0x80,0x6C,0x60,0x00,0x00}},
  {0x9A91, {0xE7,0xC0,0x22,0x80,0xA4,0x40,0xAF,0xE0,0xA0,0x40,0xF7,0x40,0x15,0x40,0x35,0x40,0xD7,0x40,0x14,0x40,0x60,0xC0,0x00,0x00}},
  {0x9A97, {0xEF,0xE0,0x28,0x20,0xAF,0xE0,0xA8,0x00,0x8F,0xE0,0xEA,0xA0,0x3A,0xA0,0x6F,0xE0,0xAA,0xA0,0x2A,0xA0,0xC8,0x60,0x00,0x00}},
  {0x9A9A, {0xEF,0xE0,0x25,0x20,0xA4,0x40,0xA3,0x80,0xAC,0x60,0xF1,0x00,0x17,0xC0,0x35,0x40,0xD7,0xC0,0x11,0x20,0x6F,0xE0,0x00,0x00}},
  {0x9AA1, {0x24,0xA0,0xA7,0xE0,0xA4,0xA0,0xA7,0xE0,0xF2,0x40,0x17,0x80,0x31,0x20,0xD7,0xE0,0x11,0x00,0x15,0x40,0x6B,0x20,0x00,0x00}},
  {0x9AA4, {0x25,0x60,0xA7,0x20,0xA5,0xA0,0xAF,0x40,0xF1,0xA0,0x1F,0x00,0x35,0xA0,0xD9,0x40,0x13,0x40,0x15,0x20,0x69,0x00,0x00,0x00}},
  {0x9AA8, {0x20,0x80,0x3E,0x80,0x22,0x80,0xFF,0xE0,0x80,0x20,0x3F,0x80,0x20,0x80,0x3F,0x80,0x20,0x80,0x3F,0x80,0x21,0x80,0x00,0x00}},
  {0x9AD3, {0x53,0xE0,0x51,0x00,0xFB,0xE0,0x8C,0x80,0x73,0xE0,0x5D,0x20,0x75,0xE0,0x55,0x20,0x75,0x60,0x54,0x00,0x5B,0xE0,0x00,0x00}},
  {0x9AD8, {0xFF,0xE0,0x00,0x00,0x3F,0x80,0x20,0x80,0x3F,0x80,0x00,0x00,0xFF,0xE0,0x80,0x20,0x9F,0x20,0x91,0x20,0x9F,0x60,0x00,0x00}},
  {0x9B13, {0x50,0x80,0xFD,0x20,0x48,0x40,0xFC,0x80,0x04,0x00,0x7F,0xC0,0x50,0x40,0x1F,0x80,0x11,0x00,0xFF,0xE0,0x20,0x80,0x00,0x00}},
  {0x9B3C, {0x08,0x00,0x7F,0xC0,0x44,0x40,0x7F,0xC0,0x44,0x40,0x7F,0xC0,0x08,0x80,0x0D,0x40,0x17,0xC0,0x24,0x20,0xC3,0xE0,0x00,0x00}},
  {0x9B41, {0x42,0x40,0xF9,0x40,0xA8,0x40,0xFA,0x40,0xA9,0x60,0xFB,0xC0,0x28,0x40,0x54,0x40,0x5C,0x40,0x50,0x20,0x8F,0xE0,0x00,0x00}},
  {0x9B42, {0xEF,0xC0,0x09,0x40,0x0F,0xC0,0xEA,0x40,0x4F,0xC0,0x42,0x80,0x84,0x80,0xA7,0x40,0xEB,0xC0,0x2A,0x20,0x11,0xE0,0x00,0x00}},
  {0x9B44, {0x42,0x00,0xEF,0xC0,0xA9,0x40,0xAF,0xC0,0xEA,0x40,0xAF,0xC0,0xA2,0x80,0xA5,0x40,0xE5,0xC0,0x89,0x20,0x10,0xE0,0x00,0x00}},
  {0x9B4F, {0xE2,0x00,0x27,0xC0,0xFD,0x40,0x77,0xC0,0xAD,0x40,0x27,0xC0,0xFA,0x80,0x4B,0x40,0xD5,0xC0,0x35,0x20,0xC8,0xE0,0x00,0x00}},
  {0x9B54, {0x7F,0xE0,0x48,0x80,0x7D,0xE0,0x6A,0xA0,0x5F,0xC0,0x52,0x40,0x5F,0xC0,0x54,0x40,0x5F,0xC0,0x4A,0xA0,0xB1,0xE0,0x00,0x00}},
  {0x9C7C, {0x3F,0x00,0x41,0x00,0xFF,0xC0,0x44,0x40,0x44,0x40,0x7F,0xC0,0x44,0x40,0x44,0x40,0x7F,0xC0,0x00,0x00,0xFF,0xE0,0x00,0x00}},
  {0x9C81, {0x3F,0x00,0x41,0x00,0xFF,0xC0,0x44,0x40,0x7F,0xC0,0x44,0x40,0xFF,0xE0,0x20,0x80,0x3F,0x80,0x20,0x80,0x3F,0x80,0x00,0x00}},
  {0x9C9C, {0x71,0x40,0x93,0xE0,0x20,0x80,0xF8,0x80,0xAB,0xE0,0xF8,0x80,0xA8,0x80,0xFB,0xE0,0x00,0x80,0x38,0x80,0xC0,0x80,0x00,0x00}},
  {0x9CA4, {0x72,0xA0,0x92,0xA0,0x23,0xE0,0xFA,0xA0,0xAA,0xA0,0xFB,0xE0,0xA8,0x80,0xFB,0xE0,0x00,0x80,0x38,0x80,0xC7,0xE0,0x00,0x00}},
  {0x9CAB, {0x7E,0xE0,0x9A,0xA0,0x2A,0xA0,0xFE,0xA0,0xAA,0xA0,0xFA,0xA0,0xAE,0xA0,0xF8,0xE0,0x0A,0x80,0x3D,0x80,0xC8,0x80,0x00,0x00}},
  {0x9CB8, {0x70,0x80,0x97,0xE0,0x20,0x00,0xFB,0xE0,0xAA,0x20,0xFA,0x20,0xAB,0xE0,0xF8,0x80,0x02,0xC0,0x34,0xA0,0xC1,0x80,0x00,0x00}},
  {0x9CC4, {0x7A,0xA0,0x9E,0xE0,0x20,0x00,0xFB,0xC0,0xA8,0x00,0xFF,0xE0,0xAA,0x00,0xFB,0xC0,0x00,0x40,0x38,0x40,0xC1,0x80,0x00,0x00}},
  {0x9CCD, {0x77,0xA0,0x91,0x40,0x27,0xE0,0xF9,0x40,0xAB,0xA0,0xFC,0xE0,0xAB,0xC0,0xFA,0x40,0x03,0xC0,0x3A,0x40,0xC3,0xC0,0x00,0x00}},
  {0x9CD6, {0x29,0xE0,0xFF,0x40,0xB4,0x80,0xED,0x40,0xBF,0x20,0x22,0x00,0x7F,0x80,0x24,0x80,0x3F,0x80,0x24,0x80,0xFF,0xE0,0x00,0x00}},
  {0x9CDE, {0x75,0x40,0x9F,0xE0,0x25,0x40,0xF9,0x20,0xA4,0x40,0xF6,0xE0,0xAA,0x40,0xFB,0x40,0x05,0xE0,0x34,0x40,0xC8,0x40,0x00,0x00}},
  {0x9E1F, {0x3F,0x80,0x20,0x80,0x28,0x80,0x25,0x80,0x20,0x00,0x3F,0xE0,0x00,0x20,0x00,0x20,0xFF,0xA0,0x00,0x20,0x01,0xC0,0x00,0x00}},
  {0x9E20, {0x43,0xC0,0x42,0x40,0xF3,0x40,0x52,0x40,0x52,0xC0,0x52,0x00,0x53,0xE0,0x50,0x20,0x5B,0xA0,0x50,0x20,0x80,0xC0,0x00,0x00}},
  {0x9E21, {0xF7,0xC0,0x14,0x40,0x95,0x40,0x54,0xC0,0x54,0x00,0x27,0xE0,0x20,0x20,0x50,0x20,0x5F,0xA0,0x90,0x20,0x00,0xC0,0x00,0x00}},
  {0x9E23, {0xF7,0xC0,0x94,0x40,0x95,0x40,0x94,0xC0,0x94,0x00,0x97,0xE0,0x90,0x20,0xF0,0x20,0x9F,0xA0,0x00,0x20,0x00,0xC0,0x00,0x00}},
  {0x9E25, {0xFB,0xC0,0x82,0x40,0xAB,0x40,0xAA,0x40,0x92,0xC0,0x92,0x00,0xAB,0xE0,0xA8,0x20,0x83,0xA0,0xF8,0x20,0x00,0xC0,0x00,0x00}},
  {0x9E26, {0xFB,0xC0,0x12,0x40,0x53,0x40,0x92,0x40,0xFA,0xC0,0x32,0x00,0x53,0xE0,0x50,0x20,0x97,0xA0,0x10,0x20,0x30,0xC0,0x00,0x00}},
  {0x9E2D, {0xFB,0xC0,0xAA,0x40,0xAB,0x40,0xFA,0x40,0xAA,0xC0,0xAA,0x00,0xFB,0xE0,0xA8,0x20,0x27,0xA0,0x20,0x20,0x20,0xC0,0x00,0x00}},
  {0x9E2F, {0x7F,0xC0,0x44,0x40,0xFF,0xE0,0x11,0x00,0xE8,0xE0,0x3F,0x80,0x28,0x80,0x25,0x80,0x3F,0xE0,0x00,0x20,0xFE,0xC0,0x00,0x00}},
  {0x9E33, {0x7A,0x40,0x8A,0xC0,0x52,0x20,0x29,0xE0,0x7F,0x80,0xA8,0x80,0x25,0x80,0x3F,0xE0,0x00,0x20,0xFF,0x20,0x00,0x60,0x00,0x00}},
  {0x9E35, {0xF0,0x80,0x97,0xE0,0xD4,0x20,0xB0,0x00,0x82,0x20,0xFA,0x40,0x0A,0x80,0x2B,0x00,0xCA,0x20,0x0A,0x20,0x31,0xE0,0x00,0x00}},
  {0x9E3D, {0x13,0xC0,0x2A,0x40,0x47,0x40,0x82,0x40,0x7A,0xC0,0x02,0x00,0x7B,0xE0,0x48,0x20,0x4B,0xA0,0x78,0x20,0x48,0xC0,0x00,0x00}},
  {0x9E3F, {0xBB,0xC0,0x52,0x40,0x13,0x40,0x12,0x40,0x92,0xC0,0x52,0x00,0x13,0xE0,0x10,0x20,0x5B,0xA0,0xB0,0x20,0x00,0xC0,0x00,0x00}},
  {0x9E43, {0xFB,0xC0,0x8A,0x40,0xFB,0x40,0x02,0x40,0xFA,0xC0,0x8A,0x00,0xFB,0xE0,0x88,0x20,0xFB,0xA0,0x88,0x20,0x98,0xC0,0x00,0x00}},
  {0x9E45, {0xD9,0xE0,0x55,0x20,0x51,0xA0,0xFD,0x20,0x51,0x60,0x75,0x00,0xD9,0xE0,0x50,0x20,0x55,0xE0,0x6C,0x20,0xC4,0xC0,0x00,0x00}},
  {0x9E49, {0x6D,0xE0,0x0B,0x20,0x09,0xA0,0xFF,0x20,0x29,0x60,0x29,0x00,0xB9,0xE0,0xA8,0x20,0xAB,0xE0,0xB6,0x20,0xC2,0xC0,0x00,0x00}},
  {0x9E4A, {0x29,0xE0,0x7D,0x20,0x29,0xA0,0xFF,0x20,0x01,0x60,0x7D,0x00,0x45,0xE0,0x7C,0x20,0x45,0xE0,0x7C,0x20,0x44,0xC0,0x00,0x00}},
  {0x9E4F, {0xEE,0xE0,0xAA,0xA0,0xAA,0xE0,0xEE,0xA0,0xAA,0xC0,0xAA,0x80,0xEE,0xE0,0xAA,0x20,0xAA,0xE0,0xAA,0x20,0x76,0xC0,0x00,0x00}},
  {0x9E64, {0xFD,0xE0,0xA5,0x20,0x51,0xA0,0x7D,0x20,0xD1,0x60,0x7D,0x00,0x51,0xE0,0x7C,0x20,0x51,0xE0,0x7C,0x20,0x40,0xC0,0x00,0x00}},
  {0x9E66, {0xAA,0xE0,0xAA,0xA0,0xAA,0xE0,0x44,0xA0,0xAA,0xC0,0x10,0x80,0xFE,0xE0,0x24,0x20,0x64,0xE0,0x18,0x20,0xE6,0xC0,0x00,0x00}},
  {0x9E70, {0x7F,0xE0,0x4A,0x80,0x57,0xE0,0x5C,0x80,0x77,0xE0,0x54,0x80,0x5F,0xE0,0x52,0x40,0x5F,0xE0,0x80,0x20,0x3F,0x60,0x00,0x00}},
  {0x9E7F, {0x7F,0xE0,0x49,0x00,0x7F,0xE0,0x49,0x20,0x7F,0xE0,0x40,0x00,0x51,0x20,0x5D,0x40,0x51,0x80,0x55,0x20,0x98,0xE0,0x00,0x00}},
  {0x9EA6, {0x7F,0xC0,0x04,0x00,0x3F,0x80,0x04,0x00,0xFF,0xE0,0x10,0x00,0x1F,0x80,0x20,0x80,0x51,0x00,0x0E,0x00,0xF1,0xE0,0x00,0x00}},
  {0x9EB8, {0xF1,0x00,0x21,0x00,0x77,0xC0,0x21,0x00,0xF1,0x00,0x4F,0xE0,0x71,0x00,0xD2,0x80,0x22,0x80,0x54,0x40,0x88,0x20,0x00,0x00}},
  {0x9EBB, {0x02,0x00,0x7F,0xE0,0x48,0x80,0x48,0x80,0x7F,0xE0,0x48,0x80,0x5D,0xC0,0x6A,0xA0,0x48,0x80,0x48,0x80,0x88,0x80,0x00,0x00}},
  {0x9EC4, {0x7F,0xC0,0x11,0x00,0xFF,0xE0,0x04,0x00,0x7F,0xC0,0x44,0x40,0x7F,0xC0,0x44,0x40,0x7F,0xC0,0x20,0x80,0x40,0x40,0x00,0x00}},
  {0x9ECD, {0x3C,0x00,0x04,0x00,0xFF,0xE0,0x24,0x80,0x4A,0x40,0x31,0x80,0xC4,0x60,0x24,0x80,0x15,0x00,0x24,0x80,0x4C,0x40,0x00,0x00}},
  {0x9ECE, {0x13,0xE0,0xFC,0xA0,0x38,0xA0,0x55,0x20,0x9A,0x60,0x31,0x80,0xC4,0x60,0x24,0x80,0x15,0x00,0x24,0x80,0x4C,0x40,0x00,0x00}},
  {0x9ED1, {0x44,0x40,0x55,0x40,0x44,0x40,0x7F,0xC0,0x04,0x00,0x7F,0xC0,0x04,0x00,0xFF,0xE0,0x00,0x00,0x52,0x40,0x89,0x20,0x00,0x00}},
  {0x9ED4, {0x94,0x80,0xDD,0x40,0x95,0x40,0xFE,0x20,0x14,0x80,0xFC,0x00,0x13,0xE0,0x1C,0x20,0xE0,0x40,0x54,0x40,0xAA,0x80,0x00,0x00}},
  {0x9ED8, {0x94,0xC0,0xDC,0xA0,0x94,0x80,0xFD,0xE0,0x10,0x80,0xFC,0x80,0x10,0x80,0x1D,0x40,0xE1,0x40,0x55,0x40,0xAA,0x20,0x00,0x00}},
  {0x9F0E, {0x20,0x80,0x3F,0x80,0xA0,0xA0,0xBF,0xA0,0xA0,0xA0,0xFF,0xE0,0x0A,0x00,0xFB,0xE0,0x4A,0x20,0x4A,0x20,0x8A,0x20,0x00,0x00}},
  {0x9F13, {0xFC,0x80,0x13,0xE0,0x7C,0x80,0x00,0x80,0x7F,0xC0,0x45,0x40,0x7D,0x40,0x45,0x40,0x28,0x80,0x1D,0x40,0xE2,0x20,0x00,0x00}},
  {0x9F20, {0x73,0xC0,0x40,0x40,0x7B,0xC0,0x40,0x40,0x7F,0xC0,0x44,0x80,0x66,0x80,0x44,0x80,0x66,0xA0,0x44,0x60,0x66,0x20,0x00,0x00}},
  {0x9F3B, {0x3F,0x80,0x20,0x80,0x3F,0x80,0x20,0x80,0x7F,0xC0,0x44,0x40,0x7F,0xC0,0x44,0x40,0xFF,0xE0,0x20,0x80,0x40,0x80,0x00,0x00}},
  {0x9F50, {0x02,0x00,0xFF,0xE0,0x20,0x80,0x11,0x00,0x0E,0x00,0x31,0x80,0xD1,0x60,0x11,0x00,0x11,0x00,0x21,0x00,0x41,0x00,0x00,0x00}},
  {0x9F7F, {0x24,0x00,0x27,0xC0,0x24,0x00,0x24,0x00,0xFF,0xE0,0x00,0x00,0x44,0x40,0x44,0x40,0x4A,0x40,0x51,0x40,0x7F,0xC0,0x00,0x00}},
  {0x9F84, {0xB9,0x00,0xA2,0x80,0xA2,0x40,0xFD,0x20,0x00,0x80,0xAB,0xC0,0xA8,0x40,0xD8,0x80,0x8A,0x80,0xF9,0x00,0x08,0x80,0x00,0x00}},
  {0x9F99, {0x08,0x80,0x08,0x00,0xFF,0xE0,0x0A,0x00,0x12,0x00,0x12,0x40,0x12,0x80,0x23,0x00,0x22,0x20,0x46,0x20,0x89,0xE0,0x00,0x00}},
  {0x9F9F, {0x1F,0x00,0x21,0x00,0x42,0x00,0xFF,0xC0,0x44,0x40,0x7F,0xC0,0x44,0x40,0x7F,0xC0,0x44,0x00,0x04,0x20,0x03,0xE0,0x00,0x00}},
};
const int font_cn_count = 3499;
